Protocollo;Gruppo;DataOraIncidente;Localizzazione1;STRADA1;Localizzazione2;STRADA2;Strada02;Chilometrica;DaSpecificare;NaturaIncidente;particolaritastrade;TipoStrada;FondoStradale;Pavimentazione;Segnaletica;CondizioneAtmosferica;Traffico;Visibilita;Illuminazione;NUM_FERITI;NUM_RISERVATA;NUM_MORTI;NUM_ILLESI;Longitudine;Latitudine;Confermato;Progressivo;TipoVeicolo;StatoVeicolo;TipoPersona;Sesso;Tipolesione;Deceduto;DecedutoDopo;CinturaCascoUtilizzato;Airbag;
4061253;6;27/11/2018 03:00:00;Strada Urbana;VIA CASILINA;da specificare;;;;alt. VIA DI VILLA SERVENTI ;Tamponamento;Rettilineo;Più di due carreggiate;Asciutto;Asfaltata;Orizzontale;Sereno;Scarso;Sufficiente;Sufficiente;1;0;0;1;12.5301;41.8848;-1;1;Motociclo a solo;In marcia / fermata / arresto;Conducente;M;Ricoverato;0;NON DECEDUTO;;
4061253;6;27/11/2018 03:00:00;Strada Urbana;VIA CASILINA;da specificare;;;;alt. VIA DI VILLA SERVENTI ;Tamponamento;Rettilineo;Più di due carreggiate;Asciutto;Asfaltata;Orizzontale;Sereno;Scarso;Sufficiente;Sufficiente;1;0;0;1;12.5301;41.8848;-1;2;Autocarro inferiore 35 q.;In marcia / fermata / arresto;Conducente;M;Illeso;0;;Non accertato;Inesploso
4064491;19;13/11/2018 07:45:00;Strada Urbana;VIA TRIONFALE;in prossimità;;del civico n.;8891;;Scontro frontale/laterale SX fra veicoli in marcia;Rettilineo;Una carreggiata a senso unico di marcia;Asciutto;Asfaltata;Verticale ed orizzontale;Sereno;Intenso;Buona;Ore Diurne;0;0;0;2;12.4213;41.9408;-1;1;Autovettura privata;In marcia / fermata / arresto;Conducente;M;Illeso;0;;Non accertato;Inesploso
4064491;19;13/11/2018 07:45:00;Strada Urbana;VIA TRIONFALE;in prossimità;;del civico n.;8891;;Scontro frontale/laterale SX fra veicoli in marcia;Rettilineo;Una carreggiata a senso unico di marcia;Asciutto;Asfaltata;Verticale ed orizzontale;Sereno;Intenso;Buona;Ore Diurne;0;0;0;2;12.4213;41.9408;-1;2;Motociclo a solo;In marcia / fermata / arresto;Conducente;M;Illeso;0;;Non accertato;
4067541;6;01/11/2018 01:50:00;Strada Urbana;VIA DEGLI ANGELI;all'intersezione con;VIA DEI CICERI;VIA DEI CICERI;;;Scontro frontale/laterale SX fra veicoli in marcia;Intersezione stradale segnalata;Una carreggiata a doppio senso;Bagnato (umidità in atto);Asfaltata;Verticale ed orizzontale;Nuvoloso;Scarso;Sufficiente;Sufficiente;0;0;0;2;12.5474;41.8725;-1;1;Autovettura privata;In marcia / fermata / arresto;Conducente;M;Illeso;0;;;
4067541;6;01/11/2018 01:50:00;Strada Urbana;VIA DEGLI ANGELI;all'intersezione con;VIA DEI CICERI;VIA DEI CICERI;;;Scontro frontale/laterale SX fra veicoli in marcia;Intersezione stradale segnalata;Una carreggiata a doppio senso;Bagnato (umidità in atto);Asfaltata;Verticale ed orizzontale;Nuvoloso;Scarso;Sufficiente;Sufficiente;0;0;0;2;12.5474;41.8725;-1;2;Autovettura privata;In marcia / fermata / arresto;Conducente;M;Illeso;0;;;
4067576;6;01/11/2018 05:00:00;Strada Urbana;VIA DELL'ALMONE;in prossimità;;del civico n.;18;;Scontro frontale fra veicoli in marcia;Rettilineo;Una carreggiata a doppio senso;Bagnato (pioggia);Asfaltata;Assente;Pioggia in atto;Scarso;Sufficiente;Sufficiente;4;0;0;0;12.5315;41.8564;-1;1;Autovettura privata;In marcia / fermata / arresto;Conducente;M;Ricoverato;0;NON DECEDUTO;;
4067576;6;01/11/2018 05:00:00;Strada Urbana;VIA DELL'ALMONE;in prossimità;;del civico n.;18;;Scontro frontale fra veicoli in marcia;Rettilineo;Una carreggiata a doppio senso;Bagnato (pioggia);Asfaltata;Assente;Pioggia in atto;Scarso;Sufficiente;Sufficiente;4;0;0;0;12.5315;41.8564;-1;2;Autovettura privata;In marcia / fermata / arresto;Conducente;M;Ricoverato;0;NON DECEDUTO;;
4067576;6;01/11/2018 05:00:00;Strada Urbana;VIA DELL'ALMONE;in prossimità;;del civico n.;18;;Scontro frontale fra veicoli in marcia;Rettilineo;Una carreggiata a doppio senso;Bagnato (pioggia);Asfaltata;Assente;Pioggia in atto;Scarso;Sufficiente;Sufficiente;4;0;0;0;12.5315;41.8564;-1;2;Autovettura privata;In marcia / fermata / arresto;Passeggero;F;Ricoverato;0;NON DECEDUTO;;
4067576;6;01/11/2018 05:00:00;Strada Urbana;VIA DELL'ALMONE;in prossimità;;del civico n.;18;;Scontro frontale fra veicoli in marcia;Rettilineo;Una carreggiata a doppio senso;Bagnato (pioggia);Asfaltata;Assente;Pioggia in atto;Scarso;Sufficiente;Sufficiente;4;0;0;0;12.5315;41.8564;-1;2;Autovettura privata;In marcia / fermata / arresto;Passeggero;M;Ricoverato;0;NON DECEDUTO;;
4067601;13;01/11/2018 08:15:00;Strada Urbana;VIA DOMENICO BAFFIGO;all'intersezione con;VIALE DEL SOMMERGIBILE;VIALE DEL SOMMERGIBILE;;;Scontro frontale/laterale DX fra veicoli in marcia;Intersezione stradale segnalata;Due carreggiate;Bagnato (pioggia);Asfaltata;Verticale;Nuvoloso;Normale;Buona;Ore Diurne;1;0;0;2;12.2773;41.7388;-1;1;Autovettura privata;In marcia / fermata / arresto;Conducente;F;Illeso;0;;Non accertato;Inesploso
4067601;13;01/11/2018 08:15:00;Strada Urbana;VIA DOMENICO BAFFIGO;all'intersezione con;VIALE DEL SOMMERGIBILE;VIALE DEL SOMMERGIBILE;;;Scontro frontale/laterale DX fra veicoli in marcia;Intersezione stradale segnalata;Due carreggiate;Bagnato (pioggia);Asfaltata;Verticale;Nuvoloso;Normale;Buona;Ore Diurne;1;0;0;2;12.2773;41.7388;-1;2;Autovettura privata;In marcia / fermata / arresto;Conducente;M;Illeso;0;;Non accertato;Inesploso
4067601;13;01/11/2018 08:15:00;Strada Urbana;VIA DOMENICO BAFFIGO;all'intersezione con;VIALE DEL SOMMERGIBILE;VIALE DEL SOMMERGIBILE;;;Scontro frontale/laterale DX fra veicoli in marcia;Intersezione stradale segnalata;Due carreggiate;Bagnato (pioggia);Asfaltata;Verticale;Nuvoloso;Normale;Buona;Ore Diurne;1;0;0;2;12.2773;41.7388;-1;2;Autovettura privata;In marcia / fermata / arresto;Passeggero;F;Rimandato;0;NON DECEDUTO;Non accertato;Inesploso
4067774;17;01/11/2018 09:56:00;Strada Urbana;VIA TRIONFALE;all'intersezione con;VIA TOMMASO CAMPANELLA;VIA TOMMASO CAMPANELLA;;;Scontro frontale/laterale DX fra veicoli in marcia;Intersezione stradale segnalata;Una carreggiata a senso unico di marcia;Bagnato (pioggia);Asfaltata;Verticale ed orizzontale;Nuvoloso;Scarso;Buona;Ore Diurne;1;0;0;2;12.4539;41.9111;-1;1;Autovettura pubblica;In marcia / fermata / arresto;Conducente;F;Illeso;0;;Non accertato;
4067774;17;01/11/2018 09:56:00;Strada Urbana;VIA TRIONFALE;all'intersezione con;VIA TOMMASO CAMPANELLA;VIA TOMMASO CAMPANELLA;;;Scontro frontale/laterale DX fra veicoli in marcia;Intersezione stradale segnalata;Una carreggiata a senso unico di marcia;Bagnato (pioggia);Asfaltata;Verticale ed orizzontale;Nuvoloso;Scarso;Buona;Ore Diurne;1;0;0;2;12.4539;41.9111;-1;1;Autovettura pubblica;In marcia / fermata / arresto;Passeggero;F;Illeso;0;;;
4067774;17;01/11/2018 09:56:00;Strada Urbana;VIA TRIONFALE;all'intersezione con;VIA TOMMASO CAMPANELLA;VIA TOMMASO CAMPANELLA;;;Scontro frontale/laterale DX fra veicoli in marcia;Intersezione stradale segnalata;Una carreggiata a senso unico di marcia;Bagnato (pioggia);Asfaltata;Verticale ed orizzontale;Nuvoloso;Scarso;Buona;Ore Diurne;1;0;0;2;12.4539;41.9111;-1;2;Motociclo a solo;In marcia / fermata / arresto;Conducente;M;Rifiuta cure immediate;0;NON DECEDUTO;Non accertato;
4067852;7;01/11/2018 05:55:00;Strada Urbana;VIALE DELLE GARDENIE;all'intersezione con;VIA DEGLI ELCI;VIA DEGLI ELCI;;;Scontro frontale/laterale SX fra veicoli in marcia;Incrocio;Due carreggiate;Bagnato (pioggia);Asfaltata;Verticale ed orizzontale;Pioggia in atto;Normale;Sufficiente;Sufficiente;3;0;0;0;12.5695;41.8856;-1;1;Autobus di linea;In marcia / fermata / arresto;Conducente;M;Rimandato;0;NON DECEDUTO;Non accertato;Inesploso
4067852;7;01/11/2018 05:55:00;Strada Urbana;VIALE DELLE GARDENIE;all'intersezione con;VIA DEGLI ELCI;VIA DEGLI ELCI;;;Scontro frontale/laterale SX fra veicoli in marcia;Incrocio;Due carreggiate;Bagnato (pioggia);Asfaltata;Verticale ed orizzontale;Pioggia in atto;Normale;Sufficiente;Sufficiente;3;0;0;0;12.5695;41.8856;-1;2;Autovettura privata;In marcia / fermata / arresto;Conducente;F;Rimandato;0;NON DECEDUTO;Non accertato;Inesploso
4067852;7;01/11/2018 05:55:00;Strada Urbana;VIALE DELLE GARDENIE;all'intersezione con;VIA DEGLI ELCI;VIA DEGLI ELCI;;;Scontro frontale/laterale SX fra veicoli in marcia;Incrocio;Due carreggiate;Bagnato (pioggia);Asfaltata;Verticale ed orizzontale;Pioggia in atto;Normale;Sufficiente;Sufficiente;3;0;0;0;12.5695;41.8856;-1;2;Autovettura privata;In marcia / fermata / arresto;Passeggero;M;Rimandato;0;NON DECEDUTO;Non accertato;Esploso
4068085;13;01/11/2018 09:45:00;;VIA MAR ROSSO;da specificare;;;;alt. via mar glaciale artico;Investimento di pedone;;;;;;;;;;0;0;2;0;12.2989;41.7336;0;;;;Pedone;M;Deceduto sul posto;-1;;;
4068085;13;01/11/2018 09:45:00;;VIA MAR ROSSO;da specificare;;;;alt. via mar glaciale artico;Investimento di pedone;;;;;;;;;;0;0;2;0;12.2989;41.7336;0;1;Motociclo con passeggero;In marcia / fermata / arresto;Conducente;M;Deceduto sul posto;-1;;;
4068273;20;01/11/2018 09:40:00;Strada Urbana;VIALE DI TOR DI QUINTO;da specificare;;;;in prossimità Via della Stazione di Tor di Quinto;Veicolo in marcia contro ostacolo fisso;Curva senza visuale libera;Due carreggiate;Bagnato (pioggia);Asfaltata;Verticale ed orizzontale;Nuvoloso;Scarso;Buona;Ore Diurne;0;0;0;1;12.485;41.9507;-1;1;Autovettura privata;In marcia / fermata / arresto;Conducente;F;Illeso;0;;Non accertato;Inesploso
4068294;20;01/11/2018 13:40:00;Strada Urbana;VIALE DI TOR DI QUINTO;in corrispondenza;;del civico n.;155;;Veicolo in marcia contro ostacolo fisso;Curva senza visuale libera;Una carreggiata a doppio senso;Bagnato (pioggia);Asfaltata;Verticale ed orizzontale;Pioggia in atto;Scarso;Sufficiente;Ore Diurne;0;0;0;1;12.4846;41.9494;-1;1;Autovettura privata;In marcia / fermata / arresto;Conducente;M;Illeso;0;;Non accertato;Inesploso
4068313;20;01/11/2018 13:41:00;Strada Urbana;VIALE DI TOR DI QUINTO;da specificare;;;;prossimità Via Federico Caprilli;Veicolo in marcia contro ostacolo fisso;Curva senza visuale libera;Due carreggiate;Bagnato (pioggia);Asfaltata;Verticale ed orizzontale;Pioggia in atto;Scarso;Sufficiente;Ore Diurne;0;0;0;1;12.4845;41.9495;-1;1;Autovettura privata;In marcia / fermata / arresto;Conducente;F;Illeso;0;;Non accertato;Inesploso
4068325;20;01/11/2018 04:00:00;Strada Urbana;VIALE DI TOR DI QUINTO;in prossimità;;del civico n.;119;;Veicolo in marcia contro ostacolo fisso;Curva a visuale libera;Due carreggiate;Bagnato (pioggia);Asfaltata;Verticale ed orizzontale;Nuvoloso;Scarso;Sufficiente;Sufficiente;0;0;0;4;12.4864;41.9452;-1;1;Autovettura privata;In marcia / fermata / arresto;Conducente;M;Illeso;0;;Non accertato;Inesploso
4068325;20;01/11/2018 04:00:00;Strada Urbana;VIALE DI TOR DI QUINTO;in prossimità;;del civico n.;119;;Veicolo in marcia contro ostacolo fisso;Curva a visuale libera;Due carreggiate;Bagnato (pioggia);Asfaltata;Verticale ed orizzontale;Nuvoloso;Scarso;Sufficiente;Sufficiente;0;0;0;4;12.4864;41.9452;-1;1;Autovettura privata;In marcia / fermata / arresto;Passeggero;F;Illeso;0;;Non accertato;Inesploso
4068325;20;01/11/2018 04:00:00;Strada Urbana;VIALE DI TOR DI QUINTO;in prossimità;;del civico n.;119;;Veicolo in marcia contro ostacolo fisso;Curva a visuale libera;Due carreggiate;Bagnato (pioggia);Asfaltata;Verticale ed orizzontale;Nuvoloso;Scarso;Sufficiente;Sufficiente;0;0;0;4;12.4864;41.9452;-1;1;Autovettura privata;In marcia / fermata / arresto;Passeggero;M;Illeso;0;;Non accertato;Inesploso
4068325;20;01/11/2018 04:00:00;Strada Urbana;VIALE DI TOR DI QUINTO;in prossimità;;del civico n.;119;;Veicolo in marcia contro ostacolo fisso;Curva a visuale libera;Due carreggiate;Bagnato (pioggia);Asfaltata;Verticale ed orizzontale;Nuvoloso;Scarso;Sufficiente;Sufficiente;0;0;0;4;12.4864;41.9452;-1;1;Autovettura privata;In marcia / fermata / arresto;Passeggero;F;Illeso;0;;Non accertato;Inesploso
4068761;15;01/11/2018 05:00:00;Comunale extraurbana;VIA OSTIENSE;in prossimità;;del palo luce n.;264;;Fuoriuscita dalla sede stradale;Rettilineo;Una carreggiata a doppio senso;Bagnato (pioggia);Asfaltata;Orizzontale;Pioggia in atto;Scarso;Sufficiente;Sufficiente;1;0;0;0;12.4229;41.8109;-1;1;Autovettura privata;In marcia / fermata / arresto;Conducente;M;Rimandato;0;NON DECEDUTO;Non accertato;
4068770;19;01/11/2018 22:50:00;Strada Urbana;VIA CASSIA;in prossimità;;del civico n.;1304;;Veicolo in marcia contro ostacolo fisso;Rettilineo;Una carreggiata a doppio senso;Bagnato (pioggia);Con buche;Assente;Pioggia in atto;Normale;Insufficiente;Insufficiente;0;0;0;4;12.4058;41.986;-1;1;Autovettura privata;In marcia / fermata / arresto;Conducente;M;Illeso;0;;Non accertato;Inesploso
4068770;19;01/11/2018 22:50:00;Strada Urbana;VIA CASSIA;in prossimità;;del civico n.;1304;;Veicolo in marcia contro ostacolo fisso;Rettilineo;Una carreggiata a doppio senso;Bagnato (pioggia);Con buche;Assente;Pioggia in atto;Normale;Insufficiente;Insufficiente;0;0;0;4;12.4058;41.986;-1;1;Autovettura privata;In marcia / fermata / arresto;Passeggero;F;Illeso;0;;Non accertato;Inesploso
4068770;19;01/11/2018 22:50:00;Strada Urbana;VIA CASSIA;in prossimità;;del civico n.;1304;;Veicolo in marcia contro ostacolo fisso;Rettilineo;Una carreggiata a doppio senso;Bagnato (pioggia);Con buche;Assente;Pioggia in atto;Normale;Insufficiente;Insufficiente;0;0;0;4;12.4058;41.986;-1;1;Autovettura privata;In marcia / fermata / arresto;Passeggero;M;Illeso;0;;Non accertato;Inesploso
4068770;19;01/11/2018 22:50:00;Strada Urbana;VIA CASSIA;in prossimità;;del civico n.;1304;;Veicolo in marcia contro ostacolo fisso;Rettilineo;Una carreggiata a doppio senso;Bagnato (pioggia);Con buche;Assente;Pioggia in atto;Normale;Insufficiente;Insufficiente;0;0;0;4;12.4058;41.986;-1;1;Autovettura privata;In marcia / fermata / arresto;Passeggero;F;Illeso;0;;Non accertato;Inesploso
4068772;15;01/11/2018 12:35:00;Strada Urbana;VIA PORTUENSE;in prossimità;;del civico n.;317/C;;Tamponamento;Rettilineo;Due carreggiate;Bagnato (pioggia);Asfaltata;Verticale ed orizzontale;Pioggia in atto;Scarso;Buona;Ore Diurne;0;0;0;3;12.4616;41.8661;-1;1;Autovettura privata;In marcia / fermata / arresto;Conducente;M;Illeso;0;;Utilizzato;Inesploso
4068772;15;01/11/2018 12:35:00;Strada Urbana;VIA PORTUENSE;in prossimità;;del civico n.;317/C;;Tamponamento;Rettilineo;Due carreggiate;Bagnato (pioggia);Asfaltata;Verticale ed orizzontale;Pioggia in atto;Scarso;Buona;Ore Diurne;0;0;0;3;12.4616;41.8661;-1;2;Autovettura privata;In marcia / fermata / arresto;Conducente;M;Illeso;0;;Utilizzato;Inesploso
4068772;15;01/11/2018 12:35:00;Strada Urbana;VIA PORTUENSE;in prossimità;;del civico n.;317/C;;Tamponamento;Rettilineo;Due carreggiate;Bagnato (pioggia);Asfaltata;Verticale ed orizzontale;Pioggia in atto;Scarso;Buona;Ore Diurne;0;0;0;3;12.4616;41.8661;-1;2;Autovettura privata;In marcia / fermata / arresto;Passeggero;F;Illeso;0;;Utilizzato;Inesploso
4068773;10;01/11/2018 06:35:00;Strada Urbana;VIA CAPISTRANO;da specificare;;;;fronte civico 4;Veicolo in marcia contro ostacolo fisso;Rettilineo;Una carreggiata a senso unico di marcia;Bagnato (umidità in atto);Asfaltata;Assente;Nuvoloso;Scarso;Buona;Ore Diurne;0;0;0;1;12.5863;41.8384;-1;1;Autovettura privata;In marcia / fermata / arresto;Conducente;M;Illeso;0;;Non accertato;Inesploso
4068776;19;01/11/2018 23:30:00;Strada Urbana;VIA CASSIA;in prossimità;;del civico n.;1304;;Veicolo in marcia contro ostacolo fisso;Rettilineo;Una carreggiata a doppio senso;Bagnato (pioggia);Con buche;Assente;Pioggia in atto;Normale;Insufficiente;Insufficiente;0;0;0;1;12.4058;41.986;-1;1;Autovettura privata;In marcia / fermata / arresto;Conducente;F;Illeso;0;;Non accertato;Inesploso
4068781;15;01/11/2018 12:00:00;Strada Urbana;VIA PORTUENSE;in corrispondenza;;del civico n.;819;;Veicolo in marcia contro ostacolo fisso;Rettilineo;Una carreggiata a doppio senso;Bagnato (pioggia);Asfaltata;Orizzontale;Nuvoloso;Scarso;Buona;Ore Diurne;0;0;0;4;12.4202;41.8481;-1;1;Autocaravan;In marcia / fermata / arresto;Passeggero;M;Illeso;0;;Non accertato;
4068781;15;01/11/2018 12:00:00;Strada Urbana;VIA PORTUENSE;in corrispondenza;;del civico n.;819;;Veicolo in marcia contro ostacolo fisso;Rettilineo;Una carreggiata a doppio senso;Bagnato (pioggia);Asfaltata;Orizzontale;Nuvoloso;Scarso;Buona;Ore Diurne;0;0;0;4;12.4202;41.8481;-1;1;Autocaravan;In marcia / fermata / arresto;Passeggero;M;Illeso;0;;Non accertato;
4068781;15;01/11/2018 12:00:00;Strada Urbana;VIA PORTUENSE;in corrispondenza;;del civico n.;819;;Veicolo in marcia contro ostacolo fisso;Rettilineo;Una carreggiata a doppio senso;Bagnato (pioggia);Asfaltata;Orizzontale;Nuvoloso;Scarso;Buona;Ore Diurne;0;0;0;4;12.4202;41.8481;-1;1;Autocaravan;In marcia / fermata / arresto;Conducente;M;Illeso;0;;Non accertato;Inesploso
4068781;15;01/11/2018 12:00:00;Strada Urbana;VIA PORTUENSE;in corrispondenza;;del civico n.;819;;Veicolo in marcia contro ostacolo fisso;Rettilineo;Una carreggiata a doppio senso;Bagnato (pioggia);Asfaltata;Orizzontale;Nuvoloso;Scarso;Buona;Ore Diurne;0;0;0;4;12.4202;41.8481;-1;1;Autocaravan;In marcia / fermata / arresto;Passeggero;F;Illeso;0;;Non accertato;
4068786;10;01/11/2018 10:40:00;Strada Urbana;VIA CAIO SULPICIO;in prossimità;;del civico n.;3;;Veicolo in marcia contro ostacolo accidentale;Rettilineo;Una carreggiata a senso unico di marcia;Bagnato (pioggia);Asfaltata;Assente;Nuvoloso;Scarso;Buona;Ore Diurne;0;0;0;2;12.5677;41.8547;-1;1;Autovettura privata;In marcia / fermata / arresto;Passeggero;F;Illeso;0;;Non accertato;Inesploso
4068786;10;01/11/2018 10:40:00;Strada Urbana;VIA CAIO SULPICIO;in prossimità;;del civico n.;3;;Veicolo in marcia contro ostacolo accidentale;Rettilineo;Una carreggiata a senso unico di marcia;Bagnato (pioggia);Asfaltata;Assente;Nuvoloso;Scarso;Buona;Ore Diurne;0;0;0;2;12.5677;41.8547;-1;1;Autovettura privata;In marcia / fermata / arresto;Conducente;M;Illeso;0;;Non accertato;Inesploso
4068791;19;01/11/2018 23:00:00;Strada Urbana;VIA CASSIA;in prossimità;;del civico n.;1304;;Veicolo in marcia contro ostacolo fisso;Rettilineo;Una carreggiata a doppio senso;Bagnato (pioggia);Con buche;Assente;Pioggia in atto;Normale;Insufficiente;Insufficiente;0;0;0;3;12.4058;41.986;-1;1;Autovettura privata;In marcia / fermata / arresto;Conducente;M;Illeso;0;;;
4068791;19;01/11/2018 23:00:00;Strada Urbana;VIA CASSIA;in prossimità;;del civico n.;1304;;Veicolo in marcia contro ostacolo fisso;Rettilineo;Una carreggiata a doppio senso;Bagnato (pioggia);Con buche;Assente;Pioggia in atto;Normale;Insufficiente;Insufficiente;0;0;0;3;12.4058;41.986;-1;1;Autovettura privata;In marcia / fermata / arresto;Passeggero;F;Illeso;0;;;
4068791;19;01/11/2018 23:00:00;Strada Urbana;VIA CASSIA;in prossimità;;del civico n.;1304;;Veicolo in marcia contro ostacolo fisso;Rettilineo;Una carreggiata a doppio senso;Bagnato (pioggia);Con buche;Assente;Pioggia in atto;Normale;Insufficiente;Insufficiente;0;0;0;3;12.4058;41.986;-1;1;Autovettura privata;In marcia / fermata / arresto;Passeggero;M;Illeso;0;;;
4068801;19;01/11/2018 23:45:00;Strada Urbana;VIA CASSIA;da specificare;;;;fr. via della cappelletta della giustiniana;Veicolo in marcia contro ostacolo fisso;Rettilineo;Una carreggiata a doppio senso;Bagnato (pioggia);Con buche;Assente;Pioggia in atto;Normale;Insufficiente;Insufficiente;0;0;0;1;12.4132;41.9829;-1;1;Autovettura privata;In marcia / fermata / arresto;Conducente;M;Illeso;0;;;
4068811;19;01/11/2018 10:20:00;Strada Urbana;PIAZZA DI MONTE GAUDIO;da specificare;;;;prossimità via Stresa;Scontro frontale/laterale SX fra veicoli in marcia;Rettilineo;Una carreggiata a senso unico di marcia;Bagnato (pioggia);Asfaltata;Verticale ed orizzontale;Pioggia in atto;Normale;Buona;Ore Diurne;0;0;0;4;12.4368;41.936;-1;1;Autovettura privata;In marcia / fermata / arresto;Passeggero;M;Illeso;0;;Non accertato;Inesploso
4068811;19;01/11/2018 10:20:00;Strada Urbana;PIAZZA DI MONTE GAUDIO;da specificare;;;;prossimità via Stresa;Scontro frontale/laterale SX fra veicoli in marcia;Rettilineo;Una carreggiata a senso unico di marcia;Bagnato (pioggia);Asfaltata;Verticale ed orizzontale;Pioggia in atto;Normale;Buona;Ore Diurne;0;0;0;4;12.4368;41.936;-1;1;Autovettura privata;In marcia / fermata / arresto;Passeggero;M;Illeso;0;;Non accertato;Inesploso
4068811;19;01/11/2018 10:20:00;Strada Urbana;PIAZZA DI MONTE GAUDIO;da specificare;;;;prossimità via Stresa;Scontro frontale/laterale SX fra veicoli in marcia;Rettilineo;Una carreggiata a senso unico di marcia;Bagnato (pioggia);Asfaltata;Verticale ed orizzontale;Pioggia in atto;Normale;Buona;Ore Diurne;0;0;0;4;12.4368;41.936;-1;1;Autovettura privata;In marcia / fermata / arresto;Conducente;F;Illeso;0;;Non accertato;Inesploso
4068811;19;01/11/2018 10:20:00;Strada Urbana;PIAZZA DI MONTE GAUDIO;da specificare;;;;prossimità via Stresa;Scontro frontale/laterale SX fra veicoli in marcia;Rettilineo;Una carreggiata a senso unico di marcia;Bagnato (pioggia);Asfaltata;Verticale ed orizzontale;Pioggia in atto;Normale;Buona;Ore Diurne;0;0;0;4;12.4368;41.936;-1;2;Autovettura privata;In marcia / fermata / arresto;Conducente;F;Illeso;0;;Non accertato;
4068812;6;01/11/2018 13:20:00;Strada Urbana;VIA TEANO;da specificare;;;;all'altezza di VILLA SAN STEFANO;Scontro frontale/laterale SX fra veicoli in marcia;Curva senza visuale libera;Una carreggiata a doppio senso;Bagnato (pioggia);Asfaltata;Orizzontale;Pioggia in atto;Scarso;Sufficiente;Ore Diurne;2;0;0;1;12.545;41.8902;-1;1;Autovettura privata;In marcia / fermata / arresto;Conducente;M;Illeso;0;;Non accertato;Inesploso
4068812;6;01/11/2018 13:20:00;Strada Urbana;VIA TEANO;da specificare;;;;all'altezza di VILLA SAN STEFANO;Scontro frontale/laterale SX fra veicoli in marcia;Curva senza visuale libera;Una carreggiata a doppio senso;Bagnato (pioggia);Asfaltata;Orizzontale;Pioggia in atto;Scarso;Sufficiente;Ore Diurne;2;0;0;1;12.545;41.8902;-1;1;Autovettura privata;In marcia / fermata / arresto;Passeggero;F;Rimandato;0;NON DECEDUTO;;
4068812;6;01/11/2018 13:20:00;Strada Urbana;VIA TEANO;da specificare;;;;all'altezza di VILLA SAN STEFANO;Scontro frontale/laterale SX fra veicoli in marcia;Curva senza visuale libera;Una carreggiata a doppio senso;Bagnato (pioggia);Asfaltata;Orizzontale;Pioggia in atto;Scarso;Sufficiente;Ore Diurne;2;0;0;1;12.545;41.8902;-1;2;Autovettura privata;In marcia / fermata / arresto;Conducente;F;Rimandato;0;NON DECEDUTO;;
4068813;20;01/11/2018 07:15:00;Regionale entro l'abitato;VIA CASSIA;all'intersezione con;VIA DELL'ISOLA FARNESE;VIA DELL'ISOLA FARNESE;;;Scontro frontale/laterale DX fra veicoli in marcia;Intersezione non regolata/non segnalata;Una carreggiata a doppio senso;Bagnato (pioggia);Asfaltata;Verticale ed orizzontale;Nuvoloso;Scarso;Sufficiente;Ore Diurne;0;0;0;2;12.4139;41.9827;-1;1;Autovettura privata;In marcia / fermata / arresto;Conducente;M;Illeso;0;;Non accertato;
4068813;20;01/11/2018 07:15:00;Regionale entro l'abitato;VIA CASSIA;all'intersezione con;VIA DELL'ISOLA FARNESE;VIA DELL'ISOLA FARNESE;;;Scontro frontale/laterale DX fra veicoli in marcia;Intersezione non regolata/non segnalata;Una carreggiata a doppio senso;Bagnato (pioggia);Asfaltata;Verticale ed orizzontale;Nuvoloso;Scarso;Sufficiente;Ore Diurne;0;0;0;2;12.4139;41.9827;-1;2;Autovettura privata;In marcia / fermata / arresto;Conducente;M;Illeso;0;;Non accertato;
4068825;19;01/11/2018 07:10:00;Strada Urbana;VIA FESTO AVIENO;da specificare;;;;fronte civico 244;Veicolo in marcia contro veicolo in sosta;Rettilineo;Una carreggiata a doppio senso;Bagnato (pioggia);Asfaltata;Assente;Pioggia in atto;Scarso;Buona;Ore Diurne;0;0;0;1;12.4416;41.9243;-1;1;Autovettura privata;In marcia / fermata / arresto;Conducente;F;Illeso;0;;Non accertato;Inesploso
4068826;11;01/11/2018 05:40:00;Strada Urbana;VIALE CARLO TOMMASO ODESCALCHI;da specificare;;;;fronte civico 67;Veicolo in marcia contro veicolo in sosta;Rettilineo;Due carreggiate;Bagnato (pioggia);Asfaltata;Assente;Pioggia in atto;Scarso;Buona;Sufficiente;0;0;0;1;12.5008;41.8558;-1;1;Autovettura privata;In marcia / fermata / arresto;Conducente;M;Illeso;0;;;
4068836;13;01/11/2018 13:40:00;Strada Urbana;LUNGOMARE LUTAZIO CATULO;all'intersezione semaforizzata con;VIA UGOLINO VIVALDI;VIA UGOLINO VIVALDI;;;Scontro frontale/laterale SX fra veicoli in marcia;Intersezione semaforizzata;Due carreggiate;Bagnato (pioggia);Asfaltata;Verticale ed orizzontale;Nuvoloso;Scarso;Buona;Ore Diurne;4;0;0;2;12.3129;41.7164;-1;1;Autovettura privata;In marcia / fermata / arresto;Conducente;M;Rimandato;0;NON DECEDUTO;Non accertato;Esploso