Protocollo;Gruppo;DataOraIncidente;Localizzazione1;STRADA1;Localizzazione2;STRADA2;Strada02;Chilometrica;DaSpecificare;NaturaIncidente;particolaritastrade;TipoStrada;FondoStradale;Pavimentazione;Segnaletica;CondizioneAtmosferica;Traffico;Visibilita;Illuminazione;NUM_FERITI;NUM_RISERVATA;NUM_MORTI;NUM_ILLESI;Longitudine;Latitudine;Confermato;Progressivo;TipoVeicolo;StatoVeicolo;TipoPersona;Sesso;Tipolesione;Deceduto;DecedutoDopo;CinturaCascoUtilizzato;Airbag;
4075952;1;04/11/2018 18:15:00;Strada Urbana;VIA DELLE BOTTEGHE OSCURE;in prossimità;;del civico n.;5;;Scontro laterale fra veicoli in marcia;Rettilineo;Una carreggiata a senso unico di marcia;Asciutto;Asfaltata;Verticale ed orizzontale;Nuvoloso;Intenso;Sufficiente;Sufficiente;0;0;0;5;12.4799;41.8948;-1;2;Autovettura privata;In marcia / fermata / arresto;Conducente;M;Illeso;0;;Non accertato;Inesploso
4075962;18;06/11/2018 10:40:00;Strada Urbana;VIA VIRGILIO;in corrispondenza;;del civico n.;13;;Scontro laterale fra veicoli in marcia;Rettilineo;Una carreggiata a senso unico di marcia;Bagnato (pioggia);Asfaltata;Verticale ed orizzontale;Sereno;Normale;Buona;Ore Diurne;0;0;0;2;12.4658;41.9064;-1;1;Autovettura privata;In marcia / fermata / arresto;Conducente;M;Illeso;0;;Non accertato;Inesploso
4075962;18;06/11/2018 10:40:00;Strada Urbana;VIA VIRGILIO;in corrispondenza;;del civico n.;13;;Scontro laterale fra veicoli in marcia;Rettilineo;Una carreggiata a senso unico di marcia;Bagnato (pioggia);Asfaltata;Verticale ed orizzontale;Sereno;Normale;Buona;Ore Diurne;0;0;0;2;12.4658;41.9064;-1;1;Autovettura privata;In marcia / fermata / arresto;Passeggero;F;Illeso;0;;Non accertato;Inesploso
4075968;20;06/11/2018 07:30:00;Strada Urbana;VIA FLAMINIA;all'intersezione con;VIA DI GROTTAROSSA;VIA DI GROTTAROSSA;;;Scontro laterale fra veicoli in marcia;Intersezione stradale segnalata;Due carreggiate;Bagnato (umidità in atto);Asfaltata;Verticale ed orizzontale;Nuvoloso;Intenso;Buona;Ore Diurne;0;0;0;2;12.4918;41.9705;-1;1;Autoarticolato;In marcia / fermata / arresto;Conducente;M;Illeso;0;;Non accertato;Inesploso
4075968;20;06/11/2018 07:30:00;Strada Urbana;VIA FLAMINIA;all'intersezione con;VIA DI GROTTAROSSA;VIA DI GROTTAROSSA;;;Scontro laterale fra veicoli in marcia;Intersezione stradale segnalata;Due carreggiate;Bagnato (umidità in atto);Asfaltata;Verticale ed orizzontale;Nuvoloso;Intenso;Buona;Ore Diurne;0;0;0;2;12.4918;41.9705;-1;2;Autovettura privata;In marcia / fermata / arresto;Conducente;M;Illeso;0;;Non accertato;Inesploso
4075989;1;05/11/2018 20:30:00;Strada Urbana;PIAZZA DI PORTA S. GIOVANNI;all'intersezione semaforizzata con;VIA EMANUELE FILIBERTO;VIA EMANUELE FILIBERTO;;;Scontro laterale fra veicoli in marcia;Intersezione semaforizzata;Più di due carreggiate;Bagnato (pioggia);Asfaltata;Verticale ed orizzontale;Nuvoloso;Scarso;Sufficiente;Sufficiente;0;0;0;2;12.5086;41.8866;-1;1;Autovettura privata;In marcia / fermata / arresto;Conducente;F;Illeso;0;;Non accertato;Inesploso
4075989;1;05/11/2018 20:30:00;Strada Urbana;PIAZZA DI PORTA S. GIOVANNI;all'intersezione semaforizzata con;VIA EMANUELE FILIBERTO;VIA EMANUELE FILIBERTO;;;Scontro laterale fra veicoli in marcia;Intersezione semaforizzata;Più di due carreggiate;Bagnato (pioggia);Asfaltata;Verticale ed orizzontale;Nuvoloso;Scarso;Sufficiente;Sufficiente;0;0;0;2;12.5086;41.8866;-1;2;Autobus di linea;In marcia / fermata / arresto;Conducente;M;Illeso;0;;Non accertato;Inesploso
4076003;18;06/11/2018 11:40:00;Altra strada;VIA BALDO DEGLI UBALDI;da specificare;;;;area privata civico 238;Investimento di pedone;Rettilineo;Una carreggiata a doppio senso;Asciutto;In cubetti di porfido;Assente;Nuvoloso;Scarso;Buona;Ore Diurne;1;0;0;1;12.4363;41.8999;-1;;;;Pedone;M;Rimandato;0;NON DECEDUTO;;
4076003;18;06/11/2018 11:40:00;Altra strada;VIA BALDO DEGLI UBALDI;da specificare;;;;area privata civico 238;Investimento di pedone;Rettilineo;Una carreggiata a doppio senso;Asciutto;In cubetti di porfido;Assente;Nuvoloso;Scarso;Buona;Ore Diurne;1;0;0;1;12.4363;41.8999;-1;1;Autocarro inferiore 35 q.;In marcia / fermata / arresto;Conducente;M;Illeso;0;;;
4076008;6;06/11/2018 14:10:00;Strada Urbana;VIA VERRIO FLACCO;da specificare;;;;ALTEZZA VIA DI PORTONACCIO;Infortunio per sola frenata improvvisa;Curva senza visuale libera;Una carreggiata a doppio senso;Asciutto;Asfaltata;Orizzontale;Nuvoloso;Normale;Buona;Ore Diurne;1;0;0;1;12.5426;41.8932;-1;1;Autovettura privata;In marcia / fermata / arresto;Conducente;M;Illeso;0;;Non accertato;Inesploso
4076008;6;06/11/2018 14:10:00;Strada Urbana;VIA VERRIO FLACCO;da specificare;;;;ALTEZZA VIA DI PORTONACCIO;Infortunio per sola frenata improvvisa;Curva senza visuale libera;Una carreggiata a doppio senso;Asciutto;Asfaltata;Orizzontale;Nuvoloso;Normale;Buona;Ore Diurne;1;0;0;1;12.5426;41.8932;-1;2;Motociclo a solo;In marcia / fermata / arresto;Conducente;M;Rifiuta cure immediate;0;NON DECEDUTO;Non accertato;
4076011;6;06/11/2018 16:30:00;Strada Urbana;VIA DEI GORDIANI;all'intersezione con;VIA CASILINA;VIA CASILINA;;;Tamponamento;Incrocio;Una carreggiata a doppio senso;Asciutto;Asfaltata;Verticale ed orizzontale;Sereno;Normale;Buona;Ore Diurne;0;0;0;3;12.5521;41.8771;-1;1;Autovettura privata;In marcia / fermata / arresto;Conducente;F;Illeso;0;;Non accertato;Inesploso
4076011;6;06/11/2018 16:30:00;Strada Urbana;VIA DEI GORDIANI;all'intersezione con;VIA CASILINA;VIA CASILINA;;;Tamponamento;Incrocio;Una carreggiata a doppio senso;Asciutto;Asfaltata;Verticale ed orizzontale;Sereno;Normale;Buona;Ore Diurne;0;0;0;3;12.5521;41.8771;-1;2;Autovettura privata;In marcia / fermata / arresto;Conducente;M;Illeso;0;;Non accertato;Inesploso
4076011;6;06/11/2018 16:30:00;Strada Urbana;VIA DEI GORDIANI;all'intersezione con;VIA CASILINA;VIA CASILINA;;;Tamponamento;Incrocio;Una carreggiata a doppio senso;Asciutto;Asfaltata;Verticale ed orizzontale;Sereno;Normale;Buona;Ore Diurne;0;0;0;3;12.5521;41.8771;-1;2;Autovettura privata;In marcia / fermata / arresto;Passeggero;F;Illeso;0;;Non accertato;Inesploso
4076026;1;05/11/2018 17:30:00;Strada Urbana;VIALE LUIGI EINAUDI;da specificare;;;;in corrispondenza fermata ATAC N.70031 ;Tamponamento;Rettilineo;Una carreggiata a senso unico di marcia;Bagnato (pioggia);In cubetti di porfido;Verticale ed orizzontale;Pioggia in atto;Intenso;Sufficiente;Sufficiente;0;0;0;2;12.4979;41.9023;-1;1;Autovettura pubblica;In marcia / fermata / arresto;Conducente;M;Illeso;0;;Non accertato;Inesploso
4076026;1;05/11/2018 17:30:00;Strada Urbana;VIALE LUIGI EINAUDI;da specificare;;;;in corrispondenza fermata ATAC N.70031 ;Tamponamento;Rettilineo;Una carreggiata a senso unico di marcia;Bagnato (pioggia);In cubetti di porfido;Verticale ed orizzontale;Pioggia in atto;Intenso;Sufficiente;Sufficiente;0;0;0;2;12.4979;41.9023;-1;2;Autovettura privata;In marcia / fermata / arresto;Conducente;F;Illeso;0;;Non accertato;Inesploso
4076033;18;06/11/2018 11:55:00;Strada Urbana;VIA DI BOCCEA;all'intersezione con;VIA TEODOLFO MERTEL;VIA TEODOLFO MERTEL;;;Scontro frontale/laterale DX fra veicoli in marcia;Intersezione non regolata/non segnalata;Una carreggiata a doppio senso;Asciutto;Asfaltata;Verticale ed orizzontale;Sereno;Intenso;Buona;Ore Diurne;1;0;0;1;12.4213;41.9034;-1;1;Autovettura privata;In marcia / fermata / arresto;Conducente;M;Illeso;0;;;
4076033;18;06/11/2018 11:55:00;Strada Urbana;VIA DI BOCCEA;all'intersezione con;VIA TEODOLFO MERTEL;VIA TEODOLFO MERTEL;;;Scontro frontale/laterale DX fra veicoli in marcia;Intersezione non regolata/non segnalata;Una carreggiata a doppio senso;Asciutto;Asfaltata;Verticale ed orizzontale;Sereno;Intenso;Buona;Ore Diurne;1;0;0;1;12.4213;41.9034;-1;2;Motociclo a solo;In marcia / fermata / arresto;Conducente;M;Rimandato;0;NON DECEDUTO;;
4076043;17;06/11/2018 11:05:00;Strada Urbana;VIA LUIGI SETTEMBRINI;all'intersezione semaforizzata con;PIAZZA DELLE CINQUE GIORNATE;PIAZZA DELLE CINQUE GIORNATE;;;Ribaltamento senza urto contro ostacolo fisso;Intersezione semaforizzata;Due carreggiate;Asciutto;Asfaltata;Verticale ed orizzontale;Nuvoloso;Normale;Buona;Ore Diurne;0;0;0;1;12.4669;41.915;-1;1;Autovettura pubblica;In marcia / fermata / arresto;Conducente;M;Illeso;0;;;
4076058;20;05/11/2018 17:00:00;Strada Urbana;VIA DELLA STAZIONE DI CESANO;in corrispondenza;;del palo luce n.;291;;Veicolo in marcia contro ostacolo fisso;Curva a visuale libera;Una carreggiata a doppio senso;Bagnato (pioggia);Asfaltata;Orizzontale;Pioggia in atto;Normale;Buona;Sufficiente;0;0;0;1;12.3247;42.0607;-1;1;Autocarro superiore 35 q.;In marcia / fermata / arresto;Conducente;M;Illeso;0;;Non accertato;
4076059;1;05/11/2018 11:10:00;Strada Urbana;VIA GIOSUE' CARDUCCI;all'intersezione con;VIA AURELIANA;VIA AURELIANA;;;Scontro laterale fra veicoli in marcia;Incrocio;Una carreggiata a senso unico di marcia;Bagnato (pioggia);In cubetti di porfido;Verticale ed orizzontale;Pioggia in atto;Normale;Buona;Ore Diurne;0;0;0;2;12.4952;41.9067;-1;1;Autovettura privata;In marcia / fermata / arresto;Conducente;M;Illeso;0;;Non accertato;Inesploso
4076059;1;05/11/2018 11:10:00;Strada Urbana;VIA GIOSUE' CARDUCCI;all'intersezione con;VIA AURELIANA;VIA AURELIANA;;;Scontro laterale fra veicoli in marcia;Incrocio;Una carreggiata a senso unico di marcia;Bagnato (pioggia);In cubetti di porfido;Verticale ed orizzontale;Pioggia in atto;Normale;Buona;Ore Diurne;0;0;0;2;12.4952;41.9067;-1;2;Autovettura privata;In marcia / fermata / arresto;Conducente;F;Illeso;0;;Non accertato;Inesploso
4076087;1;06/11/2018 07:50:00;Strada Urbana;PIAZZA DI PORTA CAPENA;in prossimità;;del civico n.;3;;Veicolo in marcia contro ostacolo accidentale;Rettilineo;Una carreggiata a senso unico di marcia;Viscido da liquidi oleosi;In cubetti di porfido;Verticale ed orizzontale;Nuvoloso;Intenso;Buona;Ore Diurne;0;0;0;1;12.489;41.8844;-1;1;Motociclo a solo;In marcia / fermata / arresto;Conducente;F;Illeso;0;;Non accertato;
4076091;20;06/11/2018 11:20:00;Regionale entro l'abitato;VIA CASSIA;in corrispondenza;;del civico n.;2070;;Tamponamento;Rettilineo;Una carreggiata a doppio senso;Asciutto;Asfaltata;Verticale ed orizzontale;Sereno;Scarso;Buona;Ore Diurne;0;0;0;3;12.3768;42.0392;-1;1;Veicolo speciale;In marcia / fermata / arresto;Conducente;M;Illeso;0;;Non accertato;
4076091;20;06/11/2018 11:20:00;Regionale entro l'abitato;VIA CASSIA;in corrispondenza;;del civico n.;2070;;Tamponamento;Rettilineo;Una carreggiata a doppio senso;Asciutto;Asfaltata;Verticale ed orizzontale;Sereno;Scarso;Buona;Ore Diurne;0;0;0;3;12.3768;42.0392;-1;1;Veicolo speciale;In marcia / fermata / arresto;Passeggero;M;Illeso;0;;Non accertato;
4076091;20;06/11/2018 11:20:00;Regionale entro l'abitato;VIA CASSIA;in corrispondenza;;del civico n.;2070;;Tamponamento;Rettilineo;Una carreggiata a doppio senso;Asciutto;Asfaltata;Verticale ed orizzontale;Sereno;Scarso;Buona;Ore Diurne;0;0;0;3;12.3768;42.0392;-1;2;Autovettura privata;In marcia / fermata / arresto;Conducente;M;Illeso;0;;Non accertato;
4076099;1;06/11/2018 08:45:00;Strada Urbana;PONTE GARIBALDI;all'intersezione semaforizzata con;LUNGOTEVERE DE' CENCI;LUNGOTEVERE DE' CENCI;;;Tamponamento;Intersezione semaforizzata;Una carreggiata a senso unico di marcia;Asciutto;Asfaltata;Verticale ed orizzontale;Nuvoloso;Intenso;Buona;Ore Diurne;0;0;0;3;12.4746;41.8911;-1;1;Autovettura privata;In marcia / fermata / arresto;Conducente;F;Illeso;0;;Non accertato;Inesploso
4076099;1;06/11/2018 08:45:00;Strada Urbana;PONTE GARIBALDI;all'intersezione semaforizzata con;LUNGOTEVERE DE' CENCI;LUNGOTEVERE DE' CENCI;;;Tamponamento;Intersezione semaforizzata;Una carreggiata a senso unico di marcia;Asciutto;Asfaltata;Verticale ed orizzontale;Nuvoloso;Intenso;Buona;Ore Diurne;0;0;0;3;12.4746;41.8911;-1;1;Autovettura privata;In marcia / fermata / arresto;Passeggero;F;Illeso;0;;;
4076099;1;06/11/2018 08:45:00;Strada Urbana;PONTE GARIBALDI;all'intersezione semaforizzata con;LUNGOTEVERE DE' CENCI;LUNGOTEVERE DE' CENCI;;;Tamponamento;Intersezione semaforizzata;Una carreggiata a senso unico di marcia;Asciutto;Asfaltata;Verticale ed orizzontale;Nuvoloso;Intenso;Buona;Ore Diurne;0;0;0;3;12.4746;41.8911;-1;2;Motociclo a solo;In marcia / fermata / arresto;Conducente;M;Illeso;0;;Non accertato;
4076117;1;06/11/2018 11:20:00;Strada Urbana;VIA DEL TRITONE;in corrispondenza;;del civico n.;128;;Veicolo in marcia contro ostacolo fisso;Rettilineo;Una carreggiata a doppio senso;Asciutto;Asfaltata;Verticale ed orizzontale;Sereno;Normale;Buona;Ore Diurne;0;0;0;1;12.4863;41.903;-1;1;Macchina operatrice;In marcia / fermata / arresto;Conducente;M;Illeso;0;;Non accertato;Inesploso
4076127;1;06/11/2018 15:20:00;Strada Urbana;VIA PALERMO;in prossimità;;del civico n.;28;;Tamponamento;Rettilineo;Una carreggiata a senso unico di marcia;Asciutto;In cubetti di porfido;Verticale ed orizzontale;Nuvoloso;Normale;Buona;Ore Diurne;0;0;0;4;12.4919;41.8991;-1;1;Autoambulanza;In marcia / fermata / arresto;Conducente;F;Illeso;0;;Esente;Inesploso
4076127;1;06/11/2018 15:20:00;Strada Urbana;VIA PALERMO;in prossimità;;del civico n.;28;;Tamponamento;Rettilineo;Una carreggiata a senso unico di marcia;Asciutto;In cubetti di porfido;Verticale ed orizzontale;Nuvoloso;Normale;Buona;Ore Diurne;0;0;0;4;12.4919;41.8991;-1;1;Autoambulanza;In marcia / fermata / arresto;Passeggero;F;Illeso;0;;;
4076127;1;06/11/2018 15:20:00;Strada Urbana;VIA PALERMO;in prossimità;;del civico n.;28;;Tamponamento;Rettilineo;Una carreggiata a senso unico di marcia;Asciutto;In cubetti di porfido;Verticale ed orizzontale;Nuvoloso;Normale;Buona;Ore Diurne;0;0;0;4;12.4919;41.8991;-1;1;Autoambulanza;In marcia / fermata / arresto;Passeggero;M;Illeso;0;;;
4076127;1;06/11/2018 15:20:00;Strada Urbana;VIA PALERMO;in prossimità;;del civico n.;28;;Tamponamento;Rettilineo;Una carreggiata a senso unico di marcia;Asciutto;In cubetti di porfido;Verticale ed orizzontale;Nuvoloso;Normale;Buona;Ore Diurne;0;0;0;4;12.4919;41.8991;-1;2;Motociclo a solo;In marcia / fermata / arresto;Conducente;M;Illeso;0;;Non accertato;
4076139;13;06/11/2018 09:20:00;Strada Urbana;VIA MARIO RUTA;in corrispondenza;;del civico n.;7;;Scontro laterale fra veicoli in marcia;Rettilineo;Una carreggiata a doppio senso;Bagnato (umidità in atto);Asfaltata;Assente;Sereno;Normale;Buona;Ore Diurne;0;0;0;2;12.2569;41.7374;-1;1;Autovettura privata;In marcia / fermata / arresto;Conducente;M;Illeso;0;;Non accertato;Inesploso
4076139;13;06/11/2018 09:20:00;Strada Urbana;VIA MARIO RUTA;in corrispondenza;;del civico n.;7;;Scontro laterale fra veicoli in marcia;Rettilineo;Una carreggiata a doppio senso;Bagnato (umidità in atto);Asfaltata;Assente;Sereno;Normale;Buona;Ore Diurne;0;0;0;2;12.2569;41.7374;-1;2;Autovettura privata;In marcia / fermata / arresto;Conducente;M;Illeso;0;;Non accertato;Inesploso
4076173;12;06/11/2018 17:00:00;Strada Urbana;VIA DELLE TRE FONTANE;all'intersezione con;PIAZZA SANTO DOMINGO;PIAZZA SANTO DOMINGO;;;Scontro frontale/laterale DX fra veicoli in marcia;Incrocio;Una carreggiata a doppio senso;Asciutto;Asfaltata;Verticale ed orizzontale;Nuvoloso;Intenso;Buona;Ore Diurne;0;0;0;2;12.4734;41.8394;-1;1;Autovettura privata;In marcia / fermata / arresto;Conducente;M;Illeso;0;;Utilizzato;Esploso
4076173;12;06/11/2018 17:00:00;Strada Urbana;VIA DELLE TRE FONTANE;all'intersezione con;PIAZZA SANTO DOMINGO;PIAZZA SANTO DOMINGO;;;Scontro frontale/laterale DX fra veicoli in marcia;Incrocio;Una carreggiata a doppio senso;Asciutto;Asfaltata;Verticale ed orizzontale;Nuvoloso;Intenso;Buona;Ore Diurne;0;0;0;2;12.4734;41.8394;-1;2;Autovettura privata;In marcia / fermata / arresto;Conducente;M;Illeso;0;;Utilizzato;Inesploso
4076175;6;06/11/2018 17:45:00;Strada Urbana;VIA ATTILIO HORTIS;in prossimità;;del civico n.;7;;Veicolo in marcia contro veicolo in sosta;Rettilineo;Una carreggiata a senso unico di marcia;Asciutto;Asfaltata;Assente;Sereno;Normale;Buona;Ore Diurne;0;0;0;1;12.5485;41.8938;-1;2;Autovettura privata;In marcia / fermata / arresto;Conducente;M;Illeso;0;;Non accertato;Inesploso
4076200;8;06/11/2018 20:20:00;Strada Urbana;VIA CASILINA;in corrispondenza;;del civico n.;1890;;Scontro frontale fra veicoli in marcia;Rettilineo;Una carreggiata a doppio senso;Asciutto;Asfaltata;Verticale ed orizzontale;Nuvoloso;Normale;Sufficiente;Sufficiente;1;0;0;1;12.6908;41.8633;-1;1;Autovettura privata;In marcia / fermata / arresto;Conducente;M;Illeso;0;;Non accertato;Inesploso
4076200;8;06/11/2018 20:20:00;Strada Urbana;VIA CASILINA;in corrispondenza;;del civico n.;1890;;Scontro frontale fra veicoli in marcia;Rettilineo;Una carreggiata a doppio senso;Asciutto;Asfaltata;Verticale ed orizzontale;Nuvoloso;Normale;Sufficiente;Sufficiente;1;0;0;1;12.6908;41.8633;-1;2;Motociclo a solo;In marcia / fermata / arresto;Conducente;M;Rimandato;0;NON DECEDUTO;Non accertato;
4076453;11;06/11/2018 08:00:00;Strada Urbana;VIA ARISTIDE LEONORI;in corrispondenza;;del civico n.;129;;Infortunio per caduta del veicolo;Rettilineo;Una carreggiata a senso unico di marcia;Asciutto;Asfaltata;Verticale ed orizzontale;Nuvoloso;Normale;Buona;Ore Diurne;0;0;0;3;12.491;41.8467;-1;1;Autovettura privata;In marcia / fermata / arresto;Conducente;F;Illeso;0;;;
4076453;11;06/11/2018 08:00:00;Strada Urbana;VIA ARISTIDE LEONORI;in corrispondenza;;del civico n.;129;;Infortunio per caduta del veicolo;Rettilineo;Una carreggiata a senso unico di marcia;Asciutto;Asfaltata;Verticale ed orizzontale;Nuvoloso;Normale;Buona;Ore Diurne;0;0;0;3;12.491;41.8467;-1;2;Autovettura privata;In marcia / fermata / arresto;Conducente;M;Illeso;0;;;
4076453;11;06/11/2018 08:00:00;Strada Urbana;VIA ARISTIDE LEONORI;in corrispondenza;;del civico n.;129;;Infortunio per caduta del veicolo;Rettilineo;Una carreggiata a senso unico di marcia;Asciutto;Asfaltata;Verticale ed orizzontale;Nuvoloso;Normale;Buona;Ore Diurne;0;0;0;3;12.491;41.8467;-1;2;Autovettura privata;In marcia / fermata / arresto;Passeggero;F;Illeso;0;;;
4076456;11;06/11/2018 19:10:00;Strada Urbana;PONTE GUGLIELMO MARCONI;in corrispondenza;;del palo luce n.;54;;Tamponamento;Rettilineo;Due carreggiate;Asciutto;Asfaltata;Orizzontale;Sereno;Intenso;Buona;Sufficiente;1;0;0;4;12.4706;41.8599;-1;1;Autovettura privata;In marcia / fermata / arresto;Conducente;F;Illeso;0;;;
4076456;11;06/11/2018 19:10:00;Strada Urbana;PONTE GUGLIELMO MARCONI;in corrispondenza;;del palo luce n.;54;;Tamponamento;Rettilineo;Due carreggiate;Asciutto;Asfaltata;Orizzontale;Sereno;Intenso;Buona;Sufficiente;1;0;0;4;12.4706;41.8599;-1;1;Autovettura privata;In marcia / fermata / arresto;Passeggero;F;Illeso;0;;;
4076456;11;06/11/2018 19:10:00;Strada Urbana;PONTE GUGLIELMO MARCONI;in corrispondenza;;del palo luce n.;54;;Tamponamento;Rettilineo;Due carreggiate;Asciutto;Asfaltata;Orizzontale;Sereno;Intenso;Buona;Sufficiente;1;0;0;4;12.4706;41.8599;-1;1;Autovettura privata;In marcia / fermata / arresto;Passeggero;M;Illeso;0;;;
4076456;11;06/11/2018 19:10:00;Strada Urbana;PONTE GUGLIELMO MARCONI;in corrispondenza;;del palo luce n.;54;;Tamponamento;Rettilineo;Due carreggiate;Asciutto;Asfaltata;Orizzontale;Sereno;Intenso;Buona;Sufficiente;1;0;0;4;12.4706;41.8599;-1;1;Autovettura privata;In marcia / fermata / arresto;Passeggero;F;Illeso;0;;;
4076456;11;06/11/2018 19:10:00;Strada Urbana;PONTE GUGLIELMO MARCONI;in corrispondenza;;del palo luce n.;54;;Tamponamento;Rettilineo;Due carreggiate;Asciutto;Asfaltata;Orizzontale;Sereno;Intenso;Buona;Sufficiente;1;0;0;4;12.4706;41.8599;-1;2;Motociclo a solo;In marcia / fermata / arresto;Conducente;M;Rimandato;0;NON DECEDUTO;;
4076462;11;06/11/2018 15:50:00;Strada Urbana;VIA ANTONIOTTO USODIMARE;in prossimità;;del civico n.;13;;Scontro laterale fra veicoli in marcia;Rettilineo;Una carreggiata a senso unico di marcia;Asciutto;Asfaltata;Verticale ed orizzontale;Sereno;Scarso;Buona;Ore Diurne;0;0;0;4;12.4945;41.8678;-1;1;Autovettura privata;In marcia / fermata / arresto;Conducente;F;Illeso;0;;Non accertato;
4076462;11;06/11/2018 15:50:00;Strada Urbana;VIA ANTONIOTTO USODIMARE;in prossimità;;del civico n.;13;;Scontro laterale fra veicoli in marcia;Rettilineo;Una carreggiata a senso unico di marcia;Asciutto;Asfaltata;Verticale ed orizzontale;Sereno;Scarso;Buona;Ore Diurne;0;0;0;4;12.4945;41.8678;-1;1;Autovettura privata;In marcia / fermata / arresto;Passeggero;M;Illeso;0;;;
4076462;11;06/11/2018 15:50:00;Strada Urbana;VIA ANTONIOTTO USODIMARE;in prossimità;;del civico n.;13;;Scontro laterale fra veicoli in marcia;Rettilineo;Una carreggiata a senso unico di marcia;Asciutto;Asfaltata;Verticale ed orizzontale;Sereno;Scarso;Buona;Ore Diurne;0;0;0;4;12.4945;41.8678;-1;2;Autocarro inferiore 35 q.;In marcia / fermata / arresto;Conducente;M;Illeso;0;;Non accertato;
4076462;11;06/11/2018 15:50:00;Strada Urbana;VIA ANTONIOTTO USODIMARE;in prossimità;;del civico n.;13;;Scontro laterale fra veicoli in marcia;Rettilineo;Una carreggiata a senso unico di marcia;Asciutto;Asfaltata;Verticale ed orizzontale;Sereno;Scarso;Buona;Ore Diurne;0;0;0;4;12.4945;41.8678;-1;2;Autocarro inferiore 35 q.;In marcia / fermata / arresto;Passeggero;M;Illeso;0;;;
4076484;20;06/11/2018 11:05:00;Strada Urbana;VIA DI BACCANELLO;in prossimità;;del palo luce n.;4;;Tamponamento Multiplo;Rettilineo;Una carreggiata a doppio senso;Asciutto;Asfaltata;Verticale ed orizzontale;Nuvoloso;Intenso;Buona;Ore Diurne;1;0;0;4;12.3534;42.0628;-1;1;Autovettura privata;In marcia / fermata / arresto;Conducente;M;Illeso;0;;Non accertato;Inesploso
4076484;20;06/11/2018 11:05:00;Strada Urbana;VIA DI BACCANELLO;in prossimità;;del palo luce n.;4;;Tamponamento Multiplo;Rettilineo;Una carreggiata a doppio senso;Asciutto;Asfaltata;Verticale ed orizzontale;Nuvoloso;Intenso;Buona;Ore Diurne;1;0;0;4;12.3534;42.0628;-1;2;Autovettura privata;In marcia / fermata / arresto;Conducente;M;Rimandato;0;NON DECEDUTO;Non accertato;Inesploso
4076484;20;06/11/2018 11:05:00;Strada Urbana;VIA DI BACCANELLO;in prossimità;;del palo luce n.;4;;Tamponamento Multiplo;Rettilineo;Una carreggiata a doppio senso;Asciutto;Asfaltata;Verticale ed orizzontale;Nuvoloso;Intenso;Buona;Ore Diurne;1;0;0;4;12.3534;42.0628;-1;2;Autovettura privata;In marcia / fermata / arresto;Passeggero;F;Illeso;0;;Non accertato;Inesploso
4076484;20;06/11/2018 11:05:00;Strada Urbana;VIA DI BACCANELLO;in prossimità;;del palo luce n.;4;;Tamponamento Multiplo;Rettilineo;Una carreggiata a doppio senso;Asciutto;Asfaltata;Verticale ed orizzontale;Nuvoloso;Intenso;Buona;Ore Diurne;1;0;0;4;12.3534;42.0628;-1;2;Autovettura privata;In marcia / fermata / arresto;Passeggero;M;Illeso;0;;Non accertato;Inesploso
4076484;20;06/11/2018 11:05:00;Strada Urbana;VIA DI BACCANELLO;in prossimità;;del palo luce n.;4;;Tamponamento Multiplo;Rettilineo;Una carreggiata a doppio senso;Asciutto;Asfaltata;Verticale ed orizzontale;Nuvoloso;Intenso;Buona;Ore Diurne;1;0;0;4;12.3534;42.0628;-1;3;Autocarro inferiore 35 q.;In marcia / fermata / arresto;Conducente;M;Illeso;0;;Non accertato;Inesploso
4076490;8;06/11/2018 05:30:00;Strada Urbana;VIA ROCCAFORTE DEL GRECO;in prossimità;;del civico n.;5;;Veicolo in marcia contro ostacolo accidentale;Rettilineo;Una carreggiata a doppio senso;Bagnato (pioggia);Asfaltata;Assente;Sereno;Scarso;Sufficiente;Sufficiente;0;0;0;1;12.6889;41.866;-1;1;Autovettura privata;In marcia / fermata / arresto;Conducente;M;Illeso;0;;Non accertato;Inesploso
4076493;8;06/11/2018 07:45:00;Strada Urbana;VIA DI TOR BELLA MONACA;in prossimità;;del civico n.;487;;Veicolo in marcia contro ostacolo accidentale;Rettilineo;Due carreggiate;Asciutto;Asfaltata;Verticale ed orizzontale;Nuvoloso;Normale;Buona;Ore Diurne;0;0;0;1;12.6331;41.8712;-1;1;Motociclo a solo;In marcia / fermata / arresto;Conducente;M;Illeso;0;;Non accertato;
4076498;15;06/11/2018 15:00:00;Strada Urbana;VIA PORTUENSE;in prossimità;;del civico n.;520;;Scontro laterale fra veicoli in marcia;Curva a visuale libera;Due carreggiate;Asciutto;Asfaltata;Verticale ed orizzontale;Nuvoloso;Normale;Buona;Ore Diurne;0;0;0;1;12.4478;41.858;-1;1;Autovettura privata;In marcia / fermata / arresto;Conducente;F;Illeso;0;;Non accertato;Inesploso
4076503;8;06/11/2018 08:30:00;;VIA DI TOR BELLA MONACA;da specificare;;;;50 mt. prima della svincolo per via Casilina;Veicolo in marcia contro ostacolo accidentale;;;;;;;;;;0;0;0;1;;;0;1;Autovettura privata;In marcia / fermata / arresto;Conducente;M;Illeso;0;;Non accertato;Inesploso