Protocollo;Gruppo;DataOraIncidente;Localizzazione1;STRADA1;Localizzazione2;STRADA2;Strada02;Chilometrica;DaSpecificare;NaturaIncidente;particolaritastrade;TipoStrada;FondoStradale;Pavimentazione;Segnaletica;CondizioneAtmosferica;Traffico;Visibilita;Illuminazione;NUM_FERITI;NUM_RISERVATA;NUM_MORTI;NUM_ILLESI;Longitudine;Latitudine;Confermato;Progressivo;TipoVeicolo;StatoVeicolo;TipoPersona;Sesso;Tipolesione;Deceduto;DecedutoDopo;CinturaCascoUtilizzato;Airbag;
4078601;18;07/11/2018 23:00:00;Statale entro l'abitato;VIA AURELIA;da specificare;;;;IN PROSSIMITA' VIA CIRIACI;Scontro laterale fra veicoli in marcia;Rettilineo;Una carreggiata a doppio senso;Asciutto;Asfaltata;Verticale ed orizzontale;Sereno;Normale;Sufficiente;Sufficiente;0;0;0;3;10.3425;43.4653;-1;1;Autoambulanza;In marcia / fermata / arresto;Passeggero;M;Illeso;0;;;
4078601;18;07/11/2018 23:00:00;Statale entro l'abitato;VIA AURELIA;da specificare;;;;IN PROSSIMITA' VIA CIRIACI;Scontro laterale fra veicoli in marcia;Rettilineo;Una carreggiata a doppio senso;Asciutto;Asfaltata;Verticale ed orizzontale;Sereno;Normale;Sufficiente;Sufficiente;0;0;0;3;10.3425;43.4653;-1;2;Autovettura privata;In marcia / fermata / arresto;Conducente;M;Illeso;0;;;
4078602;7;07/11/2018 21:30:00;Strada Urbana;VIA DELLE ROBINIE;all'intersezione con;VIA DEI CASTANI;VIA DEI CASTANI;;;Scontro frontale/laterale DX fra veicoli in marcia;Incrocio;Una carreggiata a doppio senso;Asciutto;Asfaltata;Verticale ed orizzontale;Sereno;Scarso;Buona;Sufficiente;3;0;0;1;12.5667;41.8827;-1;1;Autovettura privata;In marcia / fermata / arresto;Conducente;M;Rimandato;0;NON DECEDUTO;Non accertato;Inesploso
4078602;7;07/11/2018 21:30:00;Strada Urbana;VIA DELLE ROBINIE;all'intersezione con;VIA DEI CASTANI;VIA DEI CASTANI;;;Scontro frontale/laterale DX fra veicoli in marcia;Incrocio;Una carreggiata a doppio senso;Asciutto;Asfaltata;Verticale ed orizzontale;Sereno;Scarso;Buona;Sufficiente;3;0;0;1;12.5667;41.8827;-1;1;Autovettura privata;In marcia / fermata / arresto;Passeggero;F;Rimandato;0;NON DECEDUTO;Non accertato;Inesploso
4078602;7;07/11/2018 21:30:00;Strada Urbana;VIA DELLE ROBINIE;all'intersezione con;VIA DEI CASTANI;VIA DEI CASTANI;;;Scontro frontale/laterale DX fra veicoli in marcia;Incrocio;Una carreggiata a doppio senso;Asciutto;Asfaltata;Verticale ed orizzontale;Sereno;Scarso;Buona;Sufficiente;3;0;0;1;12.5667;41.8827;-1;1;Autovettura privata;In marcia / fermata / arresto;Passeggero;M;Rimandato;0;NON DECEDUTO;Non accertato;Inesploso
4078602;7;07/11/2018 21:30:00;Strada Urbana;VIA DELLE ROBINIE;all'intersezione con;VIA DEI CASTANI;VIA DEI CASTANI;;;Scontro frontale/laterale DX fra veicoli in marcia;Incrocio;Una carreggiata a doppio senso;Asciutto;Asfaltata;Verticale ed orizzontale;Sereno;Scarso;Buona;Sufficiente;3;0;0;1;12.5667;41.8827;-1;2;Autovettura privata;In marcia / fermata / arresto;Conducente;M;Illeso;0;;Non accertato;Inesploso
4078603;19;07/11/2018 13:40:00;Strada Urbana;VIA DELLA PINETA SACCHETTI;all'intersezione semaforizzata con;VIA FRANCESCO MARCONI;VIA FRANCESCO MARCONI;;;Scontro laterale fra veicoli in marcia;Intersezione semaforizzata;Una carreggiata a senso unico di marcia;Asciutto;Asfaltata;Verticale ed orizzontale;Sereno;Normale;Buona;Ore Diurne;0;0;0;2;12.425;41.924;-1;1;Autovettura privata;In marcia / fermata / arresto;Conducente;M;Illeso;0;;Non accertato;Inesploso
4078603;19;07/11/2018 13:40:00;Strada Urbana;VIA DELLA PINETA SACCHETTI;all'intersezione semaforizzata con;VIA FRANCESCO MARCONI;VIA FRANCESCO MARCONI;;;Scontro laterale fra veicoli in marcia;Intersezione semaforizzata;Una carreggiata a senso unico di marcia;Asciutto;Asfaltata;Verticale ed orizzontale;Sereno;Normale;Buona;Ore Diurne;0;0;0;2;12.425;41.924;-1;2;Autovettura pubblica;In marcia / fermata / arresto;Conducente;M;Illeso;0;;Non accertato;Inesploso
4078608;20;07/11/2018 08:25:00;Strada Urbana;VIADOTTO GIUBILEO DEL 2000;da specificare;;;;altezza palo Acea nr. 9 dir. Terni;Tamponamento;Curva senza visuale libera;Due carreggiate;Bagnato (umidità in atto);Asfaltata;Verticale ed orizzontale;Nuvoloso;Intenso;Buona;Ore Diurne;1;0;0;1;12.4953;41.989;-1;1;Autocarro inferiore 35 q.;In marcia / fermata / arresto;Conducente;M;Illeso;0;;;
4078608;20;07/11/2018 08:25:00;Strada Urbana;VIADOTTO GIUBILEO DEL 2000;da specificare;;;;altezza palo Acea nr. 9 dir. Terni;Tamponamento;Curva senza visuale libera;Due carreggiate;Bagnato (umidità in atto);Asfaltata;Verticale ed orizzontale;Nuvoloso;Intenso;Buona;Ore Diurne;1;0;0;1;12.4953;41.989;-1;2;Autovettura privata;In marcia / fermata / arresto;Conducente;M;Rimandato;0;NON DECEDUTO;;
4078609;17;07/11/2018 06:30:00;Strada Urbana;BORGO ANGELICO;in corrispondenza;;del civico n.;11;;Veicolo in marcia contro veicolo in sosta;Rettilineo;Una carreggiata a senso unico di marcia;Bagnato (umidità in atto);Asfaltata;Verticale ed orizzontale;Sereno;Scarso;Buona;Ore Diurne;0;0;0;1;12.4585;41.9054;-1;1;Autovettura privata;In marcia / fermata / arresto;Conducente;M;Illeso;0;;;
4078632;18;08/11/2018 01:34:00;Strada Urbana;VIA DI S. CLETO PAPA;da specificare;;;;ALTEZZA VIA SUOR CELESTINA DONATI ;Veicolo in marcia contro veicoli in sosta;Rettilineo;Una carreggiata a doppio senso;Asciutto;Asfaltata;Verticale ed orizzontale;Sereno;Scarso;Sufficiente;Sufficiente;0;0;0;1;12.4229;41.9226;-1;1;Autovettura privata;In marcia / fermata / arresto;Conducente;F;Illeso;0;;Non accertato;Inesploso
4078650;19;07/11/2018 21:45:00;Strada Urbana;VIA GORLAGO;in corrispondenza;;del civico n.;13;;Veicolo in marcia contro veicolo in sosta;Rettilineo;Una carreggiata a doppio senso;Asciutto;Asfaltata;Assente;Nuvoloso;Scarso;Buona;Sufficiente;0;0;0;1;12.386;41.9408;-1;2;Autovettura privata;In marcia / fermata / arresto;Conducente;F;Illeso;0;;;
4078652;18;07/11/2018 17:30:00;Strada Urbana;VIA NAZARETH;in prossimità;;del civico n.;315;;Veicolo in marcia contro ostacolo accidentale;Rettilineo;Una carreggiata a doppio senso;Asciutto;Con buche;Verticale;Nuvoloso;Normale;Insufficiente;Inesistente;0;0;0;1;12.3989;41.9012;-1;1;Autovettura privata;In marcia / fermata / arresto;Conducente;M;Illeso;0;;Non accertato;Inesploso
4078671;17;07/11/2018 16:00:00;Strada Urbana;VIA GIUSEPPE GIOACHINO BELLI;in prossimità;;del civico n.;85;;Veicolo in marcia contro veicolo in sosta;Rettilineo;Una carreggiata a senso unico di marcia;Asciutto;In cubetti di porfido;Verticale ed orizzontale;Sereno;Scarso;Sufficiente;Ore Diurne;0;0;0;1;12.4681;41.9064;-1;2;Autocarro inferiore 35 q.;In marcia / fermata / arresto;Conducente;M;Illeso;0;;;
4078703;17;07/11/2018 10:30:00;Strada Urbana;PIAZZA DEL RISORGIMENTO;in prossimità;;del civico n.;63;;Scontro laterale fra veicoli in marcia;Rettilineo;Una carreggiata a senso unico di marcia;Asciutto;Asfaltata;Verticale ed orizzontale;Sereno;Normale;Buona;Ore Diurne;0;0;0;3;12.458;41.9059;-1;1;Autovettura privata;In marcia / fermata / arresto;Conducente;M;Illeso;0;;;
4078703;17;07/11/2018 10:30:00;Strada Urbana;PIAZZA DEL RISORGIMENTO;in prossimità;;del civico n.;63;;Scontro laterale fra veicoli in marcia;Rettilineo;Una carreggiata a senso unico di marcia;Asciutto;Asfaltata;Verticale ed orizzontale;Sereno;Normale;Buona;Ore Diurne;0;0;0;3;12.458;41.9059;-1;1;Autovettura privata;In marcia / fermata / arresto;Passeggero;F;Illeso;0;;;
4078703;17;07/11/2018 10:30:00;Strada Urbana;PIAZZA DEL RISORGIMENTO;in prossimità;;del civico n.;63;;Scontro laterale fra veicoli in marcia;Rettilineo;Una carreggiata a senso unico di marcia;Asciutto;Asfaltata;Verticale ed orizzontale;Sereno;Normale;Buona;Ore Diurne;0;0;0;3;12.458;41.9059;-1;2;Motociclo con passeggero;In marcia / fermata / arresto;Conducente;M;Illeso;0;;;
4078730;13;07/11/2018 13:10:00;Strada Urbana;CORSO DUCA DI GENOVA;in prossimità;;del civico n.;10 C;;Veicolo in marcia contro ostacolo accidentale;Rettilineo;Una carreggiata a doppio senso;Asciutto;Asfaltata;Verticale ed orizzontale;Sereno;Normale;Buona;Ore Diurne;0;0;0;3;12.2766;41.7324;-1;1;Autovettura privata;In marcia / fermata / arresto;Conducente;M;Illeso;0;;Non accertato;Inesploso
4078730;13;07/11/2018 13:10:00;Strada Urbana;CORSO DUCA DI GENOVA;in prossimità;;del civico n.;10 C;;Veicolo in marcia contro ostacolo accidentale;Rettilineo;Una carreggiata a doppio senso;Asciutto;Asfaltata;Verticale ed orizzontale;Sereno;Normale;Buona;Ore Diurne;0;0;0;3;12.2766;41.7324;-1;2;Autovettura privata;In marcia / fermata / arresto;Conducente;F;Illeso;0;;Non accertato;Inesploso
4078730;13;07/11/2018 13:10:00;Strada Urbana;CORSO DUCA DI GENOVA;in prossimità;;del civico n.;10 C;;Veicolo in marcia contro ostacolo accidentale;Rettilineo;Una carreggiata a doppio senso;Asciutto;Asfaltata;Verticale ed orizzontale;Sereno;Normale;Buona;Ore Diurne;0;0;0;3;12.2766;41.7324;-1;2;Autovettura privata;In marcia / fermata / arresto;Passeggero;F;Illeso;0;;Non accertato;
4078738;23;07/11/2018 07:50:00;Strada Urbana;VIA CRISTOFORO COLOMBO;all'intersezione semaforizzata con;VIA PINDARO;VIA PINDARO;;;Scontro frontale/laterale DX fra veicoli in marcia;Intersezione semaforizzata;Più di due carreggiate;Bagnato (umidità in atto);Asfaltata;Verticale ed orizzontale;Nuvoloso;Intenso;Buona;Ore Diurne;0;0;0;2;12.3699;41.7549;-1;1;Autovettura privata;In marcia / fermata / arresto;Conducente;F;Illeso;0;;Non accertato;Inesploso
4078738;23;07/11/2018 07:50:00;Strada Urbana;VIA CRISTOFORO COLOMBO;all'intersezione semaforizzata con;VIA PINDARO;VIA PINDARO;;;Scontro frontale/laterale DX fra veicoli in marcia;Intersezione semaforizzata;Più di due carreggiate;Bagnato (umidità in atto);Asfaltata;Verticale ed orizzontale;Nuvoloso;Intenso;Buona;Ore Diurne;0;0;0;2;12.3699;41.7549;-1;2;Autovettura privata;In marcia / fermata / arresto;Conducente;M;Illeso;0;;Non accertato;Inesploso
4078739;17;07/11/2018 12:00:00;Strada Urbana;PIAZZA DEI TRIBUNALI;da specificare;;;;altezza Via Triboniano;Scontro laterale fra veicoli in marcia;Curva a visuale libera;Due carreggiate;Asciutto;Asfaltata;Verticale ed orizzontale;Sereno;Intenso;Buona;Ore Diurne;1;0;0;2;12.47;41.9031;0;1;Autobus urbano;In marcia / fermata / arresto;Conducente;M;Illeso;0;;;
4078739;17;07/11/2018 12:00:00;Strada Urbana;PIAZZA DEI TRIBUNALI;da specificare;;;;altezza Via Triboniano;Scontro laterale fra veicoli in marcia;Curva a visuale libera;Due carreggiate;Asciutto;Asfaltata;Verticale ed orizzontale;Sereno;Intenso;Buona;Ore Diurne;1;0;0;2;12.47;41.9031;0;2;Autobus turistico;In marcia / fermata / arresto;Conducente;M;Illeso;0;;;
4078739;17;07/11/2018 12:00:00;Strada Urbana;PIAZZA DEI TRIBUNALI;da specificare;;;;altezza Via Triboniano;Scontro laterale fra veicoli in marcia;Curva a visuale libera;Due carreggiate;Asciutto;Asfaltata;Verticale ed orizzontale;Sereno;Intenso;Buona;Ore Diurne;1;0;0;2;12.47;41.9031;0;3;Motociclo con passeggero;In marcia / fermata / arresto;Conducente;M;Rimandato;0;NON DECEDUTO;;
4078740;13;07/11/2018 14:45:00;Strada Urbana;VIA DI CASTEL FUSANO;all'intersezione con;VIA DEL MARE;VIA DEL MARE;;;Scontro laterale fra veicoli in marcia;Incrocio;Una carreggiata a doppio senso;Asciutto;Asfaltata;Verticale ed orizzontale;Nuvoloso;Intenso;Buona;Ore Diurne;0;0;0;2;12.3043;41.7587;-1;1;Autovettura privata;In marcia / fermata / arresto;Conducente;F;Illeso;0;;;
4078740;13;07/11/2018 14:45:00;Strada Urbana;VIA DI CASTEL FUSANO;all'intersezione con;VIA DEL MARE;VIA DEL MARE;;;Scontro laterale fra veicoli in marcia;Incrocio;Una carreggiata a doppio senso;Asciutto;Asfaltata;Verticale ed orizzontale;Nuvoloso;Intenso;Buona;Ore Diurne;0;0;0;2;12.3043;41.7587;-1;2;Autocarro superiore 35 q.;In marcia / fermata / arresto;Conducente;M;Illeso;0;;;
4078773;12;08/11/2018 07:50:00;Strada Urbana;VIA BRUNO BRANDELLERO;da specificare;;;;pross sottovia Colombo dir. Misserville;Veicolo in marcia contro ostacolo fisso;Curva a visuale libera;Una carreggiata a doppio senso;Viscido da liquidi oleosi;Asfaltata;Verticale ed orizzontale;Sereno;Normale;Buona;Ore Diurne;0;0;0;1;12.4506;41.8057;-1;1;Motociclo a solo;In marcia / fermata / arresto;Conducente;M;Illeso;0;;Utilizzato;
4078775;17;07/11/2018 19:10:00;Strada Urbana;VIA ENNIO QUIRINO VISCONTI;in prossimità;;del civico n.;105;;Investimento di pedone;Rettilineo;Una carreggiata a senso unico di marcia;Asciutto;Acciotolata;Verticale ed orizzontale;Sereno;Normale;Sufficiente;Sufficiente;1;0;1;0;12.4676;41.907;0;;;;Pedone;F;Rimandato;0;DECEDUTO ENTRO 3 MESI;;
4078775;17;07/11/2018 19:10:00;Strada Urbana;VIA ENNIO QUIRINO VISCONTI;in prossimità;;del civico n.;105;;Investimento di pedone;Rettilineo;Una carreggiata a senso unico di marcia;Asciutto;Acciotolata;Verticale ed orizzontale;Sereno;Normale;Sufficiente;Sufficiente;1;0;1;0;12.4676;41.907;0;1;Autovettura privata;In marcia / fermata / arresto;Conducente;M;Rimandato;0;NON DECEDUTO;;
4078795;16;07/11/2018 13:10:00;Strada Urbana;VIA DUCHESSA DI GALLIERA;in corrispondenza;;del civico n.;22;;Veicolo in marcia contro veicolo fermo;Rettilineo;Una carreggiata a doppio senso;Asciutto;Asfaltata;Verticale ed orizzontale;Sereno;Normale;Buona;Ore Diurne;0;0;0;2;12.4482;41.8693;-1;1;Autovettura privata;In marcia / fermata / arresto;Conducente;F;Illeso;0;;Non accertato;
4078795;16;07/11/2018 13:10:00;Strada Urbana;VIA DUCHESSA DI GALLIERA;in corrispondenza;;del civico n.;22;;Veicolo in marcia contro veicolo fermo;Rettilineo;Una carreggiata a doppio senso;Asciutto;Asfaltata;Verticale ed orizzontale;Sereno;Normale;Buona;Ore Diurne;0;0;0;2;12.4482;41.8693;-1;2;Autovettura privata;In marcia / fermata / arresto;Conducente;M;Illeso;0;;Non accertato;
4078811;2;07/11/2018 17:00:00;Strada Urbana;VIA TIGRE';all'intersezione con;VIA TRIPOLI;VIA TRIPOLI;;;Scontro frontale/laterale DX fra veicoli in marcia;Incrocio;Una carreggiata a doppio senso;Asciutto;Asfaltata;Verticale;Sereno;Normale;Buona;Sufficiente;0;0;0;2;12.5203;41.9308;-1;1;Autovettura privata;In marcia / fermata / arresto;Conducente;M;Illeso;0;;Non accertato;Inesploso
4078811;2;07/11/2018 17:00:00;Strada Urbana;VIA TIGRE';all'intersezione con;VIA TRIPOLI;VIA TRIPOLI;;;Scontro frontale/laterale DX fra veicoli in marcia;Incrocio;Una carreggiata a doppio senso;Asciutto;Asfaltata;Verticale;Sereno;Normale;Buona;Sufficiente;0;0;0;2;12.5203;41.9308;-1;2;Autovettura privata;In marcia / fermata / arresto;Conducente;M;Illeso;0;;Non accertato;Inesploso
4078838;7;07/11/2018 17:30:00;Strada Urbana;VIA PRENESTINA;all'intersezione con;VIALE PALMIRO TOGLIATTI;VIALE PALMIRO TOGLIATTI;;;Scontro laterale fra veicoli in marcia;Incrocio;Due carreggiate;Asciutto;Asfaltata;Verticale ed orizzontale;Sereno;Intenso;Buona;Ore Diurne;0;0;0;3;12.6152;41.8933;-1;1;Autovettura pubblica;In marcia / fermata / arresto;Conducente;M;Illeso;0;;Non accertato;Inesploso
4078838;7;07/11/2018 17:30:00;Strada Urbana;VIA PRENESTINA;all'intersezione con;VIALE PALMIRO TOGLIATTI;VIALE PALMIRO TOGLIATTI;;;Scontro laterale fra veicoli in marcia;Incrocio;Due carreggiate;Asciutto;Asfaltata;Verticale ed orizzontale;Sereno;Intenso;Buona;Ore Diurne;0;0;0;3;12.6152;41.8933;-1;1;Autovettura pubblica;In marcia / fermata / arresto;Passeggero;M;Illeso;0;;Non accertato;Inesploso
4078838;7;07/11/2018 17:30:00;Strada Urbana;VIA PRENESTINA;all'intersezione con;VIALE PALMIRO TOGLIATTI;VIALE PALMIRO TOGLIATTI;;;Scontro laterale fra veicoli in marcia;Incrocio;Due carreggiate;Asciutto;Asfaltata;Verticale ed orizzontale;Sereno;Intenso;Buona;Ore Diurne;0;0;0;3;12.6152;41.8933;-1;2;Autovettura privata;In marcia / fermata / arresto;Conducente;M;Illeso;0;;Non accertato;Inesploso
4078883;2;07/11/2018 07:55:00;Strada Urbana;VIALE PARIOLI;in prossimità;;del civico n.;56;;Scontro frontale/laterale SX fra veicoli in marcia;Rettilineo;Una carreggiata a doppio senso;Bagnato (umidità in atto);Asfaltata;Orizzontale;Nuvoloso;Intenso;Buona;Ore Diurne;1;0;0;2;12.489;41.9256;-1;1;Autovettura privata;In marcia / fermata / arresto;Conducente;M;Illeso;0;;;
4078883;2;07/11/2018 07:55:00;Strada Urbana;VIALE PARIOLI;in prossimità;;del civico n.;56;;Scontro frontale/laterale SX fra veicoli in marcia;Rettilineo;Una carreggiata a doppio senso;Bagnato (umidità in atto);Asfaltata;Orizzontale;Nuvoloso;Intenso;Buona;Ore Diurne;1;0;0;2;12.489;41.9256;-1;1;Autovettura privata;In marcia / fermata / arresto;Passeggero;M;Illeso;0;;;
4078883;2;07/11/2018 07:55:00;Strada Urbana;VIALE PARIOLI;in prossimità;;del civico n.;56;;Scontro frontale/laterale SX fra veicoli in marcia;Rettilineo;Una carreggiata a doppio senso;Bagnato (umidità in atto);Asfaltata;Orizzontale;Nuvoloso;Intenso;Buona;Ore Diurne;1;0;0;2;12.489;41.9256;-1;2;Ciclomotore;In marcia / fermata / arresto;Conducente;M;Rimandato;0;NON DECEDUTO;;
4078927;2;07/11/2018 19:15:00;Strada Urbana;VIALE PARIOLI;in prossimità;;del civico n.;14;;Scontro frontale/laterale SX fra veicoli in marcia;Rettilineo;Una carreggiata a doppio senso;Asciutto;Asfaltata;Verticale ed orizzontale;Sereno;Normale;Buona;Sufficiente;0;0;0;2;12.4912;41.9238;-1;1;Autovettura di polizia;In marcia / fermata / arresto;Conducente;M;Illeso;0;;Non accertato;Inesploso
4078927;2;07/11/2018 19:15:00;Strada Urbana;VIALE PARIOLI;in prossimità;;del civico n.;14;;Scontro frontale/laterale SX fra veicoli in marcia;Rettilineo;Una carreggiata a doppio senso;Asciutto;Asfaltata;Verticale ed orizzontale;Sereno;Normale;Buona;Sufficiente;0;0;0;2;12.4912;41.9238;-1;2;Motociclo a solo;In marcia / fermata / arresto;Conducente;M;Illeso;0;;Non accertato;
4078942;2;06/11/2018 18:30:00;Strada Urbana;VIA TRIPOLI;all'intersezione con;VIA CIRENAICA;VIA CIRENAICA;;;Investimento di pedone;Incrocio;Una carreggiata a doppio senso;Asciutto;Asfaltata;Verticale ed orizzontale;Nebbia;Normale;Buona;Sufficiente;1;0;0;1;12.52;41.9283;-1;;;;Pedone;M;Rimandato;0;NON DECEDUTO;;
4078942;2;06/11/2018 18:30:00;Strada Urbana;VIA TRIPOLI;all'intersezione con;VIA CIRENAICA;VIA CIRENAICA;;;Investimento di pedone;Incrocio;Una carreggiata a doppio senso;Asciutto;Asfaltata;Verticale ed orizzontale;Nebbia;Normale;Buona;Sufficiente;1;0;0;1;12.52;41.9283;-1;1;Autovettura privata;In marcia / fermata / arresto;Conducente;F;Illeso;0;;;
4078954;2;07/11/2018 08:00:00;Strada Urbana;VIALE BRUNO BUOZZI;in prossimità;;del civico n.;103;;Tamponamento;Rettilineo;Una carreggiata a doppio senso;Bagnato (umidità in atto);Asfaltata;Verticale ed orizzontale;Nuvoloso;Normale;Sufficiente;Ore Diurne;0;0;0;2;12.4817;41.9213;-1;1;Autovettura privata;In marcia / fermata / arresto;Conducente;M;Illeso;0;;Non accertato;Inesploso
4078954;2;07/11/2018 08:00:00;Strada Urbana;VIALE BRUNO BUOZZI;in prossimità;;del civico n.;103;;Tamponamento;Rettilineo;Una carreggiata a doppio senso;Bagnato (umidità in atto);Asfaltata;Verticale ed orizzontale;Nuvoloso;Normale;Sufficiente;Ore Diurne;0;0;0;2;12.4817;41.9213;-1;2;Quadriciclo leggero;In marcia / fermata / arresto;Conducente;F;Illeso;0;;Non accertato;Inesploso
4078957;2;07/11/2018 13:00:00;Strada Urbana;VIA GIOVANNI SCHIAPARELLI;all'intersezione con;VIA ATTO TIGRI;VIA ATTO TIGRI;;;Veicolo in marcia contro veicolo in sosta;Incrocio;Una carreggiata a senso unico di marcia;Asciutto;Asfaltata;Verticale ed orizzontale;Sereno;Normale;Buona;Ore Diurne;0;0;0;1;12.4817;41.922;-1;1;Autocarro inferiore 35 q.;In marcia / fermata / arresto;Conducente;M;Illeso;0;;Non accertato;Inesploso
4078970;2;07/11/2018 14:10:00;Strada Urbana;PIAZZA CRATI;da specificare;;;;alt. via Lago di Lesina;Veicolo in marcia contro veicoli in arresto;Rettilineo;Una carreggiata a doppio senso;Asciutto;Asfaltata;Verticale ed orizzontale;Sereno;Normale;Buona;Ore Diurne;1;0;0;2;12.5098;41.9268;-1;;;;Pedone;F;Illeso;0;;;
4078970;2;07/11/2018 14:10:00;Strada Urbana;PIAZZA CRATI;da specificare;;;;alt. via Lago di Lesina;Veicolo in marcia contro veicoli in arresto;Rettilineo;Una carreggiata a doppio senso;Asciutto;Asfaltata;Verticale ed orizzontale;Sereno;Normale;Buona;Ore Diurne;1;0;0;2;12.5098;41.9268;-1;1;Motociclo a solo;In marcia / fermata / arresto;Conducente;M;Rimandato;0;NON DECEDUTO;;
4078970;2;07/11/2018 14:10:00;Strada Urbana;PIAZZA CRATI;da specificare;;;;alt. via Lago di Lesina;Veicolo in marcia contro veicoli in arresto;Rettilineo;Una carreggiata a doppio senso;Asciutto;Asfaltata;Verticale ed orizzontale;Sereno;Normale;Buona;Ore Diurne;1;0;0;2;12.5098;41.9268;-1;2;Autovettura pubblica;In marcia / fermata / arresto;Conducente;M;Illeso;0;;;
4078974;2;07/11/2018 15:20:00;Strada Urbana;VIA ULISSE ALDROVANDI;da specificare;;;;prox via delle Belle Arti;Scontro laterale fra veicoli in marcia;Curva a visuale libera;Una carreggiata a doppio senso;Asciutto;Asfaltata;Verticale ed orizzontale;Sereno;Intenso;Buona;Ore Diurne;0;0;0;3;12.4858;41.9189;-1;1;Vettura tranviaria;In marcia / fermata / arresto;Conducente;M;Illeso;0;;Esente;
4078974;2;07/11/2018 15:20:00;Strada Urbana;VIA ULISSE ALDROVANDI;da specificare;;;;prox via delle Belle Arti;Scontro laterale fra veicoli in marcia;Curva a visuale libera;Una carreggiata a doppio senso;Asciutto;Asfaltata;Verticale ed orizzontale;Sereno;Intenso;Buona;Ore Diurne;0;0;0;3;12.4858;41.9189;-1;2;Autovettura privata;In marcia / fermata / arresto;Conducente;F;Illeso;0;;;
4078974;2;07/11/2018 15:20:00;Strada Urbana;VIA ULISSE ALDROVANDI;da specificare;;;;prox via delle Belle Arti;Scontro laterale fra veicoli in marcia;Curva a visuale libera;Una carreggiata a doppio senso;Asciutto;Asfaltata;Verticale ed orizzontale;Sereno;Intenso;Buona;Ore Diurne;0;0;0;3;12.4858;41.9189;-1;2;Autovettura privata;In marcia / fermata / arresto;Passeggero;M;Illeso;0;;;
4079043;20;08/11/2018 07:40:00;Strada Urbana;VIA FORNACI DI TOR DI QUINTO;da specificare;;;;circa 170 metri dopo il civico 10;Tamponamento;Rettilineo;Una carreggiata a doppio senso;Bagnato (umidità in atto);Asfaltata;Orizzontale;Sole radente;Scarso;Buona;Ore Diurne;0;1;0;1;12.4841;41.9389;-1;1;Motociclo a solo;In marcia / fermata / arresto;Conducente;M;Illeso;0;;Utilizzato;
4079043;20;08/11/2018 07:40:00;Strada Urbana;VIA FORNACI DI TOR DI QUINTO;da specificare;;;;circa 170 metri dopo il civico 10;Tamponamento;Rettilineo;Una carreggiata a doppio senso;Bagnato (umidità in atto);Asfaltata;Orizzontale;Sole radente;Scarso;Buona;Ore Diurne;0;1;0;1;12.4841;41.9389;-1;2;Velocipede;In marcia / fermata / arresto;Conducente;M;Prognosi riservata;0;NON DECEDUTO;Esente;
4079044;12;07/11/2018 15:30:00;Strada Urbana;VIALE DEI CADUTI NELLA GUERRA DI LIBERAZIONE;all'intersezione con;VIA DEGLI EROI DELLA DIFESA DI ROMA;VIA DEGLI EROI DELLA DIFESA DI ROMA;;;Scontro laterale fra veicoli in marcia;Incrocio;Una carreggiata a senso unico di marcia;Asciutto;Asfaltata;Verticale ed orizzontale;Sereno;Normale;Buona;Ore Diurne;0;0;0;2;12.451;41.7924;-1;1;Autovettura privata;In marcia / fermata / arresto;Conducente;F;Illeso;0;;Non utilizzato;Inesploso
4079044;12;07/11/2018 15:30:00;Strada Urbana;VIALE DEI CADUTI NELLA GUERRA DI LIBERAZIONE;all'intersezione con;VIA DEGLI EROI DELLA DIFESA DI ROMA;VIA DEGLI EROI DELLA DIFESA DI ROMA;;;Scontro laterale fra veicoli in marcia;Incrocio;Una carreggiata a senso unico di marcia;Asciutto;Asfaltata;Verticale ed orizzontale;Sereno;Normale;Buona;Ore Diurne;0;0;0;2;12.451;41.7924;-1;2;Autovettura privata;In marcia / fermata / arresto;Conducente;M;Illeso;0;;Utilizzato;Inesploso
4079065;12;08/11/2018 10:30:00;Strada Urbana;PIAZZA JOHN KENNEDY;all'intersezione con;VIALE DELLA CIVILTA' DEL LAVORO;VIALE DELLA CIVILTA' DEL LAVORO;;;Scontro laterale fra veicoli in marcia;Incrocio;Una carreggiata a senso unico di marcia;Asciutto;Asfaltata;Verticale ed orizzontale;Sereno;Normale;Buona;Ore Diurne;0;0;0;2;12.4732;41.8346;-1;1;Autocarro inferiore 35 q.;In marcia / fermata / arresto;Conducente;M;Illeso;0;;Utilizzato;Inesploso
4079065;12;08/11/2018 10:30:00;Strada Urbana;PIAZZA JOHN KENNEDY;all'intersezione con;VIALE DELLA CIVILTA' DEL LAVORO;VIALE DELLA CIVILTA' DEL LAVORO;;;Scontro laterale fra veicoli in marcia;Incrocio;Una carreggiata a senso unico di marcia;Asciutto;Asfaltata;Verticale ed orizzontale;Sereno;Normale;Buona;Ore Diurne;0;0;0;2;12.4732;41.8346;-1;2;Autocarro inferiore 35 q.;In marcia / fermata / arresto;Conducente;M;Illeso;0;;Utilizzato;Inesploso
4079076;9;08/11/2018 07:05:00;Strada Urbana;VIA TUSCOLANA;in corrispondenza;;del civico n.;417;;Scontro laterale fra veicoli in marcia;Rettilineo;Due carreggiate;Asciutto;Asfaltata;Verticale ed orizzontale;Sereno;Normale;Buona;Sufficiente;0;0;0;3;12.5354;41.871;-1;1;Autocarro inferiore 35 q.;In marcia / fermata / arresto;Conducente;M;Illeso;0;;Non accertato;Inesploso