Protocollo;Gruppo;DataOraIncidente;Localizzazione1;STRADA1;Localizzazione2;STRADA2;Strada02;Chilometrica;DaSpecificare;NaturaIncidente;particolaritastrade;TipoStrada;FondoStradale;Pavimentazione;Segnaletica;CondizioneAtmosferica;Traffico;Visibilita;Illuminazione;NUM_FERITI;NUM_RISERVATA;NUM_MORTI;NUM_ILLESI;Longitudine;Latitudine;Confermato;Progressivo;TipoVeicolo;StatoVeicolo;TipoPersona;Sesso;Tipolesione;Deceduto;DecedutoDopo;CinturaCascoUtilizzato;Airbag;
4080225;15;08/11/2018 15:40:00;Strada Urbana;VIA PORTUENSE;da specificare;;;;altezza palo acea 398;Tamponamento Multiplo;Rettilineo;Due carreggiate;Asciutto;Asfaltata;Orizzontale;Sereno;Normale;Buona;Ore Diurne;5;0;0;4;12.414;41.847;-1;7;Autovettura privata;In marcia / fermata / arresto;Conducente;M;Rimandato;0;NON DECEDUTO;Utilizzato;
4080225;15;08/11/2018 15:40:00;Strada Urbana;VIA PORTUENSE;da specificare;;;;altezza palo acea 398;Tamponamento Multiplo;Rettilineo;Due carreggiate;Asciutto;Asfaltata;Orizzontale;Sereno;Normale;Buona;Ore Diurne;5;0;0;4;12.414;41.847;-1;7;Autovettura privata;In marcia / fermata / arresto;Passeggero;M;Rimandato;0;NON DECEDUTO;Utilizzato;
4080243;15;08/11/2018 18:00:00;Strada Urbana;VIA PIETRO VENTURI;da specificare;;;;fronte civico 81;Veicolo in marcia contro veicolo in sosta;Rettilineo;Una carreggiata a doppio senso;Asciutto;Asfaltata;Assente;Sereno;Scarso;Sufficiente;Insufficiente;0;0;0;1;12.452;41.8563;-1;2;Motociclo con passeggero;In marcia / fermata / arresto;Conducente;M;Illeso;0;;Utilizzato;
4080273;13;08/11/2018 10:40:00;Strada Urbana;VIA DI SAPONARA;in corrispondenza;;del civico n.;209;;Investimento di pedone;Rettilineo;Una carreggiata a doppio senso;Asciutto;Asfaltata;Assente;Sereno;Normale;Buona;Ore Diurne;1;0;0;1;12.3545;41.7774;-1;;;;Pedone;F;Rimandato;0;NON DECEDUTO;;
4080273;13;08/11/2018 10:40:00;Strada Urbana;VIA DI SAPONARA;in corrispondenza;;del civico n.;209;;Investimento di pedone;Rettilineo;Una carreggiata a doppio senso;Asciutto;Asfaltata;Assente;Sereno;Normale;Buona;Ore Diurne;1;0;0;1;12.3545;41.7774;-1;1;Autovettura privata;In marcia / fermata / arresto;Conducente;M;Illeso;0;;Non accertato;Inesploso
4080274;13;08/11/2018 16:00:00;Strada Urbana;VIA LITORANEA;da specificare;;;;altezza Via Transatlantici;Tamponamento Multiplo;Rettilineo;Due carreggiate;Asciutto;Asfaltata;Verticale;Sereno;Normale;Buona;Ore Diurne;0;0;0;3;12.3735;41.6876;-1;1;Autovettura privata;In marcia / fermata / arresto;Conducente;M;Illeso;0;;Non accertato;Inesploso
4080274;13;08/11/2018 16:00:00;Strada Urbana;VIA LITORANEA;da specificare;;;;altezza Via Transatlantici;Tamponamento Multiplo;Rettilineo;Due carreggiate;Asciutto;Asfaltata;Verticale;Sereno;Normale;Buona;Ore Diurne;0;0;0;3;12.3735;41.6876;-1;2;Autovettura privata;In marcia / fermata / arresto;Conducente;M;Illeso;0;;Non accertato;Inesploso
4080274;13;08/11/2018 16:00:00;Strada Urbana;VIA LITORANEA;da specificare;;;;altezza Via Transatlantici;Tamponamento Multiplo;Rettilineo;Due carreggiate;Asciutto;Asfaltata;Verticale;Sereno;Normale;Buona;Ore Diurne;0;0;0;3;12.3735;41.6876;-1;3;Autovettura privata;In marcia / fermata / arresto;Conducente;M;Illeso;0;;Non accertato;Inesploso
4080276;13;08/11/2018 16:30:00;Strada Urbana;VIA CLES;in corrispondenza;;del civico n.;27;;Veicolo in marcia contro veicolo in sosta;Rettilineo;Una carreggiata a doppio senso;Asciutto;Asfaltata;Assente;Sereno;Normale;Buona;Ore Diurne;1;0;0;0;12.3688;41.7329;-1;1;Autovettura privata;In marcia / fermata / arresto;Conducente;M;Rimandato;0;NON DECEDUTO;Non accertato;Inesploso
4080280;11;08/11/2018 06:20:00;Strada Urbana;CIRCONVALLAZIONE OSTIENSE;all'intersezione con;VIA GIOVANNI BATTISTA MAGNAGHI;VIA GIOVANNI BATTISTA MAGNAGHI;;;Investimento di pedone;Incrocio;Due carreggiate;Asciutto;Asfaltata;Verticale ed orizzontale;Sereno;Normale;Buona;Ore Diurne;1;0;0;2;12.488;41.8671;-1;;;;Pedone;F;Rimandato;0;NON DECEDUTO;;
4080280;11;08/11/2018 06:20:00;Strada Urbana;CIRCONVALLAZIONE OSTIENSE;all'intersezione con;VIA GIOVANNI BATTISTA MAGNAGHI;VIA GIOVANNI BATTISTA MAGNAGHI;;;Investimento di pedone;Incrocio;Due carreggiate;Asciutto;Asfaltata;Verticale ed orizzontale;Sereno;Normale;Buona;Ore Diurne;1;0;0;2;12.488;41.8671;-1;1;Autovettura privata;In marcia / fermata / arresto;Conducente;M;Illeso;0;;Non accertato;
4080280;11;08/11/2018 06:20:00;Strada Urbana;CIRCONVALLAZIONE OSTIENSE;all'intersezione con;VIA GIOVANNI BATTISTA MAGNAGHI;VIA GIOVANNI BATTISTA MAGNAGHI;;;Investimento di pedone;Incrocio;Due carreggiate;Asciutto;Asfaltata;Verticale ed orizzontale;Sereno;Normale;Buona;Ore Diurne;1;0;0;2;12.488;41.8671;-1;2;Autovettura privata;In marcia / fermata / arresto;Conducente;M;Illeso;0;;Non accertato;
4080281;11;09/11/2018 05:00:00;Strada Urbana;VIA OSTIENSE;all'intersezione con;VIA DEL GAZOMETRO;VIA DEL GAZOMETRO;;;Veicolo in marcia contro ostacolo fisso;Incrocio;Più di due carreggiate;Asciutto;Asfaltata;Verticale ed orizzontale;Sereno;Scarso;Buona;Sufficiente;0;0;0;2;12.48;41.872;-1;1;Autovettura privata;In marcia / fermata / arresto;Conducente;M;Illeso;0;;;
4080281;11;09/11/2018 05:00:00;Strada Urbana;VIA OSTIENSE;all'intersezione con;VIA DEL GAZOMETRO;VIA DEL GAZOMETRO;;;Veicolo in marcia contro ostacolo fisso;Incrocio;Più di due carreggiate;Asciutto;Asfaltata;Verticale ed orizzontale;Sereno;Scarso;Buona;Sufficiente;0;0;0;2;12.48;41.872;-1;1;Autovettura privata;In marcia / fermata / arresto;Passeggero;M;Illeso;0;;;
4080283;13;08/11/2018 18:50:00;Strada Urbana;VIA DI MACCHIA SAPONARA;all'intersezione con;VIA DI SAPONARA;VIA DI SAPONARA;;;Scontro laterale fra veicoli in marcia;Rotatoria;Due carreggiate;Asciutto;Asfaltata;Orizzontale;Nuvoloso;Normale;Buona;Sufficiente;0;0;0;3;12.3518;41.7766;-1;1;Autovettura privata;In marcia / fermata / arresto;Conducente;M;Illeso;0;;Non accertato;
4080283;13;08/11/2018 18:50:00;Strada Urbana;VIA DI MACCHIA SAPONARA;all'intersezione con;VIA DI SAPONARA;VIA DI SAPONARA;;;Scontro laterale fra veicoli in marcia;Rotatoria;Due carreggiate;Asciutto;Asfaltata;Orizzontale;Nuvoloso;Normale;Buona;Sufficiente;0;0;0;3;12.3518;41.7766;-1;2;Autovettura privata;In marcia / fermata / arresto;Conducente;F;Illeso;0;;Non accertato;Inesploso
4080283;13;08/11/2018 18:50:00;Strada Urbana;VIA DI MACCHIA SAPONARA;all'intersezione con;VIA DI SAPONARA;VIA DI SAPONARA;;;Scontro laterale fra veicoli in marcia;Rotatoria;Due carreggiate;Asciutto;Asfaltata;Orizzontale;Nuvoloso;Normale;Buona;Sufficiente;0;0;0;3;12.3518;41.7766;-1;2;Autovettura privata;In marcia / fermata / arresto;Passeggero;F;Illeso;0;;Non accertato;
4080300;20;08/11/2018 07:45:00;Strada Urbana;LARGO MARESCIALLO DIAZ;all'intersezione con;LUNGOTEVERE MARESCIALLO DIAZ;LUNGOTEVERE MARESCIALLO DIAZ;;;Scontro laterale fra veicoli in marcia;Intersezione semaforizzata;Una carreggiata a senso unico di marcia;Asciutto;Asfaltata;Verticale ed orizzontale;Sereno;Normale;Buona;Ore Diurne;0;0;0;3;12.465;41.936;-1;1;Autovettura privata;In marcia / fermata / arresto;Conducente;M;Illeso;0;;;
4080300;20;08/11/2018 07:45:00;Strada Urbana;LARGO MARESCIALLO DIAZ;all'intersezione con;LUNGOTEVERE MARESCIALLO DIAZ;LUNGOTEVERE MARESCIALLO DIAZ;;;Scontro laterale fra veicoli in marcia;Intersezione semaforizzata;Una carreggiata a senso unico di marcia;Asciutto;Asfaltata;Verticale ed orizzontale;Sereno;Normale;Buona;Ore Diurne;0;0;0;3;12.465;41.936;-1;2;Autovettura privata;In marcia / fermata / arresto;Conducente;F;Illeso;0;;;
4080300;20;08/11/2018 07:45:00;Strada Urbana;LARGO MARESCIALLO DIAZ;all'intersezione con;LUNGOTEVERE MARESCIALLO DIAZ;LUNGOTEVERE MARESCIALLO DIAZ;;;Scontro laterale fra veicoli in marcia;Intersezione semaforizzata;Una carreggiata a senso unico di marcia;Asciutto;Asfaltata;Verticale ed orizzontale;Sereno;Normale;Buona;Ore Diurne;0;0;0;3;12.465;41.936;-1;2;Autovettura privata;In marcia / fermata / arresto;Passeggero;F;Illeso;0;;Non accertato;Inesploso
4080303;11;08/11/2018 14:20:00;Strada Urbana;VIA ARDEATINA;all'intersezione con;VIA NESAZIO;VIA NESAZIO;;;Tamponamento;Incrocio;Una carreggiata a doppio senso;Asciutto;Asfaltata;Orizzontale;Sereno;Intenso;Buona;Ore Diurne;1;0;0;2;12.5108;41.8563;-1;1;Autovettura privata;In marcia / fermata / arresto;Conducente;F;Illeso;0;;Non accertato;
4080303;11;08/11/2018 14:20:00;Strada Urbana;VIA ARDEATINA;all'intersezione con;VIA NESAZIO;VIA NESAZIO;;;Tamponamento;Incrocio;Una carreggiata a doppio senso;Asciutto;Asfaltata;Orizzontale;Sereno;Intenso;Buona;Ore Diurne;1;0;0;2;12.5108;41.8563;-1;1;Autovettura privata;In marcia / fermata / arresto;Passeggero;M;Illeso;0;;Non accertato;
4080303;11;08/11/2018 14:20:00;Strada Urbana;VIA ARDEATINA;all'intersezione con;VIA NESAZIO;VIA NESAZIO;;;Tamponamento;Incrocio;Una carreggiata a doppio senso;Asciutto;Asfaltata;Orizzontale;Sereno;Intenso;Buona;Ore Diurne;1;0;0;2;12.5108;41.8563;-1;2;Motociclo a solo;In marcia / fermata / arresto;Conducente;M;Rimandato;0;NON DECEDUTO;Non accertato;
4080318;20;08/11/2018 08:50:00;Strada Urbana;VIALE ANTONINO DI SAN GIULIANO;all'intersezione con;VIA DEI ROBILANT;VIA DEI ROBILANT;;;Scontro laterale fra veicoli in marcia;Incrocio;Una carreggiata a senso unico di marcia;Asciutto;Asfaltata;Verticale ed orizzontale;Sereno;Normale;Buona;Ore Diurne;1;0;0;1;12.4605;41.9372;-1;1;Autovettura privata;In marcia / fermata / arresto;Conducente;M;Illeso;0;;Non accertato;
4080318;20;08/11/2018 08:50:00;Strada Urbana;VIALE ANTONINO DI SAN GIULIANO;all'intersezione con;VIA DEI ROBILANT;VIA DEI ROBILANT;;;Scontro laterale fra veicoli in marcia;Incrocio;Una carreggiata a senso unico di marcia;Asciutto;Asfaltata;Verticale ed orizzontale;Sereno;Normale;Buona;Ore Diurne;1;0;0;1;12.4605;41.9372;-1;2;Motociclo a solo;In marcia / fermata / arresto;Conducente;M;Rimandato;0;NON DECEDUTO;Non accertato;
4080322;11;08/11/2018 15:15:00;Strada Urbana;VIA VITTORE CARPACCIO;in prossimità;;del civico n.;22;;Veicolo in marcia contro veicoli in sosta;Rettilineo;Una carreggiata a doppio senso;Asciutto;Asfaltata;Verticale ed orizzontale;Sereno;Normale;Sufficiente;Ore Diurne;0;0;0;1;12.4923;41.8487;-1;1;Autovettura privata;In marcia / fermata / arresto;Conducente;F;Illeso;0;;;
4080323;20;08/11/2018 21:10:00;Strada Urbana;VIALE DI TOR DI QUINTO;da specificare;;;;rampa di imm da Tor di Quinto dir GRA a Foro I. di;Investimento di pedone;Rettilineo;Una carreggiata a senso unico di marcia;Asciutto;Asfaltata;Orizzontale;Sereno;Normale;Insufficiente;Inesistente;2;0;0;0;12.4785;41.9447;-1;;;;Pedone;M;Rimandato;0;NON DECEDUTO;;
4080323;20;08/11/2018 21:10:00;Strada Urbana;VIALE DI TOR DI QUINTO;da specificare;;;;rampa di imm da Tor di Quinto dir GRA a Foro I. di;Investimento di pedone;Rettilineo;Una carreggiata a senso unico di marcia;Asciutto;Asfaltata;Orizzontale;Sereno;Normale;Insufficiente;Inesistente;2;0;0;0;12.4785;41.9447;-1;1;Motociclo a solo;In marcia / fermata / arresto;Conducente;M;Rimandato;0;NON DECEDUTO;Non accertato;
4080325;10;08/11/2018 11:10:00;Strada Urbana;VIA BIAGIO PETROCELLI;all'intersezione con;VIA TUSCOLANA;VIA TUSCOLANA;;;Tamponamento;Intersezione stradale segnalata;Una carreggiata a doppio senso;Asciutto;Asfaltata;Verticale ed orizzontale;Sereno;Scarso;Buona;Ore Diurne;0;0;0;2;12.6048;41.8355;-1;1;Autovettura privata;In marcia / fermata / arresto;Conducente;M;Illeso;0;;Non accertato;Inesploso
4080325;10;08/11/2018 11:10:00;Strada Urbana;VIA BIAGIO PETROCELLI;all'intersezione con;VIA TUSCOLANA;VIA TUSCOLANA;;;Tamponamento;Intersezione stradale segnalata;Una carreggiata a doppio senso;Asciutto;Asfaltata;Verticale ed orizzontale;Sereno;Scarso;Buona;Ore Diurne;0;0;0;2;12.6048;41.8355;-1;2;Autovettura privata;In marcia / fermata / arresto;Conducente;F;Illeso;0;;Non accertato;Inesploso
4080344;16;08/11/2018 07:55:00;;VIALE DI TRASTEVERE;in prossimità;;del civico n.;191;;Veicolo in marcia contro veicolo in sosta;;;;;;;;;;0;0;0;2;12.4693;41.8823;0;1;Autovettura privata;In marcia / fermata / arresto;Conducente;M;Illeso;0;;;
4080344;16;08/11/2018 07:55:00;;VIALE DI TRASTEVERE;in prossimità;;del civico n.;191;;Veicolo in marcia contro veicolo in sosta;;;;;;;;;;0;0;0;2;12.4693;41.8823;0;2;Autovettura privata;In marcia / fermata / arresto;Conducente;F;Illeso;0;;;
4080345;8;08/11/2018 16:05:00;Strada Urbana;VIA DI TOR BELLA MONACA;da specificare;;;;latezza via D. Parasacchi;Tamponamento Multiplo;Rettilineo;Due carreggiate;Asciutto;Asfaltata;Verticale;Sereno;Intenso;Buona;Ore Diurne;2;0;0;1;12.6282;41.8763;-1;1;Autovettura privata;In marcia / fermata / arresto;Conducente;M;Illeso;0;;Non accertato;Inesploso
4080345;8;08/11/2018 16:05:00;Strada Urbana;VIA DI TOR BELLA MONACA;da specificare;;;;latezza via D. Parasacchi;Tamponamento Multiplo;Rettilineo;Due carreggiate;Asciutto;Asfaltata;Verticale;Sereno;Intenso;Buona;Ore Diurne;2;0;0;1;12.6282;41.8763;-1;2;Autovettura privata;In marcia / fermata / arresto;Conducente;F;Rifiuta cure immediate;0;NON DECEDUTO;Non accertato;Inesploso
4080345;8;08/11/2018 16:05:00;Strada Urbana;VIA DI TOR BELLA MONACA;da specificare;;;;latezza via D. Parasacchi;Tamponamento Multiplo;Rettilineo;Due carreggiate;Asciutto;Asfaltata;Verticale;Sereno;Intenso;Buona;Ore Diurne;2;0;0;1;12.6282;41.8763;-1;3;Autovettura privata;In marcia / fermata / arresto;Conducente;F;Rifiuta cure immediate;0;NON DECEDUTO;Non accertato;Inesploso
4080350;11;08/11/2018 21:30:00;Strada Urbana;VIA SILVIO D'AMICO;all'intersezione con;VIA GABRIELLO CHIABRERA;VIA GABRIELLO CHIABRERA;;;Scontro frontale/laterale DX fra veicoli in marcia;Incrocio;Due carreggiate;Asciutto;Asfaltata;Verticale ed orizzontale;Sereno;Scarso;Buona;Sufficiente;2;0;0;1;12.4787;41.8517;-1;1;Autovettura privata;In marcia / fermata / arresto;Conducente;M;Rimandato;0;NON DECEDUTO;;
4080350;11;08/11/2018 21:30:00;Strada Urbana;VIA SILVIO D'AMICO;all'intersezione con;VIA GABRIELLO CHIABRERA;VIA GABRIELLO CHIABRERA;;;Scontro frontale/laterale DX fra veicoli in marcia;Incrocio;Due carreggiate;Asciutto;Asfaltata;Verticale ed orizzontale;Sereno;Scarso;Buona;Sufficiente;2;0;0;1;12.4787;41.8517;-1;1;Autovettura privata;In marcia / fermata / arresto;Passeggero;M;Rimandato;0;NON DECEDUTO;;
4080350;11;08/11/2018 21:30:00;Strada Urbana;VIA SILVIO D'AMICO;all'intersezione con;VIA GABRIELLO CHIABRERA;VIA GABRIELLO CHIABRERA;;;Scontro frontale/laterale DX fra veicoli in marcia;Incrocio;Due carreggiate;Asciutto;Asfaltata;Verticale ed orizzontale;Sereno;Scarso;Buona;Sufficiente;2;0;0;1;12.4787;41.8517;-1;2;Autovettura privata;In marcia / fermata / arresto;Conducente;F;Illeso;0;;;
4080354;8;08/11/2018 12:00:00;Strada Urbana;VIA DI PRATAPORCI;da specificare;;;;via collesano;Scontro frontale fra veicoli in marcia;Rettilineo;Una carreggiata a doppio senso;Asciutto;Asfaltata;Verticale ed orizzontale;Sereno;Normale;Buona;Ore Diurne;0;0;0;1;12.6842;41.8469;-1;1;Autovettura privata;In marcia / fermata / arresto;Conducente;M;Illeso;0;;Non accertato;Inesploso
4080369;8;08/11/2018 08:05:00;Strada Urbana;VIA PIETRO PIFFETTI;in prossimità;;del civico n.;1;;Scontro laterale fra veicoli in marcia;Rettilineo;Una carreggiata a doppio senso;Asciutto;Asfaltata;Verticale ed orizzontale;Sereno;Intenso;Buona;Ore Diurne;0;0;0;2;12.6066;41.8608;-1;1;Autovettura privata;In marcia / fermata / arresto;Conducente;F;Illeso;0;;;
4080369;8;08/11/2018 08:05:00;Strada Urbana;VIA PIETRO PIFFETTI;in prossimità;;del civico n.;1;;Scontro laterale fra veicoli in marcia;Rettilineo;Una carreggiata a doppio senso;Asciutto;Asfaltata;Verticale ed orizzontale;Sereno;Intenso;Buona;Ore Diurne;0;0;0;2;12.6066;41.8608;-1;2;Autovettura privata;In marcia / fermata / arresto;Conducente;F;Illeso;0;;;
4080378;8;08/11/2018 11:00:00;Strada Urbana;VIA GIARRE;all'intersezione con;VIA CASTELVETRANO;VIA CASTELVETRANO;;;Scontro frontale/laterale SX fra veicoli in marcia;Incrocio;Una carreggiata a senso unico di marcia;Asciutto;Asfaltata;Verticale ed orizzontale;Sereno;Scarso;Buona;Ore Diurne;2;0;0;1;12.6711;41.857;-1;1;Autovettura privata;In marcia / fermata / arresto;Conducente;F;Illeso;0;;;
4080378;8;08/11/2018 11:00:00;Strada Urbana;VIA GIARRE;all'intersezione con;VIA CASTELVETRANO;VIA CASTELVETRANO;;;Scontro frontale/laterale SX fra veicoli in marcia;Incrocio;Una carreggiata a senso unico di marcia;Asciutto;Asfaltata;Verticale ed orizzontale;Sereno;Scarso;Buona;Ore Diurne;2;0;0;1;12.6711;41.857;-1;1;Autovettura privata;In marcia / fermata / arresto;Passeggero;F;Rimandato;0;NON DECEDUTO;Non accertato;Inesploso
4080378;8;08/11/2018 11:00:00;Strada Urbana;VIA GIARRE;all'intersezione con;VIA CASTELVETRANO;VIA CASTELVETRANO;;;Scontro frontale/laterale SX fra veicoli in marcia;Incrocio;Una carreggiata a senso unico di marcia;Asciutto;Asfaltata;Verticale ed orizzontale;Sereno;Scarso;Buona;Ore Diurne;2;0;0;1;12.6711;41.857;-1;2;Autovettura privata;In marcia / fermata / arresto;Conducente;M;Rimandato;0;NON DECEDUTO;;
4080379;11;08/11/2018 15:30:00;Strada Urbana;VIALE LEONARDO DA VINCI;all'intersezione con;VIA COSTANTINO;VIA COSTANTINO;;;Scontro laterale fra veicoli in marcia;Incrocio;Due carreggiate;Asciutto;Asfaltata;Verticale ed orizzontale;Sereno;Normale;Buona;Ore Diurne;0;0;0;3;12.4807;41.8564;-1;1;Autovettura privata;In marcia / fermata / arresto;Conducente;M;Illeso;0;;;
4080379;11;08/11/2018 15:30:00;Strada Urbana;VIALE LEONARDO DA VINCI;all'intersezione con;VIA COSTANTINO;VIA COSTANTINO;;;Scontro laterale fra veicoli in marcia;Incrocio;Due carreggiate;Asciutto;Asfaltata;Verticale ed orizzontale;Sereno;Normale;Buona;Ore Diurne;0;0;0;3;12.4807;41.8564;-1;2;Autocarro inferiore 35 q.;In marcia / fermata / arresto;Conducente;M;Illeso;0;;;
4080379;11;08/11/2018 15:30:00;Strada Urbana;VIALE LEONARDO DA VINCI;all'intersezione con;VIA COSTANTINO;VIA COSTANTINO;;;Scontro laterale fra veicoli in marcia;Incrocio;Due carreggiate;Asciutto;Asfaltata;Verticale ed orizzontale;Sereno;Normale;Buona;Ore Diurne;0;0;0;3;12.4807;41.8564;-1;2;Autocarro inferiore 35 q.;In marcia / fermata / arresto;Passeggero;M;Illeso;0;;;
4080382;8;08/11/2018 09:50:00;Strada Urbana;VIA DI TOR BELLA MONACA;in prossimità;;del civico n.;705;;Scontro laterale fra veicoli in marcia;Rettilineo;Due carreggiate;Asciutto;Asfaltata;Verticale ed orizzontale;Nuvoloso;Normale;Buona;Ore Diurne;0;0;0;3;12.6333;41.871;-1;1;Autovettura privata;In marcia / fermata / arresto;Conducente;M;Illeso;0;;Non accertato;Inesploso
4080382;8;08/11/2018 09:50:00;Strada Urbana;VIA DI TOR BELLA MONACA;in prossimità;;del civico n.;705;;Scontro laterale fra veicoli in marcia;Rettilineo;Due carreggiate;Asciutto;Asfaltata;Verticale ed orizzontale;Nuvoloso;Normale;Buona;Ore Diurne;0;0;0;3;12.6333;41.871;-1;1;Autovettura privata;In marcia / fermata / arresto;Passeggero;F;Illeso;0;;Non accertato;Inesploso
4080382;8;08/11/2018 09:50:00;Strada Urbana;VIA DI TOR BELLA MONACA;in prossimità;;del civico n.;705;;Scontro laterale fra veicoli in marcia;Rettilineo;Due carreggiate;Asciutto;Asfaltata;Verticale ed orizzontale;Nuvoloso;Normale;Buona;Ore Diurne;0;0;0;3;12.6333;41.871;-1;2;Autovettura privata;In marcia / fermata / arresto;Conducente;F;Illeso;0;;Non accertato;Inesploso
4080383;5;08/11/2018 12:30:00;Strada Urbana;VIALE DELLA SERENISSIMA;da specificare;;;;ALTEZZA INVERSIONE DI MARCIA;Tamponamento Multiplo;Rettilineo;Due carreggiate;Asciutto;Asfaltata;Verticale ed orizzontale;Sereno;Intenso;Buona;Ore Diurne;0;0;0;8;12.5578;41.9018;-1;1;Autocarro inferiore 35 q.;In marcia / fermata / arresto;Conducente;M;Illeso;0;;Non accertato;Inesploso
4080383;5;08/11/2018 12:30:00;Strada Urbana;VIALE DELLA SERENISSIMA;da specificare;;;;ALTEZZA INVERSIONE DI MARCIA;Tamponamento Multiplo;Rettilineo;Due carreggiate;Asciutto;Asfaltata;Verticale ed orizzontale;Sereno;Intenso;Buona;Ore Diurne;0;0;0;8;12.5578;41.9018;-1;1;Autocarro inferiore 35 q.;In marcia / fermata / arresto;Passeggero;M;Illeso;0;;Non accertato;Inesploso
4080383;5;08/11/2018 12:30:00;Strada Urbana;VIALE DELLA SERENISSIMA;da specificare;;;;ALTEZZA INVERSIONE DI MARCIA;Tamponamento Multiplo;Rettilineo;Due carreggiate;Asciutto;Asfaltata;Verticale ed orizzontale;Sereno;Intenso;Buona;Ore Diurne;0;0;0;8;12.5578;41.9018;-1;1;Autocarro inferiore 35 q.;In marcia / fermata / arresto;Passeggero;M;Illeso;0;;Non accertato;Inesploso
4080383;5;08/11/2018 12:30:00;Strada Urbana;VIALE DELLA SERENISSIMA;da specificare;;;;ALTEZZA INVERSIONE DI MARCIA;Tamponamento Multiplo;Rettilineo;Due carreggiate;Asciutto;Asfaltata;Verticale ed orizzontale;Sereno;Intenso;Buona;Ore Diurne;0;0;0;8;12.5578;41.9018;-1;2;Autovettura privata;In marcia / fermata / arresto;Conducente;F;Illeso;0;;Non accertato;Inesploso
4080383;5;08/11/2018 12:30:00;Strada Urbana;VIALE DELLA SERENISSIMA;da specificare;;;;ALTEZZA INVERSIONE DI MARCIA;Tamponamento Multiplo;Rettilineo;Due carreggiate;Asciutto;Asfaltata;Verticale ed orizzontale;Sereno;Intenso;Buona;Ore Diurne;0;0;0;8;12.5578;41.9018;-1;3;Autovettura privata;In marcia / fermata / arresto;Conducente;M;Illeso;0;;Non accertato;Inesploso
4080383;5;08/11/2018 12:30:00;Strada Urbana;VIALE DELLA SERENISSIMA;da specificare;;;;ALTEZZA INVERSIONE DI MARCIA;Tamponamento Multiplo;Rettilineo;Due carreggiate;Asciutto;Asfaltata;Verticale ed orizzontale;Sereno;Intenso;Buona;Ore Diurne;0;0;0;8;12.5578;41.9018;-1;3;Autovettura privata;In marcia / fermata / arresto;Passeggero;F;Illeso;0;;Non accertato;Inesploso
4080383;5;08/11/2018 12:30:00;Strada Urbana;VIALE DELLA SERENISSIMA;da specificare;;;;ALTEZZA INVERSIONE DI MARCIA;Tamponamento Multiplo;Rettilineo;Due carreggiate;Asciutto;Asfaltata;Verticale ed orizzontale;Sereno;Intenso;Buona;Ore Diurne;0;0;0;8;12.5578;41.9018;-1;3;Autovettura privata;In marcia / fermata / arresto;Passeggero;M;Illeso;0;;Non accertato;Inesploso
4080383;5;08/11/2018 12:30:00;Strada Urbana;VIALE DELLA SERENISSIMA;da specificare;;;;ALTEZZA INVERSIONE DI MARCIA;Tamponamento Multiplo;Rettilineo;Due carreggiate;Asciutto;Asfaltata;Verticale ed orizzontale;Sereno;Intenso;Buona;Ore Diurne;0;0;0;8;12.5578;41.9018;-1;3;Autovettura privata;In marcia / fermata / arresto;Passeggero;M;Illeso;0;;Non accertato;Inesploso
4080389;8;08/11/2018 19:00:00;Strada Urbana;VIA WALTER TOBAGI;in prossimità;;del civico n.;32;;Veicolo in marcia contro ostacolo accidentale;Rettilineo;Una carreggiata a doppio senso;Asciutto;Asfaltata;Verticale ed orizzontale;Sereno;Normale;Buona;Sufficiente;0;0;0;1;12.5975;41.8688;-1;1;Motociclo a solo;In marcia / fermata / arresto;Conducente;M;Illeso;0;;;
4080391;5;08/11/2018 13:00:00;Strada Urbana;VIA TIBURTINA;da specificare;;;;ALL'ALTEZZA DEL CIVICO 1210;Scontro laterale fra veicoli in marcia;Rettilineo;Due carreggiate;Asciutto;Bitumata;Verticale;Sereno;Normale;Buona;Ore Diurne;0;0;0;2;12.6035;41.9336;-1;1;Autocarro inferiore 35 q.;In marcia / fermata / arresto;Conducente;M;Illeso;0;;Non accertato;
4080391;5;08/11/2018 13:00:00;Strada Urbana;VIA TIBURTINA;da specificare;;;;ALL'ALTEZZA DEL CIVICO 1210;Scontro laterale fra veicoli in marcia;Rettilineo;Due carreggiate;Asciutto;Bitumata;Verticale;Sereno;Normale;Buona;Ore Diurne;0;0;0;2;12.6035;41.9336;-1;2;Autovettura privata;In marcia / fermata / arresto;Conducente;F;Illeso;0;;Non accertato;
4080395;8;08/11/2018 21:00:00;;VIA DI TORRE SPACCATA;in prossimità;;del civico n.;224;;Veicolo in marcia contro veicolo in sosta;;;;;;;;;;0;0;0;1;;;0;1;Autovettura privata;In marcia / fermata / arresto;Conducente;M;Illeso;0;;Non accertato;Inesploso
4080397;5;08/11/2018 16:05:00;Strada Urbana;VIA TIBURTINA;in prossimità;;del civico n.;1383;;Investimento di pedone;Rettilineo;Più di due carreggiate;Asciutto;Asfaltata;Verticale ed orizzontale;Sereno;Normale;Buona;Ore Diurne;1;0;0;1;12.623;41.9381;-1;;;;Pedone;F;Rimandato;0;NON DECEDUTO;;
4080397;5;08/11/2018 16:05:00;Strada Urbana;VIA TIBURTINA;in prossimità;;del civico n.;1383;;Investimento di pedone;Rettilineo;Più di due carreggiate;Asciutto;Asfaltata;Verticale ed orizzontale;Sereno;Normale;Buona;Ore Diurne;1;0;0;1;12.623;41.9381;-1;1;Autovettura privata;In marcia / fermata / arresto;Conducente;F;Illeso;0;;Non accertato;
4080399;9;08/11/2018 14:30:00;Strada Urbana;VIA APPIA NUOVA;in prossimità;;del civico n.;541/g;;Scontro laterale fra veicoli in marcia;Rettilineo;Due carreggiate;Asciutto;Asfaltata;Verticale ed orizzontale;Sereno;Normale;Buona;Ore Diurne;0;0;0;3;12.5277;41.8713;-1;1;Autovettura privata;In marcia / fermata / arresto;Conducente;M;Illeso;0;;Non accertato;Inesploso