Protocollo;Gruppo;DataOraIncidente;Localizzazione1;STRADA1;Localizzazione2;STRADA2;Strada02;Chilometrica;DaSpecificare;NaturaIncidente;particolaritastrade;TipoStrada;FondoStradale;Pavimentazione;Segnaletica;CondizioneAtmosferica;Traffico;Visibilita;Illuminazione;NUM_FERITI;NUM_RISERVATA;NUM_MORTI;NUM_ILLESI;Longitudine;Latitudine;Confermato;Progressivo;TipoVeicolo;StatoVeicolo;TipoPersona;Sesso;Tipolesione;Deceduto;DecedutoDopo;CinturaCascoUtilizzato;Airbag;
4080570;17;08/11/2018 17:55:00;Strada Urbana;VIA LEONE IV;all'intersezione semaforizzata con;LARGO TRIONFALE;LARGO TRIONFALE;;;Investimento di pedone;Incrocio;Una carreggiata a doppio senso;Asciutto;Asfaltata;Verticale ed orizzontale;Sereno;Normale;Buona;Sufficiente;0;0;0;2;12.4549;41.9104;-1;;;;Pedone;M;Illeso;0;;;
4080570;17;08/11/2018 17:55:00;Strada Urbana;VIA LEONE IV;all'intersezione semaforizzata con;LARGO TRIONFALE;LARGO TRIONFALE;;;Investimento di pedone;Incrocio;Una carreggiata a doppio senso;Asciutto;Asfaltata;Verticale ed orizzontale;Sereno;Normale;Buona;Sufficiente;0;0;0;2;12.4549;41.9104;-1;1;Motociclo a solo;In marcia / fermata / arresto;Conducente;M;Illeso;0;;;
4080575;16;08/11/2018 17:45:00;Strada Urbana;VIA LEONE XIII;in prossimità;;del palo luce n.;24;;Infortunio per sola frenata improvvisa;Rettilineo;Due carreggiate;Asciutto;Asfaltata;Assente;Sereno;Intenso;Buona;Sufficiente;1;0;0;2;12.4404;41.8869;-1;1;Motociclo a solo;In marcia / fermata / arresto;Conducente;M;Ricoverato;0;NON DECEDUTO;Non accertato;
4080575;16;08/11/2018 17:45:00;Strada Urbana;VIA LEONE XIII;in prossimità;;del palo luce n.;24;;Infortunio per sola frenata improvvisa;Rettilineo;Due carreggiate;Asciutto;Asfaltata;Assente;Sereno;Intenso;Buona;Sufficiente;1;0;0;2;12.4404;41.8869;-1;2;Autovettura privata;In marcia / fermata / arresto;Conducente;F;Illeso;0;;Non accertato;
4080575;16;08/11/2018 17:45:00;Strada Urbana;VIA LEONE XIII;in prossimità;;del palo luce n.;24;;Infortunio per sola frenata improvvisa;Rettilineo;Due carreggiate;Asciutto;Asfaltata;Assente;Sereno;Intenso;Buona;Sufficiente;1;0;0;2;12.4404;41.8869;-1;3;Autovettura privata;In marcia / fermata / arresto;Conducente;M;Illeso;0;;Non accertato;Inesploso
4080581;10;08/11/2018 17:50:00;Strada Urbana;VIA TUSCOLANA;all'intersezione semaforizzata con;VIA CARTAGINE;VIA CARTAGINE;;;Tamponamento;Intersezione semaforizzata;Due carreggiate;Asciutto;Asfaltata;Verticale ed orizzontale;Sereno;Intenso;Sufficiente;Sufficiente;1;0;0;1;12.5524;41.8621;-1;1;Motociclo a solo;In marcia / fermata / arresto;Conducente;F;Rimandato;0;NON DECEDUTO;Non accertato;
4080581;10;08/11/2018 17:50:00;Strada Urbana;VIA TUSCOLANA;all'intersezione semaforizzata con;VIA CARTAGINE;VIA CARTAGINE;;;Tamponamento;Intersezione semaforizzata;Due carreggiate;Asciutto;Asfaltata;Verticale ed orizzontale;Sereno;Intenso;Sufficiente;Sufficiente;1;0;0;1;12.5524;41.8621;-1;2;Autovettura privata;In marcia / fermata / arresto;Conducente;F;Illeso;0;;Non accertato;Inesploso
4080639;10;09/11/2018 01:20:00;Strada Urbana;PIAZZA ZAMA;da specificare;;;;fronte civ. 32;Veicolo in marcia contro veicoli in sosta;Rettilineo;Una carreggiata a senso unico di marcia;Asciutto;Asfaltata;Verticale ed orizzontale;Sereno;Scarso;Buona;Sufficiente;0;0;0;1;12.5103;41.8759;-1;1;Autovettura privata;In marcia / fermata / arresto;Conducente;M;Illeso;0;;Non accertato;Inesploso
4080647;4;08/11/2018 16:20:00;Altra strada;VIA NOMENTANA;da specificare;;;;ALTEZZA CAVALCAVIA G.R.A;Tamponamento Multiplo;Cavalcavia;Una carreggiata a doppio senso;Asciutto;Asfaltata;Orizzontale;Sereno;Intenso;Buona;Ore Diurne;1;0;0;5;12.5728;41.9579;-1;1;Autocarro inferiore 35 q.;In marcia / fermata / arresto;Conducente;M;Illeso;0;;Non accertato;
4080647;4;08/11/2018 16:20:00;Altra strada;VIA NOMENTANA;da specificare;;;;ALTEZZA CAVALCAVIA G.R.A;Tamponamento Multiplo;Cavalcavia;Una carreggiata a doppio senso;Asciutto;Asfaltata;Orizzontale;Sereno;Intenso;Buona;Ore Diurne;1;0;0;5;12.5728;41.9579;-1;1;Autocarro inferiore 35 q.;In marcia / fermata / arresto;Passeggero;M;Illeso;0;;Non accertato;
4080647;4;08/11/2018 16:20:00;Altra strada;VIA NOMENTANA;da specificare;;;;ALTEZZA CAVALCAVIA G.R.A;Tamponamento Multiplo;Cavalcavia;Una carreggiata a doppio senso;Asciutto;Asfaltata;Orizzontale;Sereno;Intenso;Buona;Ore Diurne;1;0;0;5;12.5728;41.9579;-1;2;Autovettura privata;In marcia / fermata / arresto;Conducente;F;Illeso;0;;Non accertato;
4080647;4;08/11/2018 16:20:00;Altra strada;VIA NOMENTANA;da specificare;;;;ALTEZZA CAVALCAVIA G.R.A;Tamponamento Multiplo;Cavalcavia;Una carreggiata a doppio senso;Asciutto;Asfaltata;Orizzontale;Sereno;Intenso;Buona;Ore Diurne;1;0;0;5;12.5728;41.9579;-1;2;Autovettura privata;In marcia / fermata / arresto;Passeggero;M;Illeso;0;;Non accertato;
4080647;4;08/11/2018 16:20:00;Altra strada;VIA NOMENTANA;da specificare;;;;ALTEZZA CAVALCAVIA G.R.A;Tamponamento Multiplo;Cavalcavia;Una carreggiata a doppio senso;Asciutto;Asfaltata;Orizzontale;Sereno;Intenso;Buona;Ore Diurne;1;0;0;5;12.5728;41.9579;-1;3;Autovettura privata;In marcia / fermata / arresto;Conducente;F;Rimandato;0;NON DECEDUTO;;
4080647;4;08/11/2018 16:20:00;Altra strada;VIA NOMENTANA;da specificare;;;;ALTEZZA CAVALCAVIA G.R.A;Tamponamento Multiplo;Cavalcavia;Una carreggiata a doppio senso;Asciutto;Asfaltata;Orizzontale;Sereno;Intenso;Buona;Ore Diurne;1;0;0;5;12.5728;41.9579;-1;4;Autovettura privata;In marcia / fermata / arresto;Conducente;M;Illeso;0;;Non accertato;
4080670;17;08/11/2018 16:45:00;Strada Urbana;PIAZZALE CLODIO;in prossimità;;del civico n.;2;;Scontro frontale/laterale DX fra veicoli in marcia;Rettilineo;Una carreggiata a senso unico di marcia;Asciutto;Asfaltata;Verticale ed orizzontale;Sereno;Normale;Sufficiente;Ore Diurne;0;0;0;2;12.456;41.9173;-1;1;Autovettura privata;In marcia / fermata / arresto;Conducente;F;Illeso;0;;;
4080670;17;08/11/2018 16:45:00;Strada Urbana;PIAZZALE CLODIO;in prossimità;;del civico n.;2;;Scontro frontale/laterale DX fra veicoli in marcia;Rettilineo;Una carreggiata a senso unico di marcia;Asciutto;Asfaltata;Verticale ed orizzontale;Sereno;Normale;Sufficiente;Ore Diurne;0;0;0;2;12.456;41.9173;-1;2;Autovettura privata;In marcia / fermata / arresto;Conducente;M;Illeso;0;;;
4080724;10;09/11/2018 04:00:00;Strada Urbana;VIALE BRUNO PELIZZI;da specificare;;;;MT. 50 DOPO CIV. 67;Fuoriuscita dalla sede stradale;Curva senza visuale libera;Due carreggiate;Asciutto;Asfaltata;Orizzontale;Sereno;Scarso;Sufficiente;Sufficiente;1;0;0;0;12.5839;41.8567;-1;1;Motociclo a solo;In marcia / fermata / arresto;Conducente;M;Ricoverato;0;NON DECEDUTO;Non accertato;
4080729;2;08/11/2018 13:40:00;Strada Urbana;VIA ANTONIO GRAMSCI;in prossimità;;del civico n.;34;;Investimento di pedone;Rettilineo;Una carreggiata a senso unico di marcia;Asciutto;Asfaltata;Verticale ed orizzontale;Sereno;Scarso;Buona;Ore Diurne;1;0;0;1;12.4776;41.9212;-1;;;;Pedone;M;Rimandato;0;NON DECEDUTO;;
4080729;2;08/11/2018 13:40:00;Strada Urbana;VIA ANTONIO GRAMSCI;in prossimità;;del civico n.;34;;Investimento di pedone;Rettilineo;Una carreggiata a senso unico di marcia;Asciutto;Asfaltata;Verticale ed orizzontale;Sereno;Scarso;Buona;Ore Diurne;1;0;0;1;12.4776;41.9212;-1;1;Ciclomotore;In marcia / fermata / arresto;Conducente;M;Illeso;0;;Non accertato;
4080739;1;07/11/2018 18:35:00;;VIA CRISTOFORO COLOMBO;da specificare;;;;.;Scontro laterale fra veicoli in marcia;;;;;;;;;;0;0;0;2;;;0;1;Autovettura privata;In marcia / fermata / arresto;Conducente;M;Illeso;0;;Non accertato;Inesploso
4080739;1;07/11/2018 18:35:00;;VIA CRISTOFORO COLOMBO;da specificare;;;;.;Scontro laterale fra veicoli in marcia;;;;;;;;;;0;0;0;2;;;0;2;Autocarro inferiore 35 q.;In marcia / fermata / arresto;Conducente;M;Illeso;0;;;
4080747;4;08/11/2018 18:30:00;Strada Urbana;VIA ADOLFO ALBERTAZZI;in corrispondenza;;del civico n.;1;;Veicolo in marcia contro veicolo in sosta;Rettilineo;Una carreggiata a senso unico di marcia;Asciutto;Asfaltata;Verticale ed orizzontale;Sereno;Normale;Buona;Sufficiente;0;0;0;2;12.5421;41.9507;-1;1;Autovettura privata;In marcia / fermata / arresto;Conducente;F;Illeso;0;;Non accertato;Inesploso
4080747;4;08/11/2018 18:30:00;Strada Urbana;VIA ADOLFO ALBERTAZZI;in corrispondenza;;del civico n.;1;;Veicolo in marcia contro veicolo in sosta;Rettilineo;Una carreggiata a senso unico di marcia;Asciutto;Asfaltata;Verticale ed orizzontale;Sereno;Normale;Buona;Sufficiente;0;0;0;2;12.5421;41.9507;-1;1;Autovettura privata;In marcia / fermata / arresto;Passeggero;F;Illeso;0;;Non accertato;Inesploso
4080759;2;08/11/2018 07:10:00;Strada Urbana;VIA SALARIA;da specificare;;;;alt. VIALE REGINA MARGHERITA;Scontro laterale fra veicoli in marcia;Rettilineo;Due carreggiate;Asciutto;Asfaltata;Verticale ed orizzontale;Sereno;Normale;Buona;Ore Diurne;0;0;0;2;12.4984;41.9196;-1;1;Autovettura privata;In marcia / fermata / arresto;Conducente;M;Illeso;0;;Non accertato;Inesploso
4080759;2;08/11/2018 07:10:00;Strada Urbana;VIA SALARIA;da specificare;;;;alt. VIALE REGINA MARGHERITA;Scontro laterale fra veicoli in marcia;Rettilineo;Due carreggiate;Asciutto;Asfaltata;Verticale ed orizzontale;Sereno;Normale;Buona;Ore Diurne;0;0;0;2;12.4984;41.9196;-1;1;Autovettura privata;In marcia / fermata / arresto;Passeggero;M;Illeso;0;;Non accertato;Inesploso
4080770;3;08/11/2018 16:00:00;;VIALE DELLO SCALO S. LORENZO;da specificare;;;;fronte 25;Scontro laterale fra veicoli in marcia;;;;;;;;;;0;0;0;1;;;0;1;Autovettura privata;In marcia / fermata / arresto;Conducente;M;Illeso;0;;;
4080773;3;07/11/2018 16:00:00;Strada Urbana;CIRCONVALLAZIONE TIBURTINA;da specificare;;;;direzioe San Giovanni pross. Sacrario Militare;Scontro laterale fra veicoli in marcia;Rettilineo;Una carreggiata a senso unico di marcia;Asciutto;Asfaltata;Verticale ed orizzontale;Sereno;Intenso;Buona;Ore Diurne;0;0;0;2;12.5307;41.9019;-1;1;Autovettura privata;In marcia / fermata / arresto;Conducente;F;Illeso;0;;Non accertato;
4080773;3;07/11/2018 16:00:00;Strada Urbana;CIRCONVALLAZIONE TIBURTINA;da specificare;;;;direzioe San Giovanni pross. Sacrario Militare;Scontro laterale fra veicoli in marcia;Rettilineo;Una carreggiata a senso unico di marcia;Asciutto;Asfaltata;Verticale ed orizzontale;Sereno;Intenso;Buona;Ore Diurne;0;0;0;2;12.5307;41.9019;-1;2;Autocarro inferiore 35 q.;In marcia / fermata / arresto;Conducente;M;Illeso;0;;Non accertato;
4080776;3;07/11/2018 10:00:00;Strada Urbana;VIA NOMENTANA;da specificare;;;;fronte civ 265;Scontro frontale fra veicoli in marcia;Rettilineo;Più di due carreggiate;Asciutto;Asfaltata;Verticale ed orizzontale;Sereno;Normale;Buona;Ore Diurne;1;0;0;3;12.5099;41.9154;0;1;Motociclo a solo;In marcia / fermata / arresto;Conducente;M;Rimandato;0;NON DECEDUTO;Non accertato;
4080776;3;07/11/2018 10:00:00;Strada Urbana;VIA NOMENTANA;da specificare;;;;fronte civ 265;Scontro frontale fra veicoli in marcia;Rettilineo;Più di due carreggiate;Asciutto;Asfaltata;Verticale ed orizzontale;Sereno;Normale;Buona;Ore Diurne;1;0;0;3;12.5099;41.9154;0;2;Autovettura privata;In marcia / fermata / arresto;Conducente;M;Illeso;0;;Non accertato;Inesploso
4080776;3;07/11/2018 10:00:00;Strada Urbana;VIA NOMENTANA;da specificare;;;;fronte civ 265;Scontro frontale fra veicoli in marcia;Rettilineo;Più di due carreggiate;Asciutto;Asfaltata;Verticale ed orizzontale;Sereno;Normale;Buona;Ore Diurne;1;0;0;3;12.5099;41.9154;0;2;Autovettura privata;In marcia / fermata / arresto;Passeggero;M;Illeso;0;;Non accertato;Inesploso
4080776;3;07/11/2018 10:00:00;Strada Urbana;VIA NOMENTANA;da specificare;;;;fronte civ 265;Scontro frontale fra veicoli in marcia;Rettilineo;Più di due carreggiate;Asciutto;Asfaltata;Verticale ed orizzontale;Sereno;Normale;Buona;Ore Diurne;1;0;0;3;12.5099;41.9154;0;3;Autovettura privata;In marcia / fermata / arresto;Conducente;F;Illeso;0;;Non accertato;Inesploso
4080784;3;07/11/2018 20:05:00;Strada Urbana;CIRCONVALLAZIONE TIBURTINA;da specificare;;;;direz. San Giovanni altezza Sacrario;Scontro laterale fra veicoli in marcia;Rettilineo;Una carreggiata a senso unico di marcia;Asciutto;Asfaltata;Orizzontale;Sereno;Normale;Buona;Sufficiente;0;0;0;2;12.5306;41.9013;-1;1;Motociclo a solo;In marcia / fermata / arresto;Conducente;M;Illeso;0;;;
4080784;3;07/11/2018 20:05:00;Strada Urbana;CIRCONVALLAZIONE TIBURTINA;da specificare;;;;direz. San Giovanni altezza Sacrario;Scontro laterale fra veicoli in marcia;Rettilineo;Una carreggiata a senso unico di marcia;Asciutto;Asfaltata;Orizzontale;Sereno;Normale;Buona;Sufficiente;0;0;0;2;12.5306;41.9013;-1;2;Autovettura privata;In marcia / fermata / arresto;Conducente;M;Illeso;0;;Non accertato;
4080787;3;08/11/2018 12:30:00;Strada Urbana;VIA DEI MONTI TIBURTINI;da specificare;;;;direzione Lanciani altezza Ponte Lanciani;Tamponamento;Rettilineo;Due carreggiate;Asciutto;Asfaltata;Orizzontale;Sereno;Normale;Buona;Ore Diurne;0;0;0;2;12.5278;41.9213;-1;1;Autovettura privata;In marcia / fermata / arresto;Conducente;F;Illeso;0;;Non accertato;
4080787;3;08/11/2018 12:30:00;Strada Urbana;VIA DEI MONTI TIBURTINI;da specificare;;;;direzione Lanciani altezza Ponte Lanciani;Tamponamento;Rettilineo;Due carreggiate;Asciutto;Asfaltata;Orizzontale;Sereno;Normale;Buona;Ore Diurne;0;0;0;2;12.5278;41.9213;-1;2;Motociclo a solo;In marcia / fermata / arresto;Conducente;M;Illeso;0;;Non accertato;
4080789;4;08/11/2018 10:20:00;Strada Urbana;VIA MONTE GIBERTO;in corrispondenza;;del civico n.;21;;Scontro laterale fra veicoli in marcia;Rettilineo;Una carreggiata a doppio senso;Asciutto;Asfaltata;Verticale ed orizzontale;Sereno;Normale;Buona;Ore Diurne;0;0;0;4;12.5162;41.979;-1;1;Autovettura privata;In marcia / fermata / arresto;Conducente;F;Illeso;0;;Non accertato;
4080789;4;08/11/2018 10:20:00;Strada Urbana;VIA MONTE GIBERTO;in corrispondenza;;del civico n.;21;;Scontro laterale fra veicoli in marcia;Rettilineo;Una carreggiata a doppio senso;Asciutto;Asfaltata;Verticale ed orizzontale;Sereno;Normale;Buona;Ore Diurne;0;0;0;4;12.5162;41.979;-1;2;Autovettura privata;In marcia / fermata / arresto;Conducente;M;Illeso;0;;Non accertato;
4080789;4;08/11/2018 10:20:00;Strada Urbana;VIA MONTE GIBERTO;in corrispondenza;;del civico n.;21;;Scontro laterale fra veicoli in marcia;Rettilineo;Una carreggiata a doppio senso;Asciutto;Asfaltata;Verticale ed orizzontale;Sereno;Normale;Buona;Ore Diurne;0;0;0;4;12.5162;41.979;-1;3;Autovettura privata;In marcia / fermata / arresto;Conducente;M;Illeso;0;;;
4080789;4;08/11/2018 10:20:00;Strada Urbana;VIA MONTE GIBERTO;in corrispondenza;;del civico n.;21;;Scontro laterale fra veicoli in marcia;Rettilineo;Una carreggiata a doppio senso;Asciutto;Asfaltata;Verticale ed orizzontale;Sereno;Normale;Buona;Ore Diurne;0;0;0;4;12.5162;41.979;-1;3;Autovettura privata;In marcia / fermata / arresto;Passeggero;F;Illeso;0;;;
4080793;18;08/11/2018 18:55:00;Strada Urbana;VIA DI BOCCEA;all'intersezione con;VIA DI VAL CANNUTA;VIA DI VAL CANNUTA;;;Scontro frontale/laterale DX fra veicoli in marcia;Intersezione non regolata/non segnalata;Una carreggiata a doppio senso;Asciutto;Asfaltata;Verticale ed orizzontale;Sereno;Normale;Buona;Sufficiente;0;0;0;1;12.3847;41.9149;-1;1;Motociclo a solo;In marcia / fermata / arresto;Conducente;M;Illeso;0;;;
4080794;1;09/11/2018 08:00:00;Strada Urbana;PONTE PRINCIPE AMEDEO SAVOIA AOSTA;all'intersezione semaforizzata con;LUNGOTEVERE DEI FIORENTINI;LUNGOTEVERE DEI FIORENTINI;;;Scontro laterale fra veicoli in marcia;Intersezione semaforizzata;Una carreggiata a senso unico di marcia;Asciutto;Asfaltata;Verticale ed orizzontale;Sereno;Intenso;Buona;Ore Diurne;0;0;0;4;12.4642;41.8998;-1;1;Autovettura privata;In marcia / fermata / arresto;Conducente;M;Illeso;0;;Non accertato;Inesploso
4080794;1;09/11/2018 08:00:00;Strada Urbana;PONTE PRINCIPE AMEDEO SAVOIA AOSTA;all'intersezione semaforizzata con;LUNGOTEVERE DEI FIORENTINI;LUNGOTEVERE DEI FIORENTINI;;;Scontro laterale fra veicoli in marcia;Intersezione semaforizzata;Una carreggiata a senso unico di marcia;Asciutto;Asfaltata;Verticale ed orizzontale;Sereno;Intenso;Buona;Ore Diurne;0;0;0;4;12.4642;41.8998;-1;2;Motociclo a solo;In marcia / fermata / arresto;Conducente;M;Illeso;0;;Non accertato;
4080794;1;09/11/2018 08:00:00;Strada Urbana;PONTE PRINCIPE AMEDEO SAVOIA AOSTA;all'intersezione semaforizzata con;LUNGOTEVERE DEI FIORENTINI;LUNGOTEVERE DEI FIORENTINI;;;Scontro laterale fra veicoli in marcia;Intersezione semaforizzata;Una carreggiata a senso unico di marcia;Asciutto;Asfaltata;Verticale ed orizzontale;Sereno;Intenso;Buona;Ore Diurne;0;0;0;4;12.4642;41.8998;-1;3;Autovettura privata;In marcia / fermata / arresto;Conducente;F;Illeso;0;;Non accertato;Inesploso
4080794;1;09/11/2018 08:00:00;Strada Urbana;PONTE PRINCIPE AMEDEO SAVOIA AOSTA;all'intersezione semaforizzata con;LUNGOTEVERE DEI FIORENTINI;LUNGOTEVERE DEI FIORENTINI;;;Scontro laterale fra veicoli in marcia;Intersezione semaforizzata;Una carreggiata a senso unico di marcia;Asciutto;Asfaltata;Verticale ed orizzontale;Sereno;Intenso;Buona;Ore Diurne;0;0;0;4;12.4642;41.8998;-1;3;Autovettura privata;In marcia / fermata / arresto;Passeggero;F;Illeso;0;;Non accertato;
4080798;3;08/11/2018 12:30:00;Strada Urbana;VIA CATANIA;in prossimità;;del civico n.;111;;Scontro laterale fra veicoli in marcia;Rettilineo;Una carreggiata a senso unico di marcia;Asciutto;Asfaltata;Verticale ed orizzontale;Sereno;Normale;Buona;Ore Diurne;0;0;0;2;12.5207;41.9098;-1;1;Autocarro superiore 35 q.;In marcia / fermata / arresto;Conducente;M;Illeso;0;;Non accertato;
4080798;3;08/11/2018 12:30:00;Strada Urbana;VIA CATANIA;in prossimità;;del civico n.;111;;Scontro laterale fra veicoli in marcia;Rettilineo;Una carreggiata a senso unico di marcia;Asciutto;Asfaltata;Verticale ed orizzontale;Sereno;Normale;Buona;Ore Diurne;0;0;0;2;12.5207;41.9098;-1;2;Autovettura privata;In marcia / fermata / arresto;Conducente;F;Illeso;0;;Non accertato;
4080802;3;07/11/2018 16:45:00;Strada Urbana;VIALE DEL POLICLINICO;all'intersezione con;VIALE DELL'UNIVERSITA';VIALE DELL'UNIVERSITA';;;Scontro laterale fra veicoli in marcia;Intersezione semaforizzata;Più di due carreggiate;Asciutto;Asfaltata;Verticale ed orizzontale;Sereno;Normale;Buona;Sufficiente;0;0;0;2;12.5051;41.9083;-1;1;Autovettura privata;In marcia / fermata / arresto;Conducente;F;Illeso;0;;Non accertato;
4080802;3;07/11/2018 16:45:00;Strada Urbana;VIALE DEL POLICLINICO;all'intersezione con;VIALE DELL'UNIVERSITA';VIALE DELL'UNIVERSITA';;;Scontro laterale fra veicoli in marcia;Intersezione semaforizzata;Più di due carreggiate;Asciutto;Asfaltata;Verticale ed orizzontale;Sereno;Normale;Buona;Sufficiente;0;0;0;2;12.5051;41.9083;-1;2;Autovettura privata;In marcia / fermata / arresto;Conducente;M;Illeso;0;;Non accertato;
4080809;3;08/11/2018 07:50:00;Strada Urbana;PIAZZA BOLOGNA;in corrispondenza;;del civico n.;17;;Investimento di pedone;Rettilineo;Una carreggiata a senso unico di marcia;Asciutto;Asfaltata;Verticale ed orizzontale;Sereno;Normale;Buona;Ore Diurne;0;0;0;3;12.5206;41.913;-1;;;;Pedone;F;Illeso;0;;;
4080809;3;08/11/2018 07:50:00;Strada Urbana;PIAZZA BOLOGNA;in corrispondenza;;del civico n.;17;;Investimento di pedone;Rettilineo;Una carreggiata a senso unico di marcia;Asciutto;Asfaltata;Verticale ed orizzontale;Sereno;Normale;Buona;Ore Diurne;0;0;0;3;12.5206;41.913;-1;1;Autovettura di polizia;In marcia / fermata / arresto;Conducente;M;Illeso;0;;Non accertato;
4080809;3;08/11/2018 07:50:00;Strada Urbana;PIAZZA BOLOGNA;in corrispondenza;;del civico n.;17;;Investimento di pedone;Rettilineo;Una carreggiata a senso unico di marcia;Asciutto;Asfaltata;Verticale ed orizzontale;Sereno;Normale;Buona;Ore Diurne;0;0;0;3;12.5206;41.913;-1;1;Autovettura di polizia;In marcia / fermata / arresto;Passeggero;M;Illeso;0;;Non accertato;
4080810;4;08/11/2018 22:50:00;Provinciale entro l'abitato;VIA NOMENTANA;in corrispondenza;;del civico n.;1108;;Veicolo in marcia contro ostacolo fisso;Rettilineo;Una carreggiata a doppio senso;Asciutto;Asfaltata;Orizzontale;Sereno;Normale;Sufficiente;Sufficiente;2;0;0;0;12.5765;41.9553;-1;1;Autovettura privata;In marcia / fermata / arresto;Conducente;M;Rimandato;0;NON DECEDUTO;;
4080810;4;08/11/2018 22:50:00;Provinciale entro l'abitato;VIA NOMENTANA;in corrispondenza;;del civico n.;1108;;Veicolo in marcia contro ostacolo fisso;Rettilineo;Una carreggiata a doppio senso;Asciutto;Asfaltata;Orizzontale;Sereno;Normale;Sufficiente;Sufficiente;2;0;0;0;12.5765;41.9553;-1;1;Autovettura privata;In marcia / fermata / arresto;Passeggero;M;Rimandato;0;NON DECEDUTO;;
4080812;2;08/11/2018 09:00:00;Strada Urbana;LUNGOTEVERE GRANDE A.GLIO THAON DI REVEL;da specificare;;;;fronte civico 5;Tamponamento Multiplo;Rettilineo;Due carreggiate;Asciutto;Asfaltata;Verticale ed orizzontale;Sereno;Normale;Buona;Ore Diurne;3;0;0;1;12.4645;41.9328;-1;1;Autovettura privata;In marcia / fermata / arresto;Conducente;M;Illeso;0;;;
4080812;2;08/11/2018 09:00:00;Strada Urbana;LUNGOTEVERE GRANDE A.GLIO THAON DI REVEL;da specificare;;;;fronte civico 5;Tamponamento Multiplo;Rettilineo;Due carreggiate;Asciutto;Asfaltata;Verticale ed orizzontale;Sereno;Normale;Buona;Ore Diurne;3;0;0;1;12.4645;41.9328;-1;2;Autovettura privata;In marcia / fermata / arresto;Conducente;M;Rifiuta cure immediate;0;NON DECEDUTO;;
4080812;2;08/11/2018 09:00:00;Strada Urbana;LUNGOTEVERE GRANDE A.GLIO THAON DI REVEL;da specificare;;;;fronte civico 5;Tamponamento Multiplo;Rettilineo;Due carreggiate;Asciutto;Asfaltata;Verticale ed orizzontale;Sereno;Normale;Buona;Ore Diurne;3;0;0;1;12.4645;41.9328;-1;3;Autovettura di polizia;In marcia / fermata / arresto;Conducente;M;Rifiuta cure immediate;0;NON DECEDUTO;;
4080812;2;08/11/2018 09:00:00;Strada Urbana;LUNGOTEVERE GRANDE A.GLIO THAON DI REVEL;da specificare;;;;fronte civico 5;Tamponamento Multiplo;Rettilineo;Due carreggiate;Asciutto;Asfaltata;Verticale ed orizzontale;Sereno;Normale;Buona;Ore Diurne;3;0;0;1;12.4645;41.9328;-1;3;Autovettura di polizia;In marcia / fermata / arresto;Passeggero;M;Rifiuta cure immediate;0;NON DECEDUTO;;
4080813;3;08/11/2018 10:45:00;Strada Urbana;VIA TIBURTINA;in prossimità;;del civico n.;279;;Scontro laterale fra veicoli in marcia;Rettilineo;Più di due carreggiate;Asciutto;Asfaltata;Verticale ed orizzontale;Sereno;Normale;Buona;Ore Diurne;0;0;0;3;12.5251;41.9081;-1;1;Autovettura privata;In marcia / fermata / arresto;Conducente;M;Illeso;0;;Non accertato;
4080813;3;08/11/2018 10:45:00;Strada Urbana;VIA TIBURTINA;in prossimità;;del civico n.;279;;Scontro laterale fra veicoli in marcia;Rettilineo;Più di due carreggiate;Asciutto;Asfaltata;Verticale ed orizzontale;Sereno;Normale;Buona;Ore Diurne;0;0;0;3;12.5251;41.9081;-1;1;Autovettura privata;In marcia / fermata / arresto;Passeggero;F;Illeso;0;;Non accertato;
4080813;3;08/11/2018 10:45:00;Strada Urbana;VIA TIBURTINA;in prossimità;;del civico n.;279;;Scontro laterale fra veicoli in marcia;Rettilineo;Più di due carreggiate;Asciutto;Asfaltata;Verticale ed orizzontale;Sereno;Normale;Buona;Ore Diurne;0;0;0;3;12.5251;41.9081;-1;2;Autovettura privata;In marcia / fermata / arresto;Conducente;M;Illeso;0;;Non accertato;
4080820;3;08/11/2018 11:20:00;Strada Urbana;VIALE IPPOCRATE;da specificare;;;;fronte civico 160;Veicolo in marcia contro veicolo fermo;Pendenza;Due carreggiate;Asciutto;Asfaltata;Verticale ed orizzontale;Sereno;Intenso;Buona;Ore Diurne;0;0;0;4;12.5168;41.9066;-1;1;Autovettura privata;In marcia / fermata / arresto;Conducente;F;Illeso;0;;Non accertato;
4080820;3;08/11/2018 11:20:00;Strada Urbana;VIALE IPPOCRATE;da specificare;;;;fronte civico 160;Veicolo in marcia contro veicolo fermo;Pendenza;Due carreggiate;Asciutto;Asfaltata;Verticale ed orizzontale;Sereno;Intenso;Buona;Ore Diurne;0;0;0;4;12.5168;41.9066;-1;1;Autovettura privata;In marcia / fermata / arresto;Passeggero;F;Illeso;0;;Non accertato;
4080820;3;08/11/2018 11:20:00;Strada Urbana;VIALE IPPOCRATE;da specificare;;;;fronte civico 160;Veicolo in marcia contro veicolo fermo;Pendenza;Due carreggiate;Asciutto;Asfaltata;Verticale ed orizzontale;Sereno;Intenso;Buona;Ore Diurne;0;0;0;4;12.5168;41.9066;-1;2;Autovettura privata;In marcia / fermata / arresto;Conducente;F;Illeso;0;;Non accertato;
4080820;3;08/11/2018 11:20:00;Strada Urbana;VIALE IPPOCRATE;da specificare;;;;fronte civico 160;Veicolo in marcia contro veicolo fermo;Pendenza;Due carreggiate;Asciutto;Asfaltata;Verticale ed orizzontale;Sereno;Intenso;Buona;Ore Diurne;0;0;0;4;12.5168;41.9066;-1;2;Autovettura privata;In marcia / fermata / arresto;Passeggero;M;Illeso;0;;Non accertato;