Protocollo;Gruppo;DataOraIncidente;Localizzazione1;STRADA1;Localizzazione2;STRADA2;Strada02;Chilometrica;DaSpecificare;NaturaIncidente;particolaritastrade;TipoStrada;FondoStradale;Pavimentazione;Segnaletica;CondizioneAtmosferica;Traffico;Visibilita;Illuminazione;NUM_FERITI;NUM_RISERVATA;NUM_MORTI;NUM_ILLESI;Longitudine;Latitudine;Confermato;Progressivo;TipoVeicolo;StatoVeicolo;TipoPersona;Sesso;Tipolesione;Deceduto;DecedutoDopo;CinturaCascoUtilizzato;Airbag;
4080825;4;08/11/2018 15:15:00;Strada Urbana;VIA DELLA CECCHINA;all'intersezione con;VIA FRANCO SACCHETTI;VIA FRANCO SACCHETTI;;;Scontro frontale/laterale DX fra veicoli in marcia;Intersezione stradale segnalata;Una carreggiata a doppio senso;Asciutto;Asfaltata;Assente;Sereno;Normale;Buona;Ore Diurne;0;0;0;2;12.5421;41.9476;-1;1;Autovettura privata;In marcia / fermata / arresto;Conducente;F;Illeso;0;;;
4080825;4;08/11/2018 15:15:00;Strada Urbana;VIA DELLA CECCHINA;all'intersezione con;VIA FRANCO SACCHETTI;VIA FRANCO SACCHETTI;;;Scontro frontale/laterale DX fra veicoli in marcia;Intersezione stradale segnalata;Una carreggiata a doppio senso;Asciutto;Asfaltata;Assente;Sereno;Normale;Buona;Ore Diurne;0;0;0;2;12.5421;41.9476;-1;2;Autovettura privata;In marcia / fermata / arresto;Conducente;F;Illeso;0;;;
4080829;3;08/11/2018 22:30:00;Strada Urbana;VIA TREVISO;all'intersezione con;VIA PAVIA;VIA PAVIA;;;Scontro frontale/laterale SX fra veicoli in marcia;Intersezione stradale segnalata;Una carreggiata a doppio senso;Asciutto;Asfaltata;Verticale ed orizzontale;Sereno;Scarso;Sufficiente;Sufficiente;1;0;0;2;12.5136;41.9088;-1;1;Autovettura privata;In marcia / fermata / arresto;Conducente;M;Illeso;0;;Non accertato;Inesploso
4080829;3;08/11/2018 22:30:00;Strada Urbana;VIA TREVISO;all'intersezione con;VIA PAVIA;VIA PAVIA;;;Scontro frontale/laterale SX fra veicoli in marcia;Intersezione stradale segnalata;Una carreggiata a doppio senso;Asciutto;Asfaltata;Verticale ed orizzontale;Sereno;Scarso;Sufficiente;Sufficiente;1;0;0;2;12.5136;41.9088;-1;2;Motociclo con passeggero;In marcia / fermata / arresto;Conducente;M;Illeso;0;;;
4080829;3;08/11/2018 22:30:00;Strada Urbana;VIA TREVISO;all'intersezione con;VIA PAVIA;VIA PAVIA;;;Scontro frontale/laterale SX fra veicoli in marcia;Intersezione stradale segnalata;Una carreggiata a doppio senso;Asciutto;Asfaltata;Verticale ed orizzontale;Sereno;Scarso;Sufficiente;Sufficiente;1;0;0;2;12.5136;41.9088;-1;2;Motociclo con passeggero;In marcia / fermata / arresto;Passeggero;M;Ricoverato;0;NON DECEDUTO;Non accertato;
4080842;3;08/11/2018 15:25:00;;VIA TIBURTINA ANTICA;da specificare;;;;fr civ 8;Scontro frontale fra veicoli in marcia;;;;;;;;;;0;0;0;1;12.5108;41.8975;0;1;Autovettura privata;In marcia / fermata / arresto;Conducente;F;Illeso;0;;;
4080847;3;09/11/2018 03:00:00;Strada Urbana;PIAZZA GALENO;da specificare;;;;pross civ 1;Veicolo in marcia contro ostacolo fisso;Rotatoria;Una carreggiata a senso unico di marcia;Asciutto;Asfaltata;Verticale ed orizzontale;Sereno;Scarso;Sufficiente;Sufficiente;2;0;0;2;12.5093;41.9112;-1;1;Autovettura privata;In marcia / fermata / arresto;Conducente;M;Illeso;0;;;
4080847;3;09/11/2018 03:00:00;Strada Urbana;PIAZZA GALENO;da specificare;;;;pross civ 1;Veicolo in marcia contro ostacolo fisso;Rotatoria;Una carreggiata a senso unico di marcia;Asciutto;Asfaltata;Verticale ed orizzontale;Sereno;Scarso;Sufficiente;Sufficiente;2;0;0;2;12.5093;41.9112;-1;1;Autovettura privata;In marcia / fermata / arresto;Passeggero;M;Rimandato;0;NON DECEDUTO;;
4080847;3;09/11/2018 03:00:00;Strada Urbana;PIAZZA GALENO;da specificare;;;;pross civ 1;Veicolo in marcia contro ostacolo fisso;Rotatoria;Una carreggiata a senso unico di marcia;Asciutto;Asfaltata;Verticale ed orizzontale;Sereno;Scarso;Sufficiente;Sufficiente;2;0;0;2;12.5093;41.9112;-1;1;Autovettura privata;In marcia / fermata / arresto;Passeggero;M;Illeso;0;;;
4080847;3;09/11/2018 03:00:00;Strada Urbana;PIAZZA GALENO;da specificare;;;;pross civ 1;Veicolo in marcia contro ostacolo fisso;Rotatoria;Una carreggiata a senso unico di marcia;Asciutto;Asfaltata;Verticale ed orizzontale;Sereno;Scarso;Sufficiente;Sufficiente;2;0;0;2;12.5093;41.9112;-1;1;Autovettura privata;In marcia / fermata / arresto;Passeggero;M;Rimandato;0;NON DECEDUTO;;
4080863;9;09/11/2018 06:15:00;Strada Urbana;PIAZZA GALERIA;all'intersezione semaforizzata con;VIA LATINA;VIA LATINA;;;Scontro frontale/laterale DX fra veicoli in marcia;Incrocio;Due carreggiate;Asciutto;Asfaltata;Verticale ed orizzontale;Sereno;Normale;Buona;Sufficiente;0;1;0;1;12.5061;41.8747;-1;1;Autocarro inferiore 35 q.;In marcia / fermata / arresto;Conducente;M;Illeso;0;;Non accertato;Inesploso
4080863;9;09/11/2018 06:15:00;Strada Urbana;PIAZZA GALERIA;all'intersezione semaforizzata con;VIA LATINA;VIA LATINA;;;Scontro frontale/laterale DX fra veicoli in marcia;Incrocio;Due carreggiate;Asciutto;Asfaltata;Verticale ed orizzontale;Sereno;Normale;Buona;Sufficiente;0;1;0;1;12.5061;41.8747;-1;2;Motociclo a solo;In marcia / fermata / arresto;Conducente;M;Prognosi riservata;0;NON DECEDUTO;Non accertato;
4080890;17;08/11/2018 15:00:00;Strada Urbana;PIAZZA DEL RISORGIMENTO;in prossimità;;del civico n.;20;;Scontro laterale fra veicoli in marcia;Rettilineo;Una carreggiata a senso unico di marcia;Asciutto;Asfaltata;Verticale ed orizzontale;Sereno;Normale;Buona;Ore Diurne;0;0;0;2;12.4574;41.9067;-1;1;Autovettura pubblica;In marcia / fermata / arresto;Conducente;M;Illeso;0;;;
4080890;17;08/11/2018 15:00:00;Strada Urbana;PIAZZA DEL RISORGIMENTO;in prossimità;;del civico n.;20;;Scontro laterale fra veicoli in marcia;Rettilineo;Una carreggiata a senso unico di marcia;Asciutto;Asfaltata;Verticale ed orizzontale;Sereno;Normale;Buona;Ore Diurne;0;0;0;2;12.4574;41.9067;-1;2;Autocarro superiore 35 q.;In marcia / fermata / arresto;Conducente;F;Illeso;0;;;
4080895;2;08/11/2018 09:45:00;Strada Urbana;VIALE DEL MURO TORTO;da specificare;;;;dir. P.le Flaminio pross. Ponte P.le dei Martiri;Tamponamento;Rettilineo;Due carreggiate;Asciutto;Asfaltata;Orizzontale;Sereno;Normale;Buona;Ore Diurne;0;0;0;3;12.4817;41.9107;-1;1;Quadriciclo leggero;In marcia / fermata / arresto;Conducente;M;Illeso;0;;Non accertato;Inesploso
4080895;2;08/11/2018 09:45:00;Strada Urbana;VIALE DEL MURO TORTO;da specificare;;;;dir. P.le Flaminio pross. Ponte P.le dei Martiri;Tamponamento;Rettilineo;Due carreggiate;Asciutto;Asfaltata;Orizzontale;Sereno;Normale;Buona;Ore Diurne;0;0;0;3;12.4817;41.9107;-1;1;Quadriciclo leggero;In marcia / fermata / arresto;Passeggero;F;Illeso;0;;Non accertato;Inesploso
4080895;2;08/11/2018 09:45:00;Strada Urbana;VIALE DEL MURO TORTO;da specificare;;;;dir. P.le Flaminio pross. Ponte P.le dei Martiri;Tamponamento;Rettilineo;Due carreggiate;Asciutto;Asfaltata;Orizzontale;Sereno;Normale;Buona;Ore Diurne;0;0;0;3;12.4817;41.9107;-1;2;Autovettura privata;In marcia / fermata / arresto;Conducente;M;Illeso;0;;Non accertato;Inesploso
4080933;18;08/11/2018 19:20:00;Strada Urbana;VIA DI BOCCEA;in prossimità;;del civico n.;44;;Investimento di pedone;Rettilineo;Una carreggiata a doppio senso;Asciutto;Asfaltata;Verticale;Sereno;Scarso;Buona;Sufficiente;1;0;0;1;12.4283;41.9002;-1;;;;Pedone;M;Rifiuta cure immediate;0;NON DECEDUTO;;
4080933;18;08/11/2018 19:20:00;Strada Urbana;VIA DI BOCCEA;in prossimità;;del civico n.;44;;Investimento di pedone;Rettilineo;Una carreggiata a doppio senso;Asciutto;Asfaltata;Verticale;Sereno;Scarso;Buona;Sufficiente;1;0;0;1;12.4283;41.9002;-1;1;Motociclo a solo;In marcia / fermata / arresto;Conducente;M;Illeso;0;;Non accertato;
4080962;12;08/11/2018 16:00:00;Strada Urbana;VIA PONTINA;da specificare;;;;civico 323 direz. Roma centro;Tamponamento Multiplo;Rettilineo;Una carreggiata a doppio senso;Asciutto;Asfaltata;Verticale ed orizzontale;Sereno;Intenso;Buona;Ore Diurne;0;0;0;3;12.4528;41.7953;-1;1;Autovettura privata;In marcia / fermata / arresto;Conducente;F;Illeso;0;;Non accertato;Inesploso
4080962;12;08/11/2018 16:00:00;Strada Urbana;VIA PONTINA;da specificare;;;;civico 323 direz. Roma centro;Tamponamento Multiplo;Rettilineo;Una carreggiata a doppio senso;Asciutto;Asfaltata;Verticale ed orizzontale;Sereno;Intenso;Buona;Ore Diurne;0;0;0;3;12.4528;41.7953;-1;2;Autovettura privata;In marcia / fermata / arresto;Conducente;M;Illeso;0;;Non accertato;Inesploso
4080962;12;08/11/2018 16:00:00;Strada Urbana;VIA PONTINA;da specificare;;;;civico 323 direz. Roma centro;Tamponamento Multiplo;Rettilineo;Una carreggiata a doppio senso;Asciutto;Asfaltata;Verticale ed orizzontale;Sereno;Intenso;Buona;Ore Diurne;0;0;0;3;12.4528;41.7953;-1;3;Autovettura privata;In marcia / fermata / arresto;Conducente;M;Illeso;0;;Non accertato;Inesploso
4080967;2;08/11/2018 18:15:00;Strada Urbana;PIAZZA SANTIAGO DEL CILE;in prossimità;;del civico n.;9;;Investimento di pedone;Rotatoria;Una carreggiata a doppio senso;Asciutto;Asfaltata;Verticale ed orizzontale;Sereno;Normale;Sufficiente;Sufficiente;1;0;0;2;12.4866;41.9263;-1;;;;Pedone;F;Rimandato;0;NON DECEDUTO;;
4080967;2;08/11/2018 18:15:00;Strada Urbana;PIAZZA SANTIAGO DEL CILE;in prossimità;;del civico n.;9;;Investimento di pedone;Rotatoria;Una carreggiata a doppio senso;Asciutto;Asfaltata;Verticale ed orizzontale;Sereno;Normale;Sufficiente;Sufficiente;1;0;0;2;12.4866;41.9263;-1;1;Autovettura privata;In marcia / fermata / arresto;Conducente;M;Illeso;0;;Non accertato;Inesploso
4080967;2;08/11/2018 18:15:00;Strada Urbana;PIAZZA SANTIAGO DEL CILE;in prossimità;;del civico n.;9;;Investimento di pedone;Rotatoria;Una carreggiata a doppio senso;Asciutto;Asfaltata;Verticale ed orizzontale;Sereno;Normale;Sufficiente;Sufficiente;1;0;0;2;12.4866;41.9263;-1;1;Autovettura privata;In marcia / fermata / arresto;Passeggero;F;Illeso;0;;Non accertato;Inesploso
4080973;15;09/11/2018 08:45:00;Strada Urbana;VIA LUIGI CANDONI;da specificare;;;; 80 metri dopo civico 91;Veicolo in marcia contro ostacolo fisso;Rettilineo;Una carreggiata a doppio senso;Bagnato (umidità in atto);Asfaltata;Orizzontale;Sereno;Scarso;Sufficiente;Ore Diurne;0;0;0;1;12.4131;41.8311;-1;1;Autobus di linea;In marcia / fermata / arresto;Conducente;M;Illeso;0;;Non accertato;Inesploso
4081160;10;09/11/2018 14:20:00;Strada Urbana;PIAZZA S. GIOVANNI BOSCO;all'intersezione con;VIALE MARCO FULVIO NOBILIORE;VIALE MARCO FULVIO NOBILIORE;;;Veicolo in marcia contro veicolo in sosta;Intersezione stradale segnalata;Più di due carreggiate;Asciutto;Asfaltata;Verticale ed orizzontale;Sereno;Normale;Sufficiente;Ore Diurne;0;0;0;1;12.5653;41.8595;-1;1;Autovettura privata;In marcia / fermata / arresto;Conducente;M;Illeso;0;;Non accertato;Inesploso
4081191;2;08/11/2018 13:10:00;Strada Urbana;VIALE ERITREA;in prossimità;;del civico n.;2;;Scontro laterale fra veicoli in marcia;Rettilineo;Due carreggiate;Asciutto;Asfaltata;Verticale ed orizzontale;Sereno;Normale;Buona;Ore Diurne;0;0;0;1;12.5161;41.9248;-1;1;Motociclo a solo;In marcia / fermata / arresto;Conducente;M;Illeso;0;;Non accertato;
4081192;18;09/11/2018 11:15:00;Statale;VIA AURELIA;in prossimità;;della chilometrica;11;;Tamponamento;Rettilineo;Due carreggiate;Asciutto;Asfaltata;Verticale ed orizzontale;Nuvoloso;Normale;Buona;Ore Diurne;0;0;0;3;10.3425;43.4653;-1;1;Autovettura privata;In marcia / fermata / arresto;Conducente;M;Illeso;0;;Non accertato;Inesploso
4081192;18;09/11/2018 11:15:00;Statale;VIA AURELIA;in prossimità;;della chilometrica;11;;Tamponamento;Rettilineo;Due carreggiate;Asciutto;Asfaltata;Verticale ed orizzontale;Nuvoloso;Normale;Buona;Ore Diurne;0;0;0;3;10.3425;43.4653;-1;1;Autovettura privata;In marcia / fermata / arresto;Passeggero;F;Illeso;0;;Non accertato;Inesploso
4081192;18;09/11/2018 11:15:00;Statale;VIA AURELIA;in prossimità;;della chilometrica;11;;Tamponamento;Rettilineo;Due carreggiate;Asciutto;Asfaltata;Verticale ed orizzontale;Nuvoloso;Normale;Buona;Ore Diurne;0;0;0;3;10.3425;43.4653;-1;2;Autocarro inferiore 35 q.;In marcia / fermata / arresto;Conducente;M;Illeso;0;;Non accertato;Inesploso
4081205;2;08/11/2018 15:50:00;Strada Urbana;VIA DI S. VALENTINO;all'intersezione con;VIA ANTONIO POLLAIOLO;VIA ANTONIO POLLAIOLO;;;Scontro laterale fra veicoli in marcia;Incrocio;Una carreggiata a doppio senso;Asciutto;Asfaltata;Verticale;Sereno;Scarso;Buona;Ore Diurne;0;0;0;2;12.4741;41.9262;-1;1;Autovettura privata;In marcia / fermata / arresto;Conducente;F;Illeso;0;;Non accertato;Inesploso
4081205;2;08/11/2018 15:50:00;Strada Urbana;VIA DI S. VALENTINO;all'intersezione con;VIA ANTONIO POLLAIOLO;VIA ANTONIO POLLAIOLO;;;Scontro laterale fra veicoli in marcia;Incrocio;Una carreggiata a doppio senso;Asciutto;Asfaltata;Verticale;Sereno;Scarso;Buona;Ore Diurne;0;0;0;2;12.4741;41.9262;-1;2;Autovettura pubblica;In marcia / fermata / arresto;Conducente;M;Illeso;0;;Non accertato;Inesploso
4081207;17;08/11/2018 18:45:00;Strada Urbana;PIAZZALE MARESCIALLO GIARDINO;all'intersezione semaforizzata con;LUNGOTEVERE MARESCIALLO CADORNA;LUNGOTEVERE MARESCIALLO CADORNA;;;Scontro laterale fra veicoli in marcia;Intersezione semaforizzata;Due carreggiate;Asciutto;Asfaltata;Verticale ed orizzontale;Sereno;Intenso;Buona;Sufficiente;0;0;0;4;12.458;41.9237;-1;1;Autovettura privata;In marcia / fermata / arresto;Conducente;F;Illeso;0;;;
4081207;17;08/11/2018 18:45:00;Strada Urbana;PIAZZALE MARESCIALLO GIARDINO;all'intersezione semaforizzata con;LUNGOTEVERE MARESCIALLO CADORNA;LUNGOTEVERE MARESCIALLO CADORNA;;;Scontro laterale fra veicoli in marcia;Intersezione semaforizzata;Due carreggiate;Asciutto;Asfaltata;Verticale ed orizzontale;Sereno;Intenso;Buona;Sufficiente;0;0;0;4;12.458;41.9237;-1;2;Autovettura privata;In marcia / fermata / arresto;Conducente;M;Illeso;0;;;
4081207;17;08/11/2018 18:45:00;Strada Urbana;PIAZZALE MARESCIALLO GIARDINO;all'intersezione semaforizzata con;LUNGOTEVERE MARESCIALLO CADORNA;LUNGOTEVERE MARESCIALLO CADORNA;;;Scontro laterale fra veicoli in marcia;Intersezione semaforizzata;Due carreggiate;Asciutto;Asfaltata;Verticale ed orizzontale;Sereno;Intenso;Buona;Sufficiente;0;0;0;4;12.458;41.9237;-1;2;Autovettura privata;In marcia / fermata / arresto;Passeggero;M;Illeso;0;;;
4081207;17;08/11/2018 18:45:00;Strada Urbana;PIAZZALE MARESCIALLO GIARDINO;all'intersezione semaforizzata con;LUNGOTEVERE MARESCIALLO CADORNA;LUNGOTEVERE MARESCIALLO CADORNA;;;Scontro laterale fra veicoli in marcia;Intersezione semaforizzata;Due carreggiate;Asciutto;Asfaltata;Verticale ed orizzontale;Sereno;Intenso;Buona;Sufficiente;0;0;0;4;12.458;41.9237;-1;2;Autovettura privata;In marcia / fermata / arresto;Passeggero;M;Illeso;0;;;
4081219;2;08/11/2018 13:30:00;Strada Urbana;VIA DEL FORO ITALICO;in prossimità;;del civico n.;430;;Tamponamento Multiplo;Rettilineo;Due carreggiate;Asciutto;Asfaltata;Verticale ed orizzontale;Sereno;Intenso;Buona;Ore Diurne;1;0;0;2;12.4871;41.9383;-1;1;Autovettura privata;In marcia / fermata / arresto;Conducente;M;Illeso;0;;Non accertato;Inesploso
4081219;2;08/11/2018 13:30:00;Strada Urbana;VIA DEL FORO ITALICO;in prossimità;;del civico n.;430;;Tamponamento Multiplo;Rettilineo;Due carreggiate;Asciutto;Asfaltata;Verticale ed orizzontale;Sereno;Intenso;Buona;Ore Diurne;1;0;0;2;12.4871;41.9383;-1;2;Autovettura privata;In marcia / fermata / arresto;Conducente;M;Rimandato;0;NON DECEDUTO;Non accertato;Inesploso
4081219;2;08/11/2018 13:30:00;Strada Urbana;VIA DEL FORO ITALICO;in prossimità;;del civico n.;430;;Tamponamento Multiplo;Rettilineo;Due carreggiate;Asciutto;Asfaltata;Verticale ed orizzontale;Sereno;Intenso;Buona;Ore Diurne;1;0;0;2;12.4871;41.9383;-1;3;Autovettura privata;In marcia / fermata / arresto;Conducente;M;Illeso;0;;Non accertato;Inesploso
4081325;18;09/11/2018 12:45:00;Strada Urbana;VIA GREGORIO XI;in prossimità;;del civico n.;301;;Scontro laterale fra veicoli in marcia;Rettilineo;Due carreggiate;Asciutto;Asfaltata;Verticale ed orizzontale;Nuvoloso;Scarso;Buona;Ore Diurne;0;0;0;2;12.4106;41.8931;-1;1;Autovettura privata;In marcia / fermata / arresto;Conducente;M;Illeso;0;;Non accertato;Inesploso
4081325;18;09/11/2018 12:45:00;Strada Urbana;VIA GREGORIO XI;in prossimità;;del civico n.;301;;Scontro laterale fra veicoli in marcia;Rettilineo;Due carreggiate;Asciutto;Asfaltata;Verticale ed orizzontale;Nuvoloso;Scarso;Buona;Ore Diurne;0;0;0;2;12.4106;41.8931;-1;2;Autovettura privata;In marcia / fermata / arresto;Conducente;M;Illeso;0;;Non accertato;Inesploso
4081353;17;09/11/2018 14:29:00;Strada Urbana;PIAZZALE MARESCIALLO GIARDINO;da specificare;;;;svincolo inversione di marcia per viale Angelico;Scontro laterale fra veicoli in marcia;Curva a visuale libera;Una carreggiata a senso unico di marcia;Asciutto;Asfaltata;Orizzontale;Sereno;Normale;Buona;Ore Diurne;1;0;0;2;12.4587;41.9235;-1;1;Autocarro inferiore 35 q.;In marcia / fermata / arresto;Conducente;M;Illeso;0;;Non accertato;
4081353;17;09/11/2018 14:29:00;Strada Urbana;PIAZZALE MARESCIALLO GIARDINO;da specificare;;;;svincolo inversione di marcia per viale Angelico;Scontro laterale fra veicoli in marcia;Curva a visuale libera;Una carreggiata a senso unico di marcia;Asciutto;Asfaltata;Orizzontale;Sereno;Normale;Buona;Ore Diurne;1;0;0;2;12.4587;41.9235;-1;1;Autocarro inferiore 35 q.;In marcia / fermata / arresto;Passeggero;M;Illeso;0;;Non accertato;Inesploso
4081353;17;09/11/2018 14:29:00;Strada Urbana;PIAZZALE MARESCIALLO GIARDINO;da specificare;;;;svincolo inversione di marcia per viale Angelico;Scontro laterale fra veicoli in marcia;Curva a visuale libera;Una carreggiata a senso unico di marcia;Asciutto;Asfaltata;Orizzontale;Sereno;Normale;Buona;Ore Diurne;1;0;0;2;12.4587;41.9235;-1;2;Motociclo a solo;In marcia / fermata / arresto;Conducente;M;Rimandato;0;NON DECEDUTO;Non accertato;
4081550;10;09/11/2018 17:30:00;Strada Urbana;PIAZZA FABIO SABATINI;all'intersezione con;VIA UBALDO COMANDINI;VIA UBALDO COMANDINI;;;Scontro frontale/laterale DX fra veicoli in marcia;Rotatoria;Una carreggiata a senso unico di marcia;Asciutto;Asfaltata;Verticale ed orizzontale;Sereno;Normale;Sufficiente;Sufficiente;1;0;0;2;12.5914;41.8465;-1;1;Autovettura privata;In marcia / fermata / arresto;Conducente;M;Rimandato;0;NON DECEDUTO;Non accertato;Inesploso
4081550;10;09/11/2018 17:30:00;Strada Urbana;PIAZZA FABIO SABATINI;all'intersezione con;VIA UBALDO COMANDINI;VIA UBALDO COMANDINI;;;Scontro frontale/laterale DX fra veicoli in marcia;Rotatoria;Una carreggiata a senso unico di marcia;Asciutto;Asfaltata;Verticale ed orizzontale;Sereno;Normale;Sufficiente;Sufficiente;1;0;0;2;12.5914;41.8465;-1;2;Autovettura privata;In marcia / fermata / arresto;Conducente;F;Illeso;0;;Non accertato;Inesploso
4081550;10;09/11/2018 17:30:00;Strada Urbana;PIAZZA FABIO SABATINI;all'intersezione con;VIA UBALDO COMANDINI;VIA UBALDO COMANDINI;;;Scontro frontale/laterale DX fra veicoli in marcia;Rotatoria;Una carreggiata a senso unico di marcia;Asciutto;Asfaltata;Verticale ed orizzontale;Sereno;Normale;Sufficiente;Sufficiente;1;0;0;2;12.5914;41.8465;-1;2;Autovettura privata;In marcia / fermata / arresto;Passeggero;F;Illeso;0;;Non accertato;Inesploso
4081552;18;09/11/2018 18:00:00;Strada Urbana;VIA AURELIA;da specificare;;;;altezza Via Marvasi;Scontro laterale fra veicoli in marcia;Curva a visuale libera;Due carreggiate;Asciutto;Asfaltata;Verticale;Sereno;Normale;Sufficiente;Sufficiente;0;0;0;2;12.413;41.8911;-1;1;Autovettura privata;In marcia / fermata / arresto;Conducente;M;Illeso;0;;Non accertato;Inesploso
4081552;18;09/11/2018 18:00:00;Strada Urbana;VIA AURELIA;da specificare;;;;altezza Via Marvasi;Scontro laterale fra veicoli in marcia;Curva a visuale libera;Due carreggiate;Asciutto;Asfaltata;Verticale;Sereno;Normale;Sufficiente;Sufficiente;0;0;0;2;12.413;41.8911;-1;2;Autocarro superiore 35 q.;In marcia / fermata / arresto;Conducente;M;Illeso;0;;Non accertato;Inesploso
4081651;12;09/11/2018 15:25:00;Strada Urbana;VIALE DON PASQUINO BORGHI;da specificare;;;;altezza Palo Acea n° 25;Veicolo in marcia contro ostacolo accidentale;Rettilineo;Due carreggiate;Asciutto;Con buche;Verticale ed orizzontale;Nuvoloso;Normale;Buona;Ore Diurne;0;0;0;1;12.4422;41.8122;-1;1;Autovettura privata;In marcia / fermata / arresto;Conducente;M;Illeso;0;;Utilizzato;Inesploso
4082135;8;09/11/2018 17:50:00;;VIA PIETRO PAOLO TROMPEO;in corrispondenza;;del civico n.;82;;Veicolo in marcia contro ostacolo accidentale;;;;;;;;;;0;0;0;2;;;0;1;Autovettura privata;In marcia / fermata / arresto;Conducente;M;Illeso;0;;Non accertato;Inesploso
4082135;8;09/11/2018 17:50:00;;VIA PIETRO PAOLO TROMPEO;in corrispondenza;;del civico n.;82;;Veicolo in marcia contro ostacolo accidentale;;;;;;;;;;0;0;0;2;;;0;1;Autovettura privata;In marcia / fermata / arresto;Passeggero;M;Illeso;0;;Non accertato;Inesploso
4082146;15;09/11/2018 13:30:00;Strada Urbana;VIA PORTUENSE;all'intersezione con;VIA DEL TRULLO;VIA DEL TRULLO;;;Scontro frontale/laterale SX fra veicoli in marcia;Intersezione semaforizzata;Due carreggiate;Asciutto;Asfaltata;Verticale ed orizzontale;Sereno;Normale;Buona;Ore Diurne;0;0;0;2;12.414;41.847;-1;1;Autovettura privata;In marcia / fermata / arresto;Conducente;F;Illeso;0;;Non accertato;Inesploso
4082146;15;09/11/2018 13:30:00;Strada Urbana;VIA PORTUENSE;all'intersezione con;VIA DEL TRULLO;VIA DEL TRULLO;;;Scontro frontale/laterale SX fra veicoli in marcia;Intersezione semaforizzata;Due carreggiate;Asciutto;Asfaltata;Verticale ed orizzontale;Sereno;Normale;Buona;Ore Diurne;0;0;0;2;12.414;41.847;-1;2;Motociclo a solo;In marcia / fermata / arresto;Conducente;M;Illeso;0;;Non accertato;
4082152;11;09/11/2018 11:00:00;Strada Urbana;VIA COSTANTINO;da specificare;;;;prossimità Via della Vila di Lucina;Scontro frontale/laterale DX fra veicoli in marcia;Rettilineo;Una carreggiata a doppio senso;Asciutto;Asfaltata;Verticale ed orizzontale;Nuvoloso;Normale;Buona;Ore Diurne;1;0;0;1;12.4862;41.857;-1;1;Autovettura privata;In marcia / fermata / arresto;Conducente;F;Illeso;0;;;
4082152;11;09/11/2018 11:00:00;Strada Urbana;VIA COSTANTINO;da specificare;;;;prossimità Via della Vila di Lucina;Scontro frontale/laterale DX fra veicoli in marcia;Rettilineo;Una carreggiata a doppio senso;Asciutto;Asfaltata;Verticale ed orizzontale;Nuvoloso;Normale;Buona;Ore Diurne;1;0;0;1;12.4862;41.857;-1;2;Motociclo a solo;In marcia / fermata / arresto;Conducente;M;Rimandato;0;NON DECEDUTO;;
4082163;8;10/11/2018 05:00:00;;VIA EMILIO LONGONI;in prossimità;;del civico n.;99;;Veicolo in marcia contro ostacolo fisso;;;;;;;;;;1;0;0;0;12.6031;41.9008;0;1;Autovettura privata;In marcia / fermata / arresto;Conducente;M;Rimandato;0;NON DECEDUTO;;Inesploso
4082170;11;09/11/2018 09:00:00;Strada Urbana;VIALE GUGLIELMO MARCONI;da specificare;;;;fronte civ. 905;Tamponamento;Rettilineo;Due carreggiate;Asciutto;Asfaltata;Verticale ed orizzontale;Sereno;Intenso;Buona;Ore Diurne;1;0;0;1;12.4758;41.8472;-1;1;Autovettura privata;In marcia / fermata / arresto;Conducente;M;Illeso;0;;Non accertato;
4082170;11;09/11/2018 09:00:00;Strada Urbana;VIALE GUGLIELMO MARCONI;da specificare;;;;fronte civ. 905;Tamponamento;Rettilineo;Due carreggiate;Asciutto;Asfaltata;Verticale ed orizzontale;Sereno;Intenso;Buona;Ore Diurne;1;0;0;1;12.4758;41.8472;-1;2;Motociclo a solo;In marcia / fermata / arresto;Conducente;M;Rimandato;0;NON DECEDUTO;Non accertato;
4082190;8;09/11/2018 11:45:00;Strada Urbana;VIA DEL TORRACCIO;all'intersezione con;VIA GAGLIANO DEL CAPO;VIA GAGLIANO DEL CAPO;;;Tamponamento;Rotatoria;Una carreggiata a doppio senso;Asciutto;Asfaltata;Verticale ed orizzontale;Sereno;Scarso;Buona;Ore Diurne;0;0;0;3;9.644;45.397;-1;1;Autocarro inferiore 35 q.;In marcia / fermata / arresto;Conducente;M;Illeso;0;;Non accertato;Inesploso
4082190;8;09/11/2018 11:45:00;Strada Urbana;VIA DEL TORRACCIO;all'intersezione con;VIA GAGLIANO DEL CAPO;VIA GAGLIANO DEL CAPO;;;Tamponamento;Rotatoria;Una carreggiata a doppio senso;Asciutto;Asfaltata;Verticale ed orizzontale;Sereno;Scarso;Buona;Ore Diurne;0;0;0;3;9.644;45.397;-1;1;Autocarro inferiore 35 q.;In marcia / fermata / arresto;Passeggero;M;Illeso;0;;Non accertato;Inesploso
4082190;8;09/11/2018 11:45:00;Strada Urbana;VIA DEL TORRACCIO;all'intersezione con;VIA GAGLIANO DEL CAPO;VIA GAGLIANO DEL CAPO;;;Tamponamento;Rotatoria;Una carreggiata a doppio senso;Asciutto;Asfaltata;Verticale ed orizzontale;Sereno;Scarso;Buona;Ore Diurne;0;0;0;3;9.644;45.397;-1;2;Autovettura privata;In marcia / fermata / arresto;Conducente;M;Illeso;0;;Non accertato;Inesploso