Protocollo;Gruppo;DataOraIncidente;Localizzazione1;STRADA1;Localizzazione2;STRADA2;Strada02;Chilometrica;DaSpecificare;NaturaIncidente;particolaritastrade;TipoStrada;FondoStradale;Pavimentazione;Segnaletica;CondizioneAtmosferica;Traffico;Visibilita;Illuminazione;NUM_FERITI;NUM_RISERVATA;NUM_MORTI;NUM_ILLESI;Longitudine;Latitudine;Confermato;Progressivo;TipoVeicolo;StatoVeicolo;TipoPersona;Sesso;Tipolesione;Deceduto;DecedutoDopo;CinturaCascoUtilizzato;Airbag;
4086296;8;12/11/2018 13:40:00;Strada Urbana;VIALE DEI ROMANISTI;all'intersezione semaforizzata con;VIA DI TORRE SPACCATA;VIA DI TORRE SPACCATA;;;Scontro frontale/laterale DX fra veicoli in marcia;Incrocio;Una carreggiata a senso unico di marcia;Asciutto;Asfaltata;Verticale ed orizzontale;Sereno;Normale;Buona;Ore Diurne;1;0;0;1;12.5774;41.8675;-1;2;Autovettura privata;In marcia / fermata / arresto;Conducente;M;Illeso;0;;Non accertato;Inesploso
4086297;8;12/11/2018 14:40:00;Strada Urbana;VIA CASILINA;in corrispondenza;;del civico n.;1799/E;;Scontro laterale fra veicoli in marcia;Rettilineo;Una carreggiata a doppio senso;Asciutto;Con buche;Verticale;Sereno;Scarso;Buona;Ore Diurne;0;0;0;2;12.678;41.8636;-1;1;Autovettura privata;In marcia / fermata / arresto;Conducente;M;Illeso;0;;;
4086297;8;12/11/2018 14:40:00;Strada Urbana;VIA CASILINA;in corrispondenza;;del civico n.;1799/E;;Scontro laterale fra veicoli in marcia;Rettilineo;Una carreggiata a doppio senso;Asciutto;Con buche;Verticale;Sereno;Scarso;Buona;Ore Diurne;0;0;0;2;12.678;41.8636;-1;2;Autovettura privata;In marcia / fermata / arresto;Conducente;M;Illeso;0;;;
4086300;8;12/11/2018 16:50:00;Strada Urbana;VIA CASILINA;all'intersezione con;VIA DEL CASALE DEL TORRACCIO;VIA DEL CASALE DEL TORRACCIO;;;Scontro frontale/laterale DX fra veicoli in marcia;Intersezione non regolata/non segnalata;Una carreggiata a doppio senso;Asciutto;Asfaltata;Verticale ed orizzontale;Sereno;Normale;Buona;Ore Diurne;0;0;0;3;12.6203;41.8627;-1;1;Autovettura privata;In marcia / fermata / arresto;Conducente;M;Illeso;0;;;
4086300;8;12/11/2018 16:50:00;Strada Urbana;VIA CASILINA;all'intersezione con;VIA DEL CASALE DEL TORRACCIO;VIA DEL CASALE DEL TORRACCIO;;;Scontro frontale/laterale DX fra veicoli in marcia;Intersezione non regolata/non segnalata;Una carreggiata a doppio senso;Asciutto;Asfaltata;Verticale ed orizzontale;Sereno;Normale;Buona;Ore Diurne;0;0;0;3;12.6203;41.8627;-1;2;Autovettura privata;In marcia / fermata / arresto;Conducente;M;Illeso;0;;;
4086300;8;12/11/2018 16:50:00;Strada Urbana;VIA CASILINA;all'intersezione con;VIA DEL CASALE DEL TORRACCIO;VIA DEL CASALE DEL TORRACCIO;;;Scontro frontale/laterale DX fra veicoli in marcia;Intersezione non regolata/non segnalata;Una carreggiata a doppio senso;Asciutto;Asfaltata;Verticale ed orizzontale;Sereno;Normale;Buona;Ore Diurne;0;0;0;3;12.6203;41.8627;-1;2;Autovettura privata;In marcia / fermata / arresto;Passeggero;F;Illeso;0;;;
4086307;13;12/11/2018 12:35:00;Strada Urbana;VIA CESARE MACCARI;in corrispondenza;;del civico n.;441;;Veicolo in marcia contro veicolo in sosta;Rettilineo;Una carreggiata a doppio senso;Asciutto;Asfaltata;Assente;Sereno;Normale;Buona;Ore Diurne;0;0;0;1;12.3596;41.7715;-1;1;Autovettura privata;In marcia / fermata / arresto;Conducente;F;Illeso;0;;Non accertato;Inesploso
4086312;13;12/11/2018 17:00:00;Strada Urbana;VIALE AMMIRAGLIO DEL BONO;all'intersezione con;VIA AMMIRAGLIO MARZOLO;VIA AMMIRAGLIO MARZOLO;;;Scontro frontale/laterale DX fra veicoli in marcia;Incrocio;Una carreggiata a senso unico di marcia;Asciutto;Asfaltata;Assente;Sereno;Normale;Buona;Sufficiente;0;0;0;1;12.2839;41.7367;-1;1;Autovettura privata;In marcia / fermata / arresto;Conducente;F;Illeso;0;;Non accertato;Inesploso
4086319;8;12/11/2018 18:00:00;Strada Urbana;VIA SILICELLA;in corrispondenza;;del civico n.;103;;Tamponamento;Rettilineo;Una carreggiata a doppio senso;Asciutto;Strada pavimentata dissestata;Verticale;Sereno;Normale;Sufficiente;Sufficiente;0;0;0;1;12.5986;41.8607;-1;1;Motociclo a solo;In marcia / fermata / arresto;Conducente;M;Illeso;0;;;
4086323;13;13/11/2018 02:35:00;Strada Urbana;VIALE CAPITAN CASELLA;all'intersezione con;VIA POGGIO DI VENACO;VIA POGGIO DI VENACO;;;Scontro frontale/laterale DX fra veicoli in marcia;Intersezione stradale segnalata;Due carreggiate;Asciutto;Asfaltata;Verticale;Sereno;Scarso;Buona;Sufficiente;0;0;0;2;12.291;41.7291;-1;1;Autovettura privata;In marcia / fermata / arresto;Conducente;M;Illeso;0;;;
4086323;13;13/11/2018 02:35:00;Strada Urbana;VIALE CAPITAN CASELLA;all'intersezione con;VIA POGGIO DI VENACO;VIA POGGIO DI VENACO;;;Scontro frontale/laterale DX fra veicoli in marcia;Intersezione stradale segnalata;Due carreggiate;Asciutto;Asfaltata;Verticale;Sereno;Scarso;Buona;Sufficiente;0;0;0;2;12.291;41.7291;-1;2;Autovettura privata;In marcia / fermata / arresto;Conducente;F;Illeso;0;;Non accertato;Inesploso
4086324;1;12/11/2018 19:30:00;Strada Urbana;VIA DEL TEATRO DI MARCELLO;in corrispondenza;;del palo luce n.;20;;Veicolo in marcia contro ostacolo accidentale;Rettilineo;Una carreggiata a doppio senso;Sdrucciolevole (fango);In cubetti di porfido;Verticale ed orizzontale;Sereno;Normale;Sufficiente;Sufficiente;1;0;0;0;;;0;1;Motociclo a solo;In marcia / fermata / arresto;Conducente;M;Rifiuta cure immediate;0;NON DECEDUTO;Non accertato;
4086329;8;12/11/2018 20:30:00;Strada Urbana;VIA DI LUNGHEZZA;in corrispondenza;;del civico n.;44;;Scontro frontale/laterale DX fra veicoli in marcia;Rettilineo;Una carreggiata a doppio senso;Asciutto;Asfaltata;Verticale ed orizzontale;Sereno;Normale;Buona;Sufficiente;4;0;0;0;12.6729;41.9231;-1;1;Autovettura privata;In marcia / fermata / arresto;Conducente;M;Rifiuta cure immediate;0;NON DECEDUTO;Non accertato;Inesploso
4086329;8;12/11/2018 20:30:00;Strada Urbana;VIA DI LUNGHEZZA;in corrispondenza;;del civico n.;44;;Scontro frontale/laterale DX fra veicoli in marcia;Rettilineo;Una carreggiata a doppio senso;Asciutto;Asfaltata;Verticale ed orizzontale;Sereno;Normale;Buona;Sufficiente;4;0;0;0;12.6729;41.9231;-1;1;Autovettura privata;In marcia / fermata / arresto;Passeggero;M;Rifiuta cure immediate;0;NON DECEDUTO;Non accertato;Inesploso
4086329;8;12/11/2018 20:30:00;Strada Urbana;VIA DI LUNGHEZZA;in corrispondenza;;del civico n.;44;;Scontro frontale/laterale DX fra veicoli in marcia;Rettilineo;Una carreggiata a doppio senso;Asciutto;Asfaltata;Verticale ed orizzontale;Sereno;Normale;Buona;Sufficiente;4;0;0;0;12.6729;41.9231;-1;2;Autovettura privata;In marcia / fermata / arresto;Conducente;F;Ricoverato;0;NON DECEDUTO;Non accertato;Esploso
4086329;8;12/11/2018 20:30:00;Strada Urbana;VIA DI LUNGHEZZA;in corrispondenza;;del civico n.;44;;Scontro frontale/laterale DX fra veicoli in marcia;Rettilineo;Una carreggiata a doppio senso;Asciutto;Asfaltata;Verticale ed orizzontale;Sereno;Normale;Buona;Sufficiente;4;0;0;0;12.6729;41.9231;-1;2;Autovettura privata;In marcia / fermata / arresto;Passeggero;F;Ricoverato;0;NON DECEDUTO;Non accertato;Esploso
4086336;8;12/11/2018 22:30:00;Strada Urbana;VIA DI TOR BELLA MONACA;in prossimità;;del civico n.;10;;Veicolo in marcia contro ostacolo accidentale;Curva a visuale libera;Due carreggiate;Asciutto;Asfaltata;Verticale ed orizzontale;Sereno;Scarso;Sufficiente;Sufficiente;0;0;0;1;12.632;41.8726;-1;1;Autovettura privata;In marcia / fermata / arresto;Conducente;M;Illeso;0;;Non accertato;
4086338;17;12/11/2018 09:50:00;Strada Urbana;VIA GIUSEPPE GIOACHINO BELLI;da specificare;;;;prossimità civ.110;Veicolo in marcia contro ostacolo accidentale;Rettilineo;Una carreggiata a senso unico di marcia;Viscido da liquidi oleosi;In cubetti di porfido;Verticale ed orizzontale;Sereno;Normale;Buona;Ore Diurne;0;0;0;1;12.4701;41.907;-1;1;Motociclo a solo;In marcia / fermata / arresto;Conducente;M;Illeso;0;;;
4086341;10;12/11/2018 20:30:00;Strada Urbana;VIA ACIREALE;in prossimità;;del civico n.;19/B;;Scontro laterale fra veicoli in marcia;Rettilineo;Una carreggiata a senso unico di marcia;Asciutto;Asfaltata;Verticale;Sereno;Scarso;Sufficiente;Sufficiente;0;0;0;2;12.5197;41.8878;-1;1;Autovettura privata;In marcia / fermata / arresto;Conducente;M;Illeso;0;;Non accertato;Inesploso
4086341;10;12/11/2018 20:30:00;Strada Urbana;VIA ACIREALE;in prossimità;;del civico n.;19/B;;Scontro laterale fra veicoli in marcia;Rettilineo;Una carreggiata a senso unico di marcia;Asciutto;Asfaltata;Verticale;Sereno;Scarso;Sufficiente;Sufficiente;0;0;0;2;12.5197;41.8878;-1;2;Motociclo a solo;In marcia / fermata / arresto;Conducente;M;Illeso;0;;Non accertato;
4086342;20;13/11/2018 02:30:00;Strada Urbana;VIALE DI TOR DI QUINTO;in corrispondenza;;del civico n.;80;;Veicolo in marcia contro ostacolo fisso;Rettilineo;Due carreggiate;Asciutto;Asfaltata;Verticale ed orizzontale;Sereno;Scarso;Sufficiente;Sufficiente;0;0;0;1;12.4818;41.9409;-1;1;Autovettura privata;In marcia / fermata / arresto;Conducente;F;Illeso;0;;;
4086346;1;12/11/2018 21:15:00;Strada Urbana;LUNGOTEVERE GIANICOLENSE;da specificare;;;;in corrispondenza F.C. 81 DI VIA DELLA LUNGARA;Veicolo in marcia contro veicoli in sosta;Rettilineo;Una carreggiata a senso unico di marcia;Asciutto;Asfaltata;Verticale ed orizzontale;Sereno;Scarso;Sufficiente;Sufficiente;1;0;0;0;12.464;41.8975;-1;1;Autovettura privata;In marcia / fermata / arresto;Conducente;M;Rimandato;0;NON DECEDUTO;Non accertato;Inesploso
4086350;6;12/11/2018 19:00:00;Strada Urbana;VIA PRENESTINA;in prossimità;;del civico n.;244;;Investimento di pedone;Rettilineo;Più di due carreggiate;Asciutto;Asfaltata;Verticale ed orizzontale;Sereno;Normale;Buona;Sufficiente;2;0;0;0;12.5421;41.8926;-1;;;;Pedone;F;Rifiuta cure immediate;0;NON DECEDUTO;;
4086350;6;12/11/2018 19:00:00;Strada Urbana;VIA PRENESTINA;in prossimità;;del civico n.;244;;Investimento di pedone;Rettilineo;Più di due carreggiate;Asciutto;Asfaltata;Verticale ed orizzontale;Sereno;Normale;Buona;Sufficiente;2;0;0;0;12.5421;41.8926;-1;1;Motociclo a solo;In marcia / fermata / arresto;Conducente;M;Rimandato;0;NON DECEDUTO;;
4086354;4;12/11/2018 10:40:00;Strada Urbana;VIALE ADRIATICO;da specificare;;;;fronte civico 14;Scontro laterale fra veicoli in marcia;Rettilineo;Una carreggiata a senso unico di marcia;Asciutto;Asfaltata;Verticale ed orizzontale;Sereno;Normale;Buona;Ore Diurne;1;0;0;1;12.5361;41.9404;-1;1;Motociclo a solo;In marcia / fermata / arresto;Conducente;M;Rimandato;0;NON DECEDUTO;;
4086354;4;12/11/2018 10:40:00;Strada Urbana;VIALE ADRIATICO;da specificare;;;;fronte civico 14;Scontro laterale fra veicoli in marcia;Rettilineo;Una carreggiata a senso unico di marcia;Asciutto;Asfaltata;Verticale ed orizzontale;Sereno;Normale;Buona;Ore Diurne;1;0;0;1;12.5361;41.9404;-1;2;Autovettura privata;In marcia / fermata / arresto;Conducente;M;Illeso;0;;Non accertato;
4086358;20;12/11/2018 16:30:00;Strada Urbana;VIA GIOVANNI ARRIVABENE;in prossimità;;del civico n.;57;;Veicolo in marcia contro veicoli in sosta;Curva senza visuale libera;Una carreggiata a senso unico di marcia;Asciutto;Asfaltata;Assente;Sereno;Scarso;Buona;Ore Diurne;0;0;0;1;12.4667;41.9445;-1;5;Autovettura privata;Allontanatosi;Conducente;M;Illeso;0;;Non accertato;Inesploso
4086365;1;12/11/2018 17:00:00;Strada Urbana;VIALE DELLE TERME DI CARACALLA;in prossimità;;del palo luce n.;106;;Scontro frontale/laterale DX fra veicoli in marcia;Rettilineo;Una carreggiata a doppio senso;Asciutto;Asfaltata;Orizzontale;Sereno;Intenso;Buona;Sufficiente;1;0;0;1;12.495;41.8809;-1;1;Autovettura privata;In marcia / fermata / arresto;Conducente;F;Illeso;0;;Non accertato;Inesploso
4086365;1;12/11/2018 17:00:00;Strada Urbana;VIALE DELLE TERME DI CARACALLA;in prossimità;;del palo luce n.;106;;Scontro frontale/laterale DX fra veicoli in marcia;Rettilineo;Una carreggiata a doppio senso;Asciutto;Asfaltata;Orizzontale;Sereno;Intenso;Buona;Sufficiente;1;0;0;1;12.495;41.8809;-1;2;Motociclo a solo;In marcia / fermata / arresto;Conducente;M;Rimandato;0;NON DECEDUTO;Non accertato;
4086368;10;13/11/2018 01:00:00;Strada Urbana;VIA TUSCOLANA;all'intersezione con;VIA DEL CASALE PAOLONI;VIA DEL CASALE PAOLONI;;;Veicolo in marcia contro ostacolo fisso;Incrocio;Una carreggiata a doppio senso;Asciutto;Asfaltata;Orizzontale;Sereno;Scarso;Sufficiente;Sufficiente;0;0;0;2;12.6426;41.8225;-1;1;Autovettura privata;In marcia / fermata / arresto;Conducente;F;Illeso;0;;Non accertato;Inesploso
4086368;10;13/11/2018 01:00:00;Strada Urbana;VIA TUSCOLANA;all'intersezione con;VIA DEL CASALE PAOLONI;VIA DEL CASALE PAOLONI;;;Veicolo in marcia contro ostacolo fisso;Incrocio;Una carreggiata a doppio senso;Asciutto;Asfaltata;Orizzontale;Sereno;Scarso;Sufficiente;Sufficiente;0;0;0;2;12.6426;41.8225;-1;1;Autovettura privata;In marcia / fermata / arresto;Passeggero;F;Illeso;0;;Non accertato;Inesploso
4086372;7;12/11/2018 11:05:00;Strada Urbana;VIA EMILIO LONGONI;da specificare;;;;ROTATORIA PER VIA PRENSTINA DIR GRA;Scontro laterale fra veicoli in marcia;Rotatoria;Una carreggiata a senso unico di marcia;Asciutto;Asfaltata;Verticale ed orizzontale;Sereno;Scarso;Buona;Ore Diurne;0;0;0;3;12.6035;41.8991;-1;1;Autovettura privata;In marcia / fermata / arresto;Conducente;M;Illeso;0;;Non accertato;Inesploso
4086372;7;12/11/2018 11:05:00;Strada Urbana;VIA EMILIO LONGONI;da specificare;;;;ROTATORIA PER VIA PRENSTINA DIR GRA;Scontro laterale fra veicoli in marcia;Rotatoria;Una carreggiata a senso unico di marcia;Asciutto;Asfaltata;Verticale ed orizzontale;Sereno;Scarso;Buona;Ore Diurne;0;0;0;3;12.6035;41.8991;-1;1;Autovettura privata;In marcia / fermata / arresto;Passeggero;F;Illeso;0;;Non accertato;Inesploso
4086372;7;12/11/2018 11:05:00;Strada Urbana;VIA EMILIO LONGONI;da specificare;;;;ROTATORIA PER VIA PRENSTINA DIR GRA;Scontro laterale fra veicoli in marcia;Rotatoria;Una carreggiata a senso unico di marcia;Asciutto;Asfaltata;Verticale ed orizzontale;Sereno;Scarso;Buona;Ore Diurne;0;0;0;3;12.6035;41.8991;-1;2;Trattore stradale;In marcia / fermata / arresto;Conducente;M;Illeso;0;;Non accertato;Inesploso
4086391;20;12/11/2018 15:15:00;Strada Urbana;GALLERIA GIOVANNI XXIII;in prossimità;;della chilometrica;1.5;;Infortunio per sola frenata improvvisa;Curva senza visuale libera;Una carreggiata a senso unico di marcia;Asciutto;Asfaltata;Verticale ed orizzontale;Sereno;Intenso;Sufficiente;Ore Diurne;0;0;0;1;12.4502;41.9411;-1;1;Autovettura privata;In marcia / fermata / arresto;Conducente;M;Illeso;0;;Non accertato;Inesploso
4086395;17;12/11/2018 14:00:00;Strada Urbana;PIAZZALE CLODIO;all'intersezione semaforizzata con;VIALE GIOVANNI FALCONE E PAOLO BORSELLINO;VIALE GIOVANNI FALCONE E PAOLO BORSELLINO;;;Scontro frontale fra veicoli in marcia;Intersezione semaforizzata;Due carreggiate;Asciutto;Asfaltata;Verticale ed orizzontale;Sereno;Normale;Buona;Ore Diurne;2;0;0;1;12.4549;41.9167;-1;1;Autovettura privata;In marcia / fermata / arresto;Conducente;M;Rimandato;0;NON DECEDUTO;;
4086395;17;12/11/2018 14:00:00;Strada Urbana;PIAZZALE CLODIO;all'intersezione semaforizzata con;VIALE GIOVANNI FALCONE E PAOLO BORSELLINO;VIALE GIOVANNI FALCONE E PAOLO BORSELLINO;;;Scontro frontale fra veicoli in marcia;Intersezione semaforizzata;Due carreggiate;Asciutto;Asfaltata;Verticale ed orizzontale;Sereno;Normale;Buona;Ore Diurne;2;0;0;1;12.4549;41.9167;-1;2;Autovettura privata;In marcia / fermata / arresto;Conducente;F;Rimandato;0;NON DECEDUTO;Non accertato;Inesploso
4086395;17;12/11/2018 14:00:00;Strada Urbana;PIAZZALE CLODIO;all'intersezione semaforizzata con;VIALE GIOVANNI FALCONE E PAOLO BORSELLINO;VIALE GIOVANNI FALCONE E PAOLO BORSELLINO;;;Scontro frontale fra veicoli in marcia;Intersezione semaforizzata;Due carreggiate;Asciutto;Asfaltata;Verticale ed orizzontale;Sereno;Normale;Buona;Ore Diurne;2;0;0;1;12.4549;41.9167;-1;2;Autovettura privata;In marcia / fermata / arresto;Passeggero;F;Illeso;0;;;
4086399;20;12/11/2018 09:30:00;Strada Urbana;CORSO DI FRANCIA;da specificare;;;;pross. Via Gosio direzione centro;Scontro laterale fra veicoli in marcia;Rettilineo;Due carreggiate;Asciutto;Asfaltata;Verticale ed orizzontale;Sereno;Normale;Buona;Ore Diurne;0;0;0;2;12.4717;41.9367;-1;1;Autovettura privata;In marcia / fermata / arresto;Conducente;M;Illeso;0;;;
4086399;20;12/11/2018 09:30:00;Strada Urbana;CORSO DI FRANCIA;da specificare;;;;pross. Via Gosio direzione centro;Scontro laterale fra veicoli in marcia;Rettilineo;Due carreggiate;Asciutto;Asfaltata;Verticale ed orizzontale;Sereno;Normale;Buona;Ore Diurne;0;0;0;2;12.4717;41.9367;-1;2;Motociclo a solo;In marcia / fermata / arresto;Conducente;F;Illeso;0;;;
4086402;12;12/11/2018 16:00:00;Provinciale;VIA ARDEATINA;all'intersezione con;VIA DAVIDE CARAZZI;VIA DAVIDE CARAZZI;;;Tamponamento;Incrocio;Una carreggiata a doppio senso;Asciutto;Asfaltata;Verticale;Sereno;Intenso;Buona;Ore Diurne;1;0;0;1;12.5582;41.7649;-1;1;Autobus di linea;In marcia / fermata / arresto;Conducente;M;Illeso;0;;Non accertato;Inesploso
4086402;12;12/11/2018 16:00:00;Provinciale;VIA ARDEATINA;all'intersezione con;VIA DAVIDE CARAZZI;VIA DAVIDE CARAZZI;;;Tamponamento;Incrocio;Una carreggiata a doppio senso;Asciutto;Asfaltata;Verticale;Sereno;Intenso;Buona;Ore Diurne;1;0;0;1;12.5582;41.7649;-1;2;Autovettura privata;In marcia / fermata / arresto;Conducente;F;Rimandato;0;NON DECEDUTO;Utilizzato;
4086419;20;12/11/2018 12:30:00;Strada Urbana;VIA DEL FORO ITALICO;in prossimità;;del palo luce n.;94;;Ribaltamento senza urto contro ostacolo fisso;Rettilineo;Due carreggiate;Asciutto;Asfaltata;Verticale ed orizzontale;Sereno;Normale;Buona;Ore Diurne;1;0;0;0;12.4828;41.94;-1;1;Motociclo a solo;In marcia / fermata / arresto;Conducente;M;Rimandato;0;NON DECEDUTO;Non accertato;
4086420;20;12/11/2018 19:50:00;Provinciale entro l'abitato;VIA DI VALLE MURICANA;in corrispondenza;;del civico n.;966;;Scontro frontale/laterale DX fra veicoli in marcia;Rettilineo;Una carreggiata a doppio senso;Asciutto;Asfaltata;Verticale ed orizzontale;Sereno;Scarso;Insufficiente;Inesistente;0;0;0;3;12.4672;42.0416;-1;1;Autovettura privata;In marcia / fermata / arresto;Conducente;M;Illeso;0;;Non accertato;Inesploso
4086420;20;12/11/2018 19:50:00;Provinciale entro l'abitato;VIA DI VALLE MURICANA;in corrispondenza;;del civico n.;966;;Scontro frontale/laterale DX fra veicoli in marcia;Rettilineo;Una carreggiata a doppio senso;Asciutto;Asfaltata;Verticale ed orizzontale;Sereno;Scarso;Insufficiente;Inesistente;0;0;0;3;12.4672;42.0416;-1;2;Autocarro inferiore 35 q.;In marcia / fermata / arresto;Conducente;M;Illeso;0;;Non accertato;Inesploso
4086420;20;12/11/2018 19:50:00;Provinciale entro l'abitato;VIA DI VALLE MURICANA;in corrispondenza;;del civico n.;966;;Scontro frontale/laterale DX fra veicoli in marcia;Rettilineo;Una carreggiata a doppio senso;Asciutto;Asfaltata;Verticale ed orizzontale;Sereno;Scarso;Insufficiente;Inesistente;0;0;0;3;12.4672;42.0416;-1;2;Autocarro inferiore 35 q.;In marcia / fermata / arresto;Passeggero;M;Illeso;0;;Non accertato;Inesploso
4086426;19;12/11/2018 16:45:00;Strada Urbana;VIA AUGUSTO TEBALDI;all'intersezione con;VIA VINCENZO TOMASSINI;VIA VINCENZO TOMASSINI;;;Scontro frontale/laterale DX fra veicoli in marcia;Incrocio;Una carreggiata a senso unico di marcia;Asciutto;Asfaltata;Verticale ed orizzontale;Sereno;Normale;Buona;Ore Diurne;0;0;0;2;12.415;41.9289;-1;1;Autovettura privata;In marcia / fermata / arresto;Conducente;M;Illeso;0;;Non utilizzato;
4086426;19;12/11/2018 16:45:00;Strada Urbana;VIA AUGUSTO TEBALDI;all'intersezione con;VIA VINCENZO TOMASSINI;VIA VINCENZO TOMASSINI;;;Scontro frontale/laterale DX fra veicoli in marcia;Incrocio;Una carreggiata a senso unico di marcia;Asciutto;Asfaltata;Verticale ed orizzontale;Sereno;Normale;Buona;Ore Diurne;0;0;0;2;12.415;41.9289;-1;2;Autovettura privata;In marcia / fermata / arresto;Conducente;M;Illeso;0;;Non accertato;Inesploso
4086430;19;12/11/2018 18:00:00;Strada Urbana;VIA MATTIA BATTISTINI;all'intersezione con;VIA DELLE CALASANZIANE;VIA DELLE CALASANZIANE;;;Investimento di pedone;Incrocio;Una carreggiata a doppio senso;Asciutto;Asfaltata;Orizzontale;Sereno;Normale;Insufficiente;Insufficiente;1;0;0;2;12.4184;41.9139;-1;;;;Pedone;M;Rimandato;0;NON DECEDUTO;;
4086430;19;12/11/2018 18:00:00;Strada Urbana;VIA MATTIA BATTISTINI;all'intersezione con;VIA DELLE CALASANZIANE;VIA DELLE CALASANZIANE;;;Investimento di pedone;Incrocio;Una carreggiata a doppio senso;Asciutto;Asfaltata;Orizzontale;Sereno;Normale;Insufficiente;Insufficiente;1;0;0;2;12.4184;41.9139;-1;1;Autovettura privata;In marcia / fermata / arresto;Conducente;M;Illeso;0;;;
4086430;19;12/11/2018 18:00:00;Strada Urbana;VIA MATTIA BATTISTINI;all'intersezione con;VIA DELLE CALASANZIANE;VIA DELLE CALASANZIANE;;;Investimento di pedone;Incrocio;Una carreggiata a doppio senso;Asciutto;Asfaltata;Orizzontale;Sereno;Normale;Insufficiente;Insufficiente;1;0;0;2;12.4184;41.9139;-1;1;Autovettura privata;In marcia / fermata / arresto;Passeggero;M;Illeso;0;;;
4086447;7;12/11/2018 06:50:00;Strada Urbana;VIA DI TOR CERVARA;da specificare;;;;in corrispondenza di Via Raffaele Costi;Veicolo in marcia contro veicolo fermo;Rettilineo;Una carreggiata a doppio senso;Asciutto;Asfaltata;Verticale ed orizzontale;Sereno;Scarso;Buona;Ore Diurne;0;0;0;3;12.5886;41.9087;-1;1;Autovettura privata;In marcia / fermata / arresto;Conducente;M;Illeso;0;;Non accertato;Inesploso
4086447;7;12/11/2018 06:50:00;Strada Urbana;VIA DI TOR CERVARA;da specificare;;;;in corrispondenza di Via Raffaele Costi;Veicolo in marcia contro veicolo fermo;Rettilineo;Una carreggiata a doppio senso;Asciutto;Asfaltata;Verticale ed orizzontale;Sereno;Scarso;Buona;Ore Diurne;0;0;0;3;12.5886;41.9087;-1;1;Autovettura privata;In marcia / fermata / arresto;Passeggero;F;Illeso;0;;Non accertato;Inesploso
4086447;7;12/11/2018 06:50:00;Strada Urbana;VIA DI TOR CERVARA;da specificare;;;;in corrispondenza di Via Raffaele Costi;Veicolo in marcia contro veicolo fermo;Rettilineo;Una carreggiata a doppio senso;Asciutto;Asfaltata;Verticale ed orizzontale;Sereno;Scarso;Buona;Ore Diurne;0;0;0;3;12.5886;41.9087;-1;2;Autocarro superiore 35 q.;In marcia / fermata / arresto;Conducente;M;Illeso;0;;Non accertato;Inesploso
4086458;17;11/11/2018 12:40:00;Strada Urbana;VIA COLA DI RIENZO;in corrispondenza;;del civico n.;215;;Scontro frontale fra veicoli in marcia;Rettilineo;Una carreggiata a doppio senso;Asciutto;Acciotolata;Verticale ed orizzontale;Sereno;Normale;Buona;Ore Diurne;2;0;0;2;12.4631;41.9076;-1;1;Autovettura privata;In marcia / fermata / arresto;Conducente;M;Illeso;0;;;
4086458;17;11/11/2018 12:40:00;Strada Urbana;VIA COLA DI RIENZO;in corrispondenza;;del civico n.;215;;Scontro frontale fra veicoli in marcia;Rettilineo;Una carreggiata a doppio senso;Asciutto;Acciotolata;Verticale ed orizzontale;Sereno;Normale;Buona;Ore Diurne;2;0;0;2;12.4631;41.9076;-1;1;Autovettura privata;In marcia / fermata / arresto;Passeggero;F;Illeso;0;;;
4086458;17;11/11/2018 12:40:00;Strada Urbana;VIA COLA DI RIENZO;in corrispondenza;;del civico n.;215;;Scontro frontale fra veicoli in marcia;Rettilineo;Una carreggiata a doppio senso;Asciutto;Acciotolata;Verticale ed orizzontale;Sereno;Normale;Buona;Ore Diurne;2;0;0;2;12.4631;41.9076;-1;2;Autovettura privata;In marcia / fermata / arresto;Conducente;M;Rifiuta cure immediate;0;NON DECEDUTO;;
4086458;17;11/11/2018 12:40:00;Strada Urbana;VIA COLA DI RIENZO;in corrispondenza;;del civico n.;215;;Scontro frontale fra veicoli in marcia;Rettilineo;Una carreggiata a doppio senso;Asciutto;Acciotolata;Verticale ed orizzontale;Sereno;Normale;Buona;Ore Diurne;2;0;0;2;12.4631;41.9076;-1;3;Autovettura privata;In marcia / fermata / arresto;Conducente;M;Rimandato;0;NON DECEDUTO;;
4086463;7;13/11/2018 03:00:00;;VIALE PALMIRO TOGLIATTI;in corrispondenza;;del civico n.;782;;Veicoli in marcia contro veicoli fermi;;;;;;;;;;0;0;0;2;;;0;1;Autovettura privata;In marcia / fermata / arresto;Conducente;M;Illeso;0;;Non accertato;Inesploso
4086463;7;13/11/2018 03:00:00;;VIALE PALMIRO TOGLIATTI;in corrispondenza;;del civico n.;782;;Veicoli in marcia contro veicoli fermi;;;;;;;;;;0;0;0;2;;;0;3;Autovettura privata;In marcia / fermata / arresto;Passeggero;M;Illeso;0;;Non accertato;Inesploso
4086468;6;13/11/2018 03:15:00;Strada Urbana;VIALE PALMIRO TOGLIATTI;in corrispondenza;;del civico n.;674;;Tamponamento;Rettilineo;Due carreggiate;Asciutto;Asfaltata;Assente;Sereno;Scarso;Sufficiente;Sufficiente;0;0;0;3;12.5732;41.8795;-1;1;Autovettura di polizia;In marcia / fermata / arresto;Conducente;M;Illeso;0;;;