Protocollo;Gruppo;DataOraIncidente;Localizzazione1;STRADA1;Localizzazione2;STRADA2;Strada02;Chilometrica;DaSpecificare;NaturaIncidente;particolaritastrade;TipoStrada;FondoStradale;Pavimentazione;Segnaletica;CondizioneAtmosferica;Traffico;Visibilita;Illuminazione;NUM_FERITI;NUM_RISERVATA;NUM_MORTI;NUM_ILLESI;Longitudine;Latitudine;Confermato;Progressivo;TipoVeicolo;StatoVeicolo;TipoPersona;Sesso;Tipolesione;Deceduto;DecedutoDopo;CinturaCascoUtilizzato;Airbag;
4086468;6;13/11/2018 03:15:00;Strada Urbana;VIALE PALMIRO TOGLIATTI;in corrispondenza;;del civico n.;674;;Tamponamento;Rettilineo;Due carreggiate;Asciutto;Asfaltata;Assente;Sereno;Scarso;Sufficiente;Sufficiente;0;0;0;3;12.5732;41.8795;-1;1;Autovettura di polizia;In marcia / fermata / arresto;Passeggero;M;Illeso;0;;Non accertato;Inesploso
4086468;6;13/11/2018 03:15:00;Strada Urbana;VIALE PALMIRO TOGLIATTI;in corrispondenza;;del civico n.;674;;Tamponamento;Rettilineo;Due carreggiate;Asciutto;Asfaltata;Assente;Sereno;Scarso;Sufficiente;Sufficiente;0;0;0;3;12.5732;41.8795;-1;2;Autovettura privata;In marcia / fermata / arresto;Conducente;M;Illeso;0;;Non accertato;Inesploso
4086470;19;12/11/2018 22:30:00;Strada Urbana;VIA DI CASAL DEL MARMO;da specificare;;;;palo Acea 126;Veicolo in marcia contro ostacolo fisso;Rettilineo;Una carreggiata a doppio senso;Asciutto;Asfaltata;Orizzontale;Sereno;Scarso;Buona;Sufficiente;1;0;0;0;12.389;41.9421;-1;1;Motociclo a solo;In marcia / fermata / arresto;Conducente;M;Rimandato;0;NON DECEDUTO;Non accertato;
4086480;4;12/11/2018 10:40:00;Strada Urbana;VIALE LINA CAVALIERI;da specificare;;;;Fronte Piazza DE LUCIA;Tamponamento;Curva a visuale libera;Una carreggiata a doppio senso;Asciutto;Asfaltata;Verticale ed orizzontale;Nuvoloso;Normale;Buona;Ore Diurne;1;0;0;1;12.5158;41.9652;-1;1;Autovettura privata;In marcia / fermata / arresto;Conducente;M;Illeso;0;;;
4086480;4;12/11/2018 10:40:00;Strada Urbana;VIALE LINA CAVALIERI;da specificare;;;;Fronte Piazza DE LUCIA;Tamponamento;Curva a visuale libera;Una carreggiata a doppio senso;Asciutto;Asfaltata;Verticale ed orizzontale;Nuvoloso;Normale;Buona;Ore Diurne;1;0;0;1;12.5158;41.9652;-1;2;Autovettura privata;In marcia / fermata / arresto;Conducente;M;Rifiuta cure immediate;0;NON DECEDUTO;;
4086502;9;13/11/2018 07:45:00;Strada Urbana;VIA TUSCOLANA;da specificare;;;;FRONTE 474 (VIA DEL VELODROMO);Scontro frontale/laterale SX fra veicoli in marcia;Rettilineo;Due carreggiate;Asciutto;Asfaltata;Verticale ed orizzontale;Sereno;Normale;Buona;Ore Diurne;1;0;0;3;12.535;41.8708;-1;1;Autovettura privata;In marcia / fermata / arresto;Conducente;M;Illeso;0;;Utilizzato;Inesploso
4086502;9;13/11/2018 07:45:00;Strada Urbana;VIA TUSCOLANA;da specificare;;;;FRONTE 474 (VIA DEL VELODROMO);Scontro frontale/laterale SX fra veicoli in marcia;Rettilineo;Due carreggiate;Asciutto;Asfaltata;Verticale ed orizzontale;Sereno;Normale;Buona;Ore Diurne;1;0;0;3;12.535;41.8708;-1;1;Autovettura privata;In marcia / fermata / arresto;Passeggero;M;Illeso;0;;Utilizzato;Inesploso
4086502;9;13/11/2018 07:45:00;Strada Urbana;VIA TUSCOLANA;da specificare;;;;FRONTE 474 (VIA DEL VELODROMO);Scontro frontale/laterale SX fra veicoli in marcia;Rettilineo;Due carreggiate;Asciutto;Asfaltata;Verticale ed orizzontale;Sereno;Normale;Buona;Ore Diurne;1;0;0;3;12.535;41.8708;-1;1;Autovettura privata;In marcia / fermata / arresto;Passeggero;M;Illeso;0;;Utilizzato;Esploso
4086502;9;13/11/2018 07:45:00;Strada Urbana;VIA TUSCOLANA;da specificare;;;;FRONTE 474 (VIA DEL VELODROMO);Scontro frontale/laterale SX fra veicoli in marcia;Rettilineo;Due carreggiate;Asciutto;Asfaltata;Verticale ed orizzontale;Sereno;Normale;Buona;Ore Diurne;1;0;0;3;12.535;41.8708;-1;2;Autovettura privata;In marcia / fermata / arresto;Conducente;M;Rimandato;0;NON DECEDUTO;Utilizzato;Inesploso
4086505;7;13/11/2018 05:40:00;Strada Urbana;VIA DAVIDE CAMPARI;all'intersezione con;VIA DEI BERIO;VIA DEI BERIO;;;Investimento di pedone;Intersezione stradale segnalata;Una carreggiata a doppio senso;Asciutto;Asfaltata;Verticale ed orizzontale;Sereno;Scarso;Buona;Sufficiente;0;0;1;1;12.5872;41.8897;-1;;;;Pedone;M;Ricoverato;0;DECEDUTO ENTRO 2 MESI;;
4086505;7;13/11/2018 05:40:00;Strada Urbana;VIA DAVIDE CAMPARI;all'intersezione con;VIA DEI BERIO;VIA DEI BERIO;;;Investimento di pedone;Intersezione stradale segnalata;Una carreggiata a doppio senso;Asciutto;Asfaltata;Verticale ed orizzontale;Sereno;Scarso;Buona;Sufficiente;0;0;1;1;12.5872;41.8897;-1;1;Motociclo a solo;In marcia / fermata / arresto;Conducente;M;Illeso;0;;Non accertato;
4086518;4;12/11/2018 18:55:00;Strada Urbana;VIA RADICOFANI;da specificare;;;;PONTE;Scontro frontale fra veicoli in marcia;Curva senza visuale libera;Una carreggiata a doppio senso;Asciutto;Asfaltata;Verticale ed orizzontale;Sereno;Normale;Sufficiente;Sufficiente;0;0;0;3;12.5108;41.9736;-1;1;Autovettura privata;In marcia / fermata / arresto;Conducente;F;Illeso;0;;;
4086518;4;12/11/2018 18:55:00;Strada Urbana;VIA RADICOFANI;da specificare;;;;PONTE;Scontro frontale fra veicoli in marcia;Curva senza visuale libera;Una carreggiata a doppio senso;Asciutto;Asfaltata;Verticale ed orizzontale;Sereno;Normale;Sufficiente;Sufficiente;0;0;0;3;12.5108;41.9736;-1;1;Autovettura privata;In marcia / fermata / arresto;Passeggero;M;Illeso;0;;;
4086518;4;12/11/2018 18:55:00;Strada Urbana;VIA RADICOFANI;da specificare;;;;PONTE;Scontro frontale fra veicoli in marcia;Curva senza visuale libera;Una carreggiata a doppio senso;Asciutto;Asfaltata;Verticale ed orizzontale;Sereno;Normale;Sufficiente;Sufficiente;0;0;0;3;12.5108;41.9736;-1;2;Autovettura privata;In marcia / fermata / arresto;Conducente;M;Illeso;0;;;
4086527;12;12/11/2018 23:15:00;Strada Urbana;VIA LAURENTINA;all'intersezione con;VIA CELINE;VIA CELINE;;;Scontro frontale/laterale DX fra veicoli in marcia;Intersezione semaforizzata;Più di due carreggiate;Bagnato (umidità in atto);Asfaltata;Verticale ed orizzontale;Sereno;Scarso;Buona;Sufficiente;2;0;0;0;12.4848;41.809;-1;1;Autovettura privata;In marcia / fermata / arresto;Conducente;M;Rimandato;0;NON DECEDUTO;Non accertato;Esploso
4086527;12;12/11/2018 23:15:00;Strada Urbana;VIA LAURENTINA;all'intersezione con;VIA CELINE;VIA CELINE;;;Scontro frontale/laterale DX fra veicoli in marcia;Intersezione semaforizzata;Più di due carreggiate;Bagnato (umidità in atto);Asfaltata;Verticale ed orizzontale;Sereno;Scarso;Buona;Sufficiente;2;0;0;0;12.4848;41.809;-1;2;Autovettura privata;In marcia / fermata / arresto;Conducente;M;Rimandato;0;NON DECEDUTO;Non accertato;Esploso
4086535;2;12/11/2018 08:10:00;Strada Urbana;VIA DEL FORO ITALICO;da specificare;;;;dir. Stadio alt. rampa immissione da Via Salaria;Scontro laterale fra veicoli in marcia;Rettilineo;Più di due carreggiate;Asciutto;Asfaltata;Verticale ed orizzontale;Sereno;Intenso;Buona;Ore Diurne;0;0;0;2;12.4828;41.94;-1;1;Autocarro superiore 35 q.;In marcia / fermata / arresto;Conducente;M;Illeso;0;;Non accertato;Inesploso
4086535;2;12/11/2018 08:10:00;Strada Urbana;VIA DEL FORO ITALICO;da specificare;;;;dir. Stadio alt. rampa immissione da Via Salaria;Scontro laterale fra veicoli in marcia;Rettilineo;Più di due carreggiate;Asciutto;Asfaltata;Verticale ed orizzontale;Sereno;Intenso;Buona;Ore Diurne;0;0;0;2;12.4828;41.94;-1;2;Autovettura privata;In marcia / fermata / arresto;Conducente;M;Illeso;0;;Non accertato;Inesploso
4086550;4;12/11/2018 15:20:00;Statale entro l'abitato;VIA SALARIA;da specificare;;;;fronte civico 1075;Tamponamento;Rettilineo;Due carreggiate;Asciutto;Asfaltata;Verticale ed orizzontale;Sereno;Normale;Buona;Ore Diurne;0;0;0;4;12.5046;41.9736;-1;1;Autovettura privata;In marcia / fermata / arresto;Conducente;F;Illeso;0;;;
4086550;4;12/11/2018 15:20:00;Statale entro l'abitato;VIA SALARIA;da specificare;;;;fronte civico 1075;Tamponamento;Rettilineo;Due carreggiate;Asciutto;Asfaltata;Verticale ed orizzontale;Sereno;Normale;Buona;Ore Diurne;0;0;0;4;12.5046;41.9736;-1;2;Autovettura privata;In marcia / fermata / arresto;Conducente;M;Illeso;0;;;
4086550;4;12/11/2018 15:20:00;Statale entro l'abitato;VIA SALARIA;da specificare;;;;fronte civico 1075;Tamponamento;Rettilineo;Due carreggiate;Asciutto;Asfaltata;Verticale ed orizzontale;Sereno;Normale;Buona;Ore Diurne;0;0;0;4;12.5046;41.9736;-1;2;Autovettura privata;In marcia / fermata / arresto;Passeggero;F;Illeso;0;;;
4086550;4;12/11/2018 15:20:00;Statale entro l'abitato;VIA SALARIA;da specificare;;;;fronte civico 1075;Tamponamento;Rettilineo;Due carreggiate;Asciutto;Asfaltata;Verticale ed orizzontale;Sereno;Normale;Buona;Ore Diurne;0;0;0;4;12.5046;41.9736;-1;2;Autovettura privata;In marcia / fermata / arresto;Passeggero;M;Illeso;0;;Non accertato;
4086571;12;10/11/2018 23:58:00;Strada Urbana;VIALE DELLA TECNICA;all'intersezione con;VIALE DEL CICLISMO;VIALE DEL CICLISMO;;;Scontro frontale/laterale SX fra veicoli in marcia;Intersezione stradale segnalata;Due carreggiate;Asciutto;Asfaltata;Verticale ed orizzontale;Sereno;Scarso;Buona;Sufficiente;1;0;0;1;12.4587;41.8261;-1;1;Autovettura privata;In marcia / fermata / arresto;Conducente;M;Rimandato;0;NON DECEDUTO;Non accertato;Inesploso
4086571;12;10/11/2018 23:58:00;Strada Urbana;VIALE DELLA TECNICA;all'intersezione con;VIALE DEL CICLISMO;VIALE DEL CICLISMO;;;Scontro frontale/laterale SX fra veicoli in marcia;Intersezione stradale segnalata;Due carreggiate;Asciutto;Asfaltata;Verticale ed orizzontale;Sereno;Scarso;Buona;Sufficiente;1;0;0;1;12.4587;41.8261;-1;2;Autovettura privata;In marcia / fermata / arresto;Conducente;M;Illeso;0;;Utilizzato;Inesploso
4086572;19;12/11/2018 16:00:00;Strada Urbana;VIA TRIONFALE;in corrispondenza;;del civico n.;8772;;Scontro frontale/laterale DX fra veicoli in marcia;Rettilineo;Più di due carreggiate;Asciutto;Asfaltata;Orizzontale;Sereno;Normale;Sufficiente;Ore Diurne;0;0;0;5;12.4233;41.9408;-1;1;Autovettura privata;In marcia / fermata / arresto;Conducente;M;Illeso;0;;Non accertato;Inesploso
4086572;19;12/11/2018 16:00:00;Strada Urbana;VIA TRIONFALE;in corrispondenza;;del civico n.;8772;;Scontro frontale/laterale DX fra veicoli in marcia;Rettilineo;Più di due carreggiate;Asciutto;Asfaltata;Orizzontale;Sereno;Normale;Sufficiente;Ore Diurne;0;0;0;5;12.4233;41.9408;-1;1;Autovettura privata;In marcia / fermata / arresto;Passeggero;M;Illeso;0;;Non accertato;Inesploso
4086572;19;12/11/2018 16:00:00;Strada Urbana;VIA TRIONFALE;in corrispondenza;;del civico n.;8772;;Scontro frontale/laterale DX fra veicoli in marcia;Rettilineo;Più di due carreggiate;Asciutto;Asfaltata;Orizzontale;Sereno;Normale;Sufficiente;Ore Diurne;0;0;0;5;12.4233;41.9408;-1;1;Autovettura privata;In marcia / fermata / arresto;Passeggero;M;Illeso;0;;Non accertato;Inesploso
4086572;19;12/11/2018 16:00:00;Strada Urbana;VIA TRIONFALE;in corrispondenza;;del civico n.;8772;;Scontro frontale/laterale DX fra veicoli in marcia;Rettilineo;Più di due carreggiate;Asciutto;Asfaltata;Orizzontale;Sereno;Normale;Sufficiente;Ore Diurne;0;0;0;5;12.4233;41.9408;-1;2;Autovettura privata;In marcia / fermata / arresto;Conducente;F;Illeso;0;;Non accertato;Inesploso
4086572;19;12/11/2018 16:00:00;Strada Urbana;VIA TRIONFALE;in corrispondenza;;del civico n.;8772;;Scontro frontale/laterale DX fra veicoli in marcia;Rettilineo;Più di due carreggiate;Asciutto;Asfaltata;Orizzontale;Sereno;Normale;Sufficiente;Ore Diurne;0;0;0;5;12.4233;41.9408;-1;2;Autovettura privata;In marcia / fermata / arresto;Passeggero;F;Illeso;0;;Non accertato;
4086579;2;12/11/2018 11:00:00;Strada Urbana;VIALE DELLE BELLE ARTI;da specificare;;;;alt. PIAZZALE DI VILLA GIULIA dir. Via M. Pilsudsk;Tamponamento;Rettilineo;Una carreggiata a doppio senso;Asciutto;Asfaltata;Verticale ed orizzontale;Sereno;Scarso;Buona;Ore Diurne;0;0;0;2;12.4782;41.9187;-1;1;Autovettura privata;In marcia / fermata / arresto;Conducente;M;Illeso;0;;Non accertato;Inesploso
4086579;2;12/11/2018 11:00:00;Strada Urbana;VIALE DELLE BELLE ARTI;da specificare;;;;alt. PIAZZALE DI VILLA GIULIA dir. Via M. Pilsudsk;Tamponamento;Rettilineo;Una carreggiata a doppio senso;Asciutto;Asfaltata;Verticale ed orizzontale;Sereno;Scarso;Buona;Ore Diurne;0;0;0;2;12.4782;41.9187;-1;2;Motociclo a solo;In marcia / fermata / arresto;Conducente;M;Illeso;0;;Non accertato;
4086588;2;12/11/2018 18:35:00;Strada Urbana;VIA SALARIA;all'intersezione con;VIA TARO;VIA TARO;;;Scontro frontale/laterale SX fra veicoli in marcia;Incrocio;Una carreggiata a doppio senso;Asciutto;Asfaltata;Verticale ed orizzontale;Sereno;Normale;Buona;Insufficiente;2;0;0;2;12.5032;41.924;-1;1;Autovettura privata;In marcia / fermata / arresto;Conducente;M;Illeso;0;;;
4086588;2;12/11/2018 18:35:00;Strada Urbana;VIA SALARIA;all'intersezione con;VIA TARO;VIA TARO;;;Scontro frontale/laterale SX fra veicoli in marcia;Incrocio;Una carreggiata a doppio senso;Asciutto;Asfaltata;Verticale ed orizzontale;Sereno;Normale;Buona;Insufficiente;2;0;0;2;12.5032;41.924;-1;1;Autovettura privata;In marcia / fermata / arresto;Passeggero;M;Illeso;0;;;
4086588;2;12/11/2018 18:35:00;Strada Urbana;VIA SALARIA;all'intersezione con;VIA TARO;VIA TARO;;;Scontro frontale/laterale SX fra veicoli in marcia;Incrocio;Una carreggiata a doppio senso;Asciutto;Asfaltata;Verticale ed orizzontale;Sereno;Normale;Buona;Insufficiente;2;0;0;2;12.5032;41.924;-1;2;Motociclo con passeggero;In marcia / fermata / arresto;Conducente;M;Rimandato;0;NON DECEDUTO;;
4086588;2;12/11/2018 18:35:00;Strada Urbana;VIA SALARIA;all'intersezione con;VIA TARO;VIA TARO;;;Scontro frontale/laterale SX fra veicoli in marcia;Incrocio;Una carreggiata a doppio senso;Asciutto;Asfaltata;Verticale ed orizzontale;Sereno;Normale;Buona;Insufficiente;2;0;0;2;12.5032;41.924;-1;2;Motociclo con passeggero;In marcia / fermata / arresto;Passeggero;F;Rimandato;0;NON DECEDUTO;;
4086592;2;12/11/2018 19:15:00;Strada Urbana;VIA NOMENTANA;all'intersezione semaforizzata con;VIA DELLA BATTERIA NOMENTANA;VIA DELLA BATTERIA NOMENTANA;;;Scontro laterale fra veicoli in marcia;Intersezione semaforizzata;Due carreggiate;Asciutto;Asfaltata;Verticale ed orizzontale;Sereno;Scarso;Buona;Sufficiente;0;0;0;2;12.5246;41.9276;-1;1;Autovettura privata;In marcia / fermata / arresto;Conducente;M;Illeso;0;;Non accertato;Inesploso
4086592;2;12/11/2018 19:15:00;Strada Urbana;VIA NOMENTANA;all'intersezione semaforizzata con;VIA DELLA BATTERIA NOMENTANA;VIA DELLA BATTERIA NOMENTANA;;;Scontro laterale fra veicoli in marcia;Intersezione semaforizzata;Due carreggiate;Asciutto;Asfaltata;Verticale ed orizzontale;Sereno;Scarso;Buona;Sufficiente;0;0;0;2;12.5246;41.9276;-1;2;Motociclo a solo;In marcia / fermata / arresto;Conducente;F;Illeso;0;;Non accertato;
4086596;2;12/11/2018 21:20:00;Strada Urbana;VIALE BRUNO BUOZZI;in prossimità;;del civico n.;fr. 38;;Veicolo in marcia contro ostacolo fisso;Rettilineo;Una carreggiata a doppio senso;Asciutto;Asfaltata;Verticale ed orizzontale;Sereno;Scarso;Buona;Sufficiente;1;0;0;1;12.4848;41.9218;-1;1;Autovettura privata;In marcia / fermata / arresto;Conducente;F;Illeso;0;;Non accertato;Inesploso
4086596;2;12/11/2018 21:20:00;Strada Urbana;VIALE BRUNO BUOZZI;in prossimità;;del civico n.;fr. 38;;Veicolo in marcia contro ostacolo fisso;Rettilineo;Una carreggiata a doppio senso;Asciutto;Asfaltata;Verticale ed orizzontale;Sereno;Scarso;Buona;Sufficiente;1;0;0;1;12.4848;41.9218;-1;2;Velocipede;In marcia / fermata / arresto;Conducente;F;Rifiuta cure immediate;0;NON DECEDUTO;Esente;
4086598;4;12/11/2018 12:45:00;Strada Urbana;VIA DELLA CECCHINA;da specificare;;;;pross. fr. civ. 139 di via F. Sacchetti;Scontro frontale fra veicoli in marcia;Rettilineo;Una carreggiata a doppio senso;Asciutto;Asfaltata;Orizzontale;Sereno;Normale;Buona;Ore Diurne;1;0;0;1;12.5421;41.9476;-1;1;Autovettura privata;In marcia / fermata / arresto;Conducente;M;Illeso;0;;;
4086598;4;12/11/2018 12:45:00;Strada Urbana;VIA DELLA CECCHINA;da specificare;;;;pross. fr. civ. 139 di via F. Sacchetti;Scontro frontale fra veicoli in marcia;Rettilineo;Una carreggiata a doppio senso;Asciutto;Asfaltata;Orizzontale;Sereno;Normale;Buona;Ore Diurne;1;0;0;1;12.5421;41.9476;-1;2;Motociclo a solo;In marcia / fermata / arresto;Conducente;M;Rimandato;0;NON DECEDUTO;;
4086671;11;13/11/2018 08:50:00;Strada Urbana;VIA CRISTOFORO COLOMBO;da specificare;;;;all'altezza di Via Accademia degli Agiati;Scontro laterale fra veicoli in marcia;Rettilineo;Più di due carreggiate;Asciutto;Asfaltata;Verticale ed orizzontale;Sereno;Normale;Buona;Ore Diurne;1;0;0;1;12.4883;41.8523;-1;1;Autovettura privata;In marcia / fermata / arresto;Conducente;M;Illeso;0;;;
4086671;11;13/11/2018 08:50:00;Strada Urbana;VIA CRISTOFORO COLOMBO;da specificare;;;;all'altezza di Via Accademia degli Agiati;Scontro laterale fra veicoli in marcia;Rettilineo;Più di due carreggiate;Asciutto;Asfaltata;Verticale ed orizzontale;Sereno;Normale;Buona;Ore Diurne;1;0;0;1;12.4883;41.8523;-1;2;Motociclo con passeggero;In marcia / fermata / arresto;Conducente;M;Rimandato;0;NON DECEDUTO;;
4086693;23;12/11/2018 12:35:00;Comunale extraurbana;VIA CRISTOFORO COLOMBO;in prossimità;;della chilometrica;19.25;;Tamponamento;Rettilineo;Due carreggiate;Asciutto;Asfaltata;Verticale ed orizzontale;Sereno;Scarso;Buona;Ore Diurne;1;0;0;1;12.3894;41.7697;-1;1;Autovettura privata;In marcia / fermata / arresto;Conducente;F;Illeso;0;;Non accertato;Inesploso
4086693;23;12/11/2018 12:35:00;Comunale extraurbana;VIA CRISTOFORO COLOMBO;in prossimità;;della chilometrica;19.25;;Tamponamento;Rettilineo;Due carreggiate;Asciutto;Asfaltata;Verticale ed orizzontale;Sereno;Scarso;Buona;Ore Diurne;1;0;0;1;12.3894;41.7697;-1;2;Velocipede;In marcia / fermata / arresto;Conducente;M;Rimandato;0;NON DECEDUTO;Esente;
4086697;7;12/11/2018 08:20:00;Strada Urbana;VIA DELLE SUSINE;in corrispondenza;;del civico n.;63a;;Veicolo in marcia contro ostacolo accidentale;Rettilineo;Una carreggiata a doppio senso;Asciutto;Asfaltata;Assente;Sereno;Normale;Buona;Ore Diurne;0;0;0;3;12.5811;41.8825;0;1;Autovettura privata;In marcia / fermata / arresto;Conducente;M;Illeso;0;;Non accertato;Inesploso
4086697;7;12/11/2018 08:20:00;Strada Urbana;VIA DELLE SUSINE;in corrispondenza;;del civico n.;63a;;Veicolo in marcia contro ostacolo accidentale;Rettilineo;Una carreggiata a doppio senso;Asciutto;Asfaltata;Assente;Sereno;Normale;Buona;Ore Diurne;0;0;0;3;12.5811;41.8825;0;1;Autovettura privata;In marcia / fermata / arresto;Passeggero;F;Illeso;0;;Non accertato;Inesploso
4086697;7;12/11/2018 08:20:00;Strada Urbana;VIA DELLE SUSINE;in corrispondenza;;del civico n.;63a;;Veicolo in marcia contro ostacolo accidentale;Rettilineo;Una carreggiata a doppio senso;Asciutto;Asfaltata;Assente;Sereno;Normale;Buona;Ore Diurne;0;0;0;3;12.5811;41.8825;0;1;Autovettura privata;In marcia / fermata / arresto;Passeggero;F;Illeso;0;;;
4086706;23;11/11/2018 05:45:00;Strada Urbana;VIA DEI RAMNI;all'intersezione semaforizzata con;PIAZZALE SISTO V;PIAZZALE SISTO V;;;Scontro frontale/laterale SX fra veicoli in marcia;Incrocio;Una carreggiata a senso unico di marcia;Asciutto;Asfaltata;Verticale ed orizzontale;Sereno;Intenso;Insufficiente;Sufficiente;1;0;0;1;12.509;41.8984;-1;1;Motociclo a solo;In marcia / fermata / arresto;Conducente;M;Rifiuta cure immediate;0;NON DECEDUTO;Non accertato;
4086706;23;11/11/2018 05:45:00;Strada Urbana;VIA DEI RAMNI;all'intersezione semaforizzata con;PIAZZALE SISTO V;PIAZZALE SISTO V;;;Scontro frontale/laterale SX fra veicoli in marcia;Incrocio;Una carreggiata a senso unico di marcia;Asciutto;Asfaltata;Verticale ed orizzontale;Sereno;Intenso;Insufficiente;Sufficiente;1;0;0;1;12.509;41.8984;-1;2;Autocarro inferiore 35 q.;In marcia / fermata / arresto;Conducente;M;Illeso;0;;Non accertato;Inesploso
4086717;17;12/11/2018 15:30:00;Strada Urbana;VIA ANGELO EMO;da specificare;;;;IN PROSSIMITA' VIA DELLA MELORIA;Veicolo in marcia contro veicoli in sosta;Rettilineo;Due carreggiate;Asciutto;Asfaltata;Verticale ed orizzontale;Nebbia;Normale;Buona;Ore Diurne;0;0;0;1;12.4482;41.9058;-1;1;Autovettura privata;In marcia / fermata / arresto;Conducente;M;Illeso;0;;;
4086802;10;13/11/2018 09:10:00;Statale entro l'abitato;VIA APPIA NUOVA;da specificare;;;;dir. rm altezza inver. di marcia 300 m prima GRA;Scontro laterale fra veicoli in marcia;Rettilineo;Due carreggiate;Asciutto;Asfaltata;Verticale ed orizzontale;Sereno;Normale;Buona;Ore Diurne;0;0;0;2;12.5757;41.8111;-1;1;Autovettura privata;In marcia / fermata / arresto;Conducente;M;Illeso;0;;Non accertato;Inesploso
4086802;10;13/11/2018 09:10:00;Statale entro l'abitato;VIA APPIA NUOVA;da specificare;;;;dir. rm altezza inver. di marcia 300 m prima GRA;Scontro laterale fra veicoli in marcia;Rettilineo;Due carreggiate;Asciutto;Asfaltata;Verticale ed orizzontale;Sereno;Normale;Buona;Ore Diurne;0;0;0;2;12.5757;41.8111;-1;2;Motociclo a solo;In marcia / fermata / arresto;Conducente;M;Illeso;0;;Non accertato;
4086822;7;12/11/2018 10:35:00;Strada Urbana;VIA EMILIO LONGONI;all'intersezione con;VIA COLLATINA;VIA COLLATINA;;;Tamponamento;Incrocio;Due carreggiate;Asciutto;Asfaltata;Verticale ed orizzontale;Sereno;Scarso;Buona;Ore Diurne;0;0;0;2;12.602;41.9049;-1;1;Autovettura privata;In marcia / fermata / arresto;Conducente;F;Illeso;0;;Non accertato;Inesploso
4086822;7;12/11/2018 10:35:00;Strada Urbana;VIA EMILIO LONGONI;all'intersezione con;VIA COLLATINA;VIA COLLATINA;;;Tamponamento;Incrocio;Due carreggiate;Asciutto;Asfaltata;Verticale ed orizzontale;Sereno;Scarso;Buona;Ore Diurne;0;0;0;2;12.602;41.9049;-1;2;Autovettura privata;In marcia / fermata / arresto;Conducente;F;Illeso;0;;Non accertato;Inesploso
4086859;1;13/11/2018 02:00:00;Strada Urbana;LUNGOTEVERE IN AUGUSTA;in prossimità;;del palo luce n.;4;;Veicolo in marcia contro veicoli in sosta;Rettilineo;Una carreggiata a senso unico di marcia;Asciutto;Asfaltata;Verticale ed orizzontale;Nuvoloso;Scarso;Buona;Sufficiente;0;0;0;1;12.4749;41.9074;-1;1;Autovettura privata;In marcia / fermata / arresto;Conducente;M;Illeso;0;;Non accertato;Inesploso
4086871;7;13/11/2018 09:45:00;Strada Urbana;VIA PAPIRIA;in prossimità;;del civico n.;56;;Scontro frontale/laterale SX fra veicoli in marcia;Rettilineo;Una carreggiata a doppio senso;Asciutto;Asfaltata;Verticale ed orizzontale;Sereno;Normale;Buona;Ore Diurne;1;0;0;1;12.5613;41.8635;-1;1;Autovettura privata;In marcia / fermata / arresto;Conducente;F;Illeso;0;;Non accertato;Inesploso
4086871;7;13/11/2018 09:45:00;Strada Urbana;VIA PAPIRIA;in prossimità;;del civico n.;56;;Scontro frontale/laterale SX fra veicoli in marcia;Rettilineo;Una carreggiata a doppio senso;Asciutto;Asfaltata;Verticale ed orizzontale;Sereno;Normale;Buona;Ore Diurne;1;0;0;1;12.5613;41.8635;-1;2;Motociclo a solo;In marcia / fermata / arresto;Conducente;M;Rimandato;0;NON DECEDUTO;Non accertato;
4086924;7;13/11/2018 10:45:00;Strada Urbana;VIALE PALMIRO TOGLIATTI;all'intersezione semaforizzata con;VIA MOLFETTA;VIA MOLFETTA;;;Veicolo in marcia contro ostacolo accidentale;Intersezione semaforizzata;Due carreggiate;Asciutto;Asfaltata;Verticale ed orizzontale;Sereno;Intenso;Buona;Ore Diurne;0;0;0;1;12.5744;41.8918;-1;1;Autovettura privata;In marcia / fermata / arresto;Conducente;M;Illeso;0;;Non accertato;Inesploso
4086992;1;13/11/2018 10:40:00;Strada Urbana;VIA GIOVANNI GIOLITTI;all'intersezione con;VIA CAIROLI;VIA CAIROLI;;;Scontro laterale fra veicoli in marcia;Intersezione stradale segnalata;Una carreggiata a senso unico di marcia;Asciutto;Asfaltata;Verticale ed orizzontale;Sereno;Normale;Buona;Ore Diurne;1;0;0;1;;;0;1;Autovettura privata;In marcia / fermata / arresto;Conducente;M;Illeso;0;;Non accertato;Inesploso
4086992;1;13/11/2018 10:40:00;Strada Urbana;VIA GIOVANNI GIOLITTI;all'intersezione con;VIA CAIROLI;VIA CAIROLI;;;Scontro laterale fra veicoli in marcia;Intersezione stradale segnalata;Una carreggiata a senso unico di marcia;Asciutto;Asfaltata;Verticale ed orizzontale;Sereno;Normale;Buona;Ore Diurne;1;0;0;1;;;0;2;Motociclo a solo;In marcia / fermata / arresto;Conducente;M;Rifiuta cure immediate;0;NON DECEDUTO;Non accertato;
4087095;18;12/11/2018 10:45:00;Strada Urbana;VIA ANASTASIO II;da specificare;;;;fronte civico 168;Scontro laterale fra veicoli in marcia;Curva senza visuale libera;Due carreggiate;Asciutto;Asfaltata;Verticale ed orizzontale;Sereno;Normale;Buona;Ore Diurne;1;0;0;2;12.4427;41.8978;-1;1;Autovettura privata;In marcia / fermata / arresto;Conducente;M;Illeso;0;;;