Protocollo;Gruppo;DataOraIncidente;Localizzazione1;STRADA1;Localizzazione2;STRADA2;Strada02;Chilometrica;DaSpecificare;NaturaIncidente;particolaritastrade;TipoStrada;FondoStradale;Pavimentazione;Segnaletica;CondizioneAtmosferica;Traffico;Visibilita;Illuminazione;NUM_FERITI;NUM_RISERVATA;NUM_MORTI;NUM_ILLESI;Longitudine;Latitudine;Confermato;Progressivo;TipoVeicolo;StatoVeicolo;TipoPersona;Sesso;Tipolesione;Deceduto;DecedutoDopo;CinturaCascoUtilizzato;Airbag;
4087637;16;10/11/2018 11:00:00;Strada Urbana;VIALE ISACCO NEWTON;in prossimità;;del civico n.;40;;Scontro laterale fra veicoli in marcia;Rettilineo;Due carreggiate;Asciutto;Asfaltata;Assente;Sereno;Normale;Buona;Ore Diurne;0;0;0;3;12.4424;41.8591;-1;2;Autovettura privata;In marcia / fermata / arresto;Conducente;M;Illeso;0;;Non accertato;
4087648;11;13/11/2018 18:30:00;Strada Urbana;VIA ARDEATINA;all'intersezione con;VIA DELLE SETTE CHIESE;VIA DELLE SETTE CHIESE;;;Scontro frontale/laterale SX fra veicoli in marcia;Intersezione non regolata/non segnalata;Una carreggiata a doppio senso;Asciutto;Asfaltata;Verticale ed orizzontale;Sereno;Normale;Buona;Ore Diurne;0;0;0;4;12.509;41.8581;-1;1;Autocarro inferiore 35 q.;In marcia / fermata / arresto;Conducente;M;Illeso;0;;Non accertato;Inesistente
4087648;11;13/11/2018 18:30:00;Strada Urbana;VIA ARDEATINA;all'intersezione con;VIA DELLE SETTE CHIESE;VIA DELLE SETTE CHIESE;;;Scontro frontale/laterale SX fra veicoli in marcia;Intersezione non regolata/non segnalata;Una carreggiata a doppio senso;Asciutto;Asfaltata;Verticale ed orizzontale;Sereno;Normale;Buona;Ore Diurne;0;0;0;4;12.509;41.8581;-1;1;Autocarro inferiore 35 q.;In marcia / fermata / arresto;Passeggero;M;Illeso;0;;Non accertato;Inesistente
4087648;11;13/11/2018 18:30:00;Strada Urbana;VIA ARDEATINA;all'intersezione con;VIA DELLE SETTE CHIESE;VIA DELLE SETTE CHIESE;;;Scontro frontale/laterale SX fra veicoli in marcia;Intersezione non regolata/non segnalata;Una carreggiata a doppio senso;Asciutto;Asfaltata;Verticale ed orizzontale;Sereno;Normale;Buona;Ore Diurne;0;0;0;4;12.509;41.8581;-1;1;Autocarro inferiore 35 q.;In marcia / fermata / arresto;Passeggero;M;Illeso;0;;Non accertato;Inesploso
4087648;11;13/11/2018 18:30:00;Strada Urbana;VIA ARDEATINA;all'intersezione con;VIA DELLE SETTE CHIESE;VIA DELLE SETTE CHIESE;;;Scontro frontale/laterale SX fra veicoli in marcia;Intersezione non regolata/non segnalata;Una carreggiata a doppio senso;Asciutto;Asfaltata;Verticale ed orizzontale;Sereno;Normale;Buona;Ore Diurne;0;0;0;4;12.509;41.8581;-1;2;Autovettura privata;In marcia / fermata / arresto;Conducente;M;Illeso;0;;Non accertato;Inesploso
4087663;5;13/11/2018 16:30:00;Strada Urbana;VIA LUIGI GIGLIOTTI;in corrispondenza;;del civico n.;140;;Investimento di pedone;Rettilineo;Una carreggiata a doppio senso;Asciutto;Asfaltata;Verticale ed orizzontale;Sereno;Normale;Sufficiente;Ore Diurne;1;0;0;1;12.5912;41.9401;-1;;;;Pedone;M;Rimandato;0;NON DECEDUTO;;
4087663;5;13/11/2018 16:30:00;Strada Urbana;VIA LUIGI GIGLIOTTI;in corrispondenza;;del civico n.;140;;Investimento di pedone;Rettilineo;Una carreggiata a doppio senso;Asciutto;Asfaltata;Verticale ed orizzontale;Sereno;Normale;Sufficiente;Ore Diurne;1;0;0;1;12.5912;41.9401;-1;1;Autocarro inferiore 35 q.;In marcia / fermata / arresto;Conducente;M;Illeso;0;;Non accertato;Inesploso
4087665;16;12/11/2018 10:15:00;Strada Urbana;VIA DI BRAVA;in corrispondenza;;del civico n.;31;;Scontro frontale/laterale DX fra veicoli in marcia;Rettilineo;Una carreggiata a doppio senso;Asciutto;Asfaltata;Assente;Sereno;Normale;Sufficiente;Ore Diurne;1;0;0;1;12.3814;41.8808;-1;1;Motociclo con passeggero;In marcia / fermata / arresto;Conducente;M;Ricoverato;0;NON DECEDUTO;Non accertato;
4087665;16;12/11/2018 10:15:00;Strada Urbana;VIA DI BRAVA;in corrispondenza;;del civico n.;31;;Scontro frontale/laterale DX fra veicoli in marcia;Rettilineo;Una carreggiata a doppio senso;Asciutto;Asfaltata;Assente;Sereno;Normale;Sufficiente;Ore Diurne;1;0;0;1;12.3814;41.8808;-1;2;Autovettura privata;In marcia / fermata / arresto;Conducente;M;Illeso;0;;Non accertato;
4087702;16;12/11/2018 12:00:00;Strada Urbana;CIRCONVALLAZIONE GIANICOLENSE;in corrispondenza;;del civico n.;186;;Veicolo in marcia contro veicolo in sosta;Rettilineo;Una carreggiata a senso unico di marcia;Asciutto;Asfaltata;Verticale ed orizzontale;Sereno;Normale;Buona;Ore Diurne;0;0;0;1;12.4523;41.8703;-1;2;Autobus urbano;In marcia / fermata / arresto;Conducente;M;Illeso;0;;Non accertato;Inesploso
4087716;9;13/11/2018 18:15:00;;VIA TERNI;in prossimità;;del civico n.;27;;Scontro laterale fra veicoli in marcia;;;;;;;;;;0;0;0;2;12.5185;41.8853;0;1;Autovettura privata;In marcia / fermata / arresto;Conducente;M;Illeso;0;;Non accertato;Inesploso
4087716;9;13/11/2018 18:15:00;;VIA TERNI;in prossimità;;del civico n.;27;;Scontro laterale fra veicoli in marcia;;;;;;;;;;0;0;0;2;12.5185;41.8853;0;2;Autovettura privata;In marcia / fermata / arresto;Conducente;M;Illeso;0;;Non accertato;Inesploso
4087725;18;13/11/2018 09:00:00;Strada Urbana;VIA DI TORREVECCHIA;all'intersezione con;VIA MONTOGGIO;VIA MONTOGGIO;;;Ribaltamento senza urto contro ostacolo fisso;Intersezione stradale segnalata;Una carreggiata a doppio senso;Asciutto;Asfaltata;Verticale ed orizzontale;Sereno;Normale;Buona;Ore Diurne;1;0;0;1;12.4012;41.9119;-1;1;Motociclo con passeggero;In marcia / fermata / arresto;Conducente;M;Rimandato;0;NON DECEDUTO;Non accertato;
4087725;18;13/11/2018 09:00:00;Strada Urbana;VIA DI TORREVECCHIA;all'intersezione con;VIA MONTOGGIO;VIA MONTOGGIO;;;Ribaltamento senza urto contro ostacolo fisso;Intersezione stradale segnalata;Una carreggiata a doppio senso;Asciutto;Asfaltata;Verticale ed orizzontale;Sereno;Normale;Buona;Ore Diurne;1;0;0;1;12.4012;41.9119;-1;2;Autovettura privata;In marcia / fermata / arresto;Conducente;M;Illeso;0;;Non accertato;Inesploso
4087837;10;13/11/2018 21:20:00;Strada Urbana;VIA UMBERTIDE;in prossimità;;del civico n.;27;;Veicolo in marcia contro ostacolo accidentale;Rettilineo;Una carreggiata a doppio senso;Asciutto;Con buche;Assente;Sereno;Normale;Sufficiente;Sufficiente;1;0;0;0;12.533;41.8744;-1;1;Motociclo a solo;In marcia / fermata / arresto;Conducente;M;Rimandato;0;NON DECEDUTO;Non accertato;
4088069;10;13/11/2018 14:45:00;Strada Urbana;VIA FABRIZIO LUSCINO;in corrispondenza;;del civico n.;74;;Veicolo in marcia contro veicolo fermo;Rettilineo;Una carreggiata a senso unico di marcia;Asciutto;Asfaltata;Verticale ed orizzontale;Sereno;Normale;Buona;Ore Diurne;0;0;0;3;12.5571;41.855;-1;1;Autovettura privata;In marcia / fermata / arresto;Conducente;M;Illeso;0;;Non accertato;Inesploso
4088069;10;13/11/2018 14:45:00;Strada Urbana;VIA FABRIZIO LUSCINO;in corrispondenza;;del civico n.;74;;Veicolo in marcia contro veicolo fermo;Rettilineo;Una carreggiata a senso unico di marcia;Asciutto;Asfaltata;Verticale ed orizzontale;Sereno;Normale;Buona;Ore Diurne;0;0;0;3;12.5571;41.855;-1;1;Autovettura privata;In marcia / fermata / arresto;Passeggero;F;Illeso;0;;Non accertato;Inesploso
4088069;10;13/11/2018 14:45:00;Strada Urbana;VIA FABRIZIO LUSCINO;in corrispondenza;;del civico n.;74;;Veicolo in marcia contro veicolo fermo;Rettilineo;Una carreggiata a senso unico di marcia;Asciutto;Asfaltata;Verticale ed orizzontale;Sereno;Normale;Buona;Ore Diurne;0;0;0;3;12.5571;41.855;-1;2;Autovettura privata;In marcia / fermata / arresto;Conducente;F;Illeso;0;;Non accertato;Inesploso
4088079;15;13/11/2018 13:00:00;Strada Urbana;VIA CASTIGLIONE DELLA PESCAIA;all'intersezione con;VIA DEL MONTE DELLE CAPRE;VIA DEL MONTE DELLE CAPRE;;;Scontro frontale/laterale DX fra veicoli in marcia;Intersezione non regolata/non segnalata;Una carreggiata a doppio senso;Asciutto;Asfaltata;Verticale;Sereno;Intenso;Buona;Ore Diurne;1;0;0;1;12.4279;41.8438;-1;1;Autovettura privata;In marcia / fermata / arresto;Conducente;M;Illeso;0;;Utilizzato;
4088079;15;13/11/2018 13:00:00;Strada Urbana;VIA CASTIGLIONE DELLA PESCAIA;all'intersezione con;VIA DEL MONTE DELLE CAPRE;VIA DEL MONTE DELLE CAPRE;;;Scontro frontale/laterale DX fra veicoli in marcia;Intersezione non regolata/non segnalata;Una carreggiata a doppio senso;Asciutto;Asfaltata;Verticale;Sereno;Intenso;Buona;Ore Diurne;1;0;0;1;12.4279;41.8438;-1;2;Autovettura privata;In marcia / fermata / arresto;Conducente;M;Rimandato;0;NON DECEDUTO;Utilizzato;Inesploso
4088093;11;13/11/2018 10:00:00;Strada Urbana;VIA TULLIO LEVI CIVITA;da specificare;;;;alt. 22;Veicolo in marcia contro ostacolo accidentale;Rettilineo;Due carreggiate;Asciutto;Asfaltata;Assente;Sereno;Scarso;Buona;Ore Diurne;0;0;0;1;12.4734;41.856;-1;1;Motociclo di polizia;In marcia / fermata / arresto;Conducente;M;Illeso;0;;;
4088101;18;13/11/2018 19:00:00;Strada Urbana;VIA TROFARELLO;all'intersezione con;VIA CARIGNANO;VIA CARIGNANO;;;Scontro frontale/laterale DX fra veicoli in marcia;Intersezione stradale segnalata;Una carreggiata a doppio senso;Asciutto;Asfaltata;Verticale;Sereno;Normale;Buona;Ore Diurne;0;0;0;3;12.3667;41.9138;-1;1;Autovettura privata;In marcia / fermata / arresto;Conducente;M;Illeso;0;;Non accertato;Inesploso
4088101;18;13/11/2018 19:00:00;Strada Urbana;VIA TROFARELLO;all'intersezione con;VIA CARIGNANO;VIA CARIGNANO;;;Scontro frontale/laterale DX fra veicoli in marcia;Intersezione stradale segnalata;Una carreggiata a doppio senso;Asciutto;Asfaltata;Verticale;Sereno;Normale;Buona;Ore Diurne;0;0;0;3;12.3667;41.9138;-1;1;Autovettura privata;In marcia / fermata / arresto;Passeggero;M;Illeso;0;;Non accertato;Inesploso
4088101;18;13/11/2018 19:00:00;Strada Urbana;VIA TROFARELLO;all'intersezione con;VIA CARIGNANO;VIA CARIGNANO;;;Scontro frontale/laterale DX fra veicoli in marcia;Intersezione stradale segnalata;Una carreggiata a doppio senso;Asciutto;Asfaltata;Verticale;Sereno;Normale;Buona;Ore Diurne;0;0;0;3;12.3667;41.9138;-1;2;Autovettura privata;In marcia / fermata / arresto;Conducente;M;Illeso;0;;Non accertato;Inesploso
4088107;15;13/11/2018 16:35:00;Strada Urbana;VIA FRANCESCO GRIMALDI;in corrispondenza;;del civico n.;46;;Tamponamento;Rettilineo;Due carreggiate;Asciutto;Asfaltata;Verticale ed orizzontale;Sereno;Normale;Buona;Ore Diurne;0;0;0;2;12.4679;41.8649;-1;1;Motociclo a solo;In marcia / fermata / arresto;Conducente;F;Illeso;0;;Utilizzato;
4088107;15;13/11/2018 16:35:00;Strada Urbana;VIA FRANCESCO GRIMALDI;in corrispondenza;;del civico n.;46;;Tamponamento;Rettilineo;Due carreggiate;Asciutto;Asfaltata;Verticale ed orizzontale;Sereno;Normale;Buona;Ore Diurne;0;0;0;2;12.4679;41.8649;-1;2;Motociclo a solo;In marcia / fermata / arresto;Conducente;M;Illeso;0;;Utilizzato;
4088110;11;13/11/2018 18:00:00;Strada Urbana;VIALE LONDRA;da specificare;;;;20 metri prima di Via Atene;Scontro laterale fra veicoli in marcia;Curva senza visuale libera;Due carreggiate;Asciutto;Asfaltata;Verticale ed orizzontale;Sereno;Scarso;Insufficiente;Inesistente;0;0;0;2;12.5126;41.8415;-1;1;Autovettura privata;In marcia / fermata / arresto;Conducente;F;Illeso;0;;Non accertato;
4088110;11;13/11/2018 18:00:00;Strada Urbana;VIALE LONDRA;da specificare;;;;20 metri prima di Via Atene;Scontro laterale fra veicoli in marcia;Curva senza visuale libera;Due carreggiate;Asciutto;Asfaltata;Verticale ed orizzontale;Sereno;Scarso;Insufficiente;Inesistente;0;0;0;2;12.5126;41.8415;-1;2;Autovettura privata;In marcia / fermata / arresto;Conducente;F;Illeso;0;;Non accertato;
4088124;11;13/11/2018 18:20:00;Strada Urbana;VIA ARDEATINA;da specificare;;;;in prossimità f.c. 521;Tamponamento;Curva a visuale libera;Una carreggiata a doppio senso;Asciutto;Asfaltata;Orizzontale;Sereno;Intenso;Sufficiente;Sufficiente;0;0;0;3;12.5184;41.8288;-1;1;Autovettura privata;In marcia / fermata / arresto;Conducente;F;Illeso;0;;;
4088124;11;13/11/2018 18:20:00;Strada Urbana;VIA ARDEATINA;da specificare;;;;in prossimità f.c. 521;Tamponamento;Curva a visuale libera;Una carreggiata a doppio senso;Asciutto;Asfaltata;Orizzontale;Sereno;Intenso;Sufficiente;Sufficiente;0;0;0;3;12.5184;41.8288;-1;1;Autovettura privata;In marcia / fermata / arresto;Passeggero;M;Illeso;0;;;
4088124;11;13/11/2018 18:20:00;Strada Urbana;VIA ARDEATINA;da specificare;;;;in prossimità f.c. 521;Tamponamento;Curva a visuale libera;Una carreggiata a doppio senso;Asciutto;Asfaltata;Orizzontale;Sereno;Intenso;Sufficiente;Sufficiente;0;0;0;3;12.5184;41.8288;-1;2;Autocarro inferiore 35 q.;In marcia / fermata / arresto;Conducente;M;Illeso;0;;;
4088125;11;13/11/2018 19:05:00;Strada Urbana;VIA ARDEATINA;da specificare;;;;altezza VIA DI GROTTA PERFETTA;Tamponamento;Rettilineo;Una carreggiata a doppio senso;Asciutto;Asfaltata;Verticale ed orizzontale;Sereno;Intenso;Buona;Sufficiente;1;0;0;1;12.5181;41.8293;-1;1;Autovettura privata;In marcia / fermata / arresto;Conducente;M;Rimandato;0;NON DECEDUTO;Non accertato;Inesploso
4088125;11;13/11/2018 19:05:00;Strada Urbana;VIA ARDEATINA;da specificare;;;;altezza VIA DI GROTTA PERFETTA;Tamponamento;Rettilineo;Una carreggiata a doppio senso;Asciutto;Asfaltata;Verticale ed orizzontale;Sereno;Intenso;Buona;Sufficiente;1;0;0;1;12.5181;41.8293;-1;2;Autovettura privata;In marcia / fermata / arresto;Conducente;M;Illeso;0;;Non accertato;Inesploso
4088145;18;13/11/2018 19:55:00;Strada Urbana;VIA ANASTASIO II;in prossimità;;del civico n.;55;;Scontro laterale fra veicoli in marcia;Rettilineo;Due carreggiate;Asciutto;Asfaltata;Verticale ed orizzontale;Sereno;Normale;Sufficiente;Sufficiente;0;0;0;2;12.4396;41.8965;-1;1;Macchina operatrice;In marcia / fermata / arresto;Conducente;M;Illeso;0;;Non accertato;Inesploso
4088145;18;13/11/2018 19:55:00;Strada Urbana;VIA ANASTASIO II;in prossimità;;del civico n.;55;;Scontro laterale fra veicoli in marcia;Rettilineo;Due carreggiate;Asciutto;Asfaltata;Verticale ed orizzontale;Sereno;Normale;Sufficiente;Sufficiente;0;0;0;2;12.4396;41.8965;-1;2;Autovettura privata;In marcia / fermata / arresto;Conducente;M;Illeso;0;;Non accertato;Inesploso
4088150;5;13/11/2018 12:30:00;Statale entro l'abitato;VIA TIBURTINA;in prossimità;;del civico n.;1447;;Scontro laterale fra veicoli in marcia;Rettilineo;Due carreggiate;Asciutto;Asfaltata;Verticale ed orizzontale;Sereno;Normale;Buona;Ore Diurne;0;0;0;1;;;0;1;Velocipede;In marcia / fermata / arresto;Conducente;M;Illeso;0;;Esente;
4088154;13;13/11/2018 07:25:00;Strada Urbana;VIA DELLE BALENIERE;all'intersezione con;VIA DELLE GONDOLE;VIA DELLE GONDOLE;;;Scontro frontale/laterale SX fra veicoli in marcia;Incrocio;Una carreggiata a senso unico di marcia;Asciutto;Asfaltata;Verticale ed orizzontale;Sereno;Scarso;Buona;Ore Diurne;0;0;0;2;12.2795;41.7382;-1;1;Autovettura privata;In marcia / fermata / arresto;Conducente;M;Illeso;0;;;
4088154;13;13/11/2018 07:25:00;Strada Urbana;VIA DELLE BALENIERE;all'intersezione con;VIA DELLE GONDOLE;VIA DELLE GONDOLE;;;Scontro frontale/laterale SX fra veicoli in marcia;Incrocio;Una carreggiata a senso unico di marcia;Asciutto;Asfaltata;Verticale ed orizzontale;Sereno;Scarso;Buona;Ore Diurne;0;0;0;2;12.2795;41.7382;-1;2;Autovettura privata;In marcia / fermata / arresto;Conducente;F;Illeso;0;;;
4088162;19;13/11/2018 07:50:00;Strada Urbana;VIA DELLA PINETA SACCHETTI;all'intersezione con;VIA VITTORIO MONTIGLIO;VIA VITTORIO MONTIGLIO;;;Scontro laterale fra veicoli in marcia;Intersezione semaforizzata;Una carreggiata a senso unico di marcia;Asciutto;Asfaltata;Verticale ed orizzontale;Sereno;Intenso;Buona;Ore Diurne;1;0;0;1;12.425;41.924;-1;1;Autovettura privata;In marcia / fermata / arresto;Conducente;F;Illeso;0;;Non accertato;Inesploso
4088162;19;13/11/2018 07:50:00;Strada Urbana;VIA DELLA PINETA SACCHETTI;all'intersezione con;VIA VITTORIO MONTIGLIO;VIA VITTORIO MONTIGLIO;;;Scontro laterale fra veicoli in marcia;Intersezione semaforizzata;Una carreggiata a senso unico di marcia;Asciutto;Asfaltata;Verticale ed orizzontale;Sereno;Intenso;Buona;Ore Diurne;1;0;0;1;12.425;41.924;-1;2;Motociclo a solo;In marcia / fermata / arresto;Conducente;M;Rimandato;0;NON DECEDUTO;Non accertato;
4088163;11;13/11/2018 20:50:00;Strada Urbana;VIALE DI TOR MARANCIA;all'intersezione con;VIA VALERIA RUFINA;VIA VALERIA RUFINA;;;Investimento di pedone;Incrocio;Più di due carreggiate;Asciutto;Asfaltata;Verticale ed orizzontale;Sereno;Normale;Buona;Sufficiente;1;0;0;2;12.4975;41.8552;-1;;;;Pedone;M;Rimandato;0;NON DECEDUTO;;
4088163;11;13/11/2018 20:50:00;Strada Urbana;VIALE DI TOR MARANCIA;all'intersezione con;VIA VALERIA RUFINA;VIA VALERIA RUFINA;;;Investimento di pedone;Incrocio;Più di due carreggiate;Asciutto;Asfaltata;Verticale ed orizzontale;Sereno;Normale;Buona;Sufficiente;1;0;0;2;12.4975;41.8552;-1;;;;Pedone;M;Illeso;0;;;
4088163;11;13/11/2018 20:50:00;Strada Urbana;VIALE DI TOR MARANCIA;all'intersezione con;VIA VALERIA RUFINA;VIA VALERIA RUFINA;;;Investimento di pedone;Incrocio;Più di due carreggiate;Asciutto;Asfaltata;Verticale ed orizzontale;Sereno;Normale;Buona;Sufficiente;1;0;0;2;12.4975;41.8552;-1;1;Autovettura privata;In marcia / fermata / arresto;Conducente;M;Illeso;0;;Non accertato;
4088167;6;13/11/2018 18:15:00;Strada Urbana;VIA DEGLI ANGELI;in prossimità;;del civico n.;99/b;;Veicolo in marcia contro ostacolo accidentale;Curva a visuale libera;Una carreggiata a doppio senso;Asciutto;Asfaltata;Assente;Sereno;Normale;Sufficiente;Sufficiente;0;0;0;1;12.5426;41.8732;-1;1;Autovettura privata;In marcia / fermata / arresto;Conducente;M;Illeso;0;;;
4088177;20;13/11/2018 17:20:00;Strada Urbana;VIA DELLA GIUSTINIANA;all'intersezione con;VIA INVERIGO;VIA INVERIGO;;;Scontro frontale fra veicoli in marcia;Incrocio;Una carreggiata a doppio senso;Asciutto;Asfaltata;Verticale ed orizzontale;Sereno;Intenso;Sufficiente;Sufficiente;1;0;0;2;12.4549;41.9943;-1;1;Autovettura di polizia;In marcia / fermata / arresto;Conducente;M;Illeso;0;;;
4088177;20;13/11/2018 17:20:00;Strada Urbana;VIA DELLA GIUSTINIANA;all'intersezione con;VIA INVERIGO;VIA INVERIGO;;;Scontro frontale fra veicoli in marcia;Incrocio;Una carreggiata a doppio senso;Asciutto;Asfaltata;Verticale ed orizzontale;Sereno;Intenso;Sufficiente;Sufficiente;1;0;0;2;12.4549;41.9943;-1;1;Autovettura di polizia;In marcia / fermata / arresto;Passeggero;M;Illeso;0;;;
4088177;20;13/11/2018 17:20:00;Strada Urbana;VIA DELLA GIUSTINIANA;all'intersezione con;VIA INVERIGO;VIA INVERIGO;;;Scontro frontale fra veicoli in marcia;Incrocio;Una carreggiata a doppio senso;Asciutto;Asfaltata;Verticale ed orizzontale;Sereno;Intenso;Sufficiente;Sufficiente;1;0;0;2;12.4549;41.9943;-1;2;Motociclo a solo;In marcia / fermata / arresto;Conducente;M;Rimandato;0;NON DECEDUTO;;
4088182;16;12/11/2018 17:40:00;Strada Urbana;PIAZZALE EUGENIO MORELLI;in corrispondenza;;del civico n.;52;;Scontro laterale fra veicoli in marcia;Rettilineo;Più di due carreggiate;Asciutto;Asfaltata;Assente;Sereno;Normale;Buona;Sufficiente;0;0;0;3;12.4427;41.8611;-1;1;Autocarro inferiore 35 q.;In marcia / fermata / arresto;Conducente;M;Illeso;0;;Non accertato;Inesploso
4088182;16;12/11/2018 17:40:00;Strada Urbana;PIAZZALE EUGENIO MORELLI;in corrispondenza;;del civico n.;52;;Scontro laterale fra veicoli in marcia;Rettilineo;Più di due carreggiate;Asciutto;Asfaltata;Assente;Sereno;Normale;Buona;Sufficiente;0;0;0;3;12.4427;41.8611;-1;2;Autovettura privata;In marcia / fermata / arresto;Conducente;F;Illeso;0;;Non accertato;Inesploso
4088182;16;12/11/2018 17:40:00;Strada Urbana;PIAZZALE EUGENIO MORELLI;in corrispondenza;;del civico n.;52;;Scontro laterale fra veicoli in marcia;Rettilineo;Più di due carreggiate;Asciutto;Asfaltata;Assente;Sereno;Normale;Buona;Sufficiente;0;0;0;3;12.4427;41.8611;-1;2;Autovettura privata;In marcia / fermata / arresto;Passeggero;M;Illeso;0;;Non accertato;Inesploso
4088189;5;13/11/2018 14:55:00;Strada Urbana;VIA TIBURTINA;in prossimità;;del civico n.;724;;Scontro laterale fra veicoli in marcia;Rettilineo;Due carreggiate;Asciutto;Asfaltata;Verticale ed orizzontale;Sereno;Normale;Buona;Ore Diurne;0;0;0;5;;;0;1;Autovettura privata;In marcia / fermata / arresto;Conducente;M;Illeso;0;;Non accertato;
4088189;5;13/11/2018 14:55:00;Strada Urbana;VIA TIBURTINA;in prossimità;;del civico n.;724;;Scontro laterale fra veicoli in marcia;Rettilineo;Due carreggiate;Asciutto;Asfaltata;Verticale ed orizzontale;Sereno;Normale;Buona;Ore Diurne;0;0;0;5;;;0;1;Autovettura privata;In marcia / fermata / arresto;Passeggero;F;Illeso;0;;Non accertato;
4088189;5;13/11/2018 14:55:00;Strada Urbana;VIA TIBURTINA;in prossimità;;del civico n.;724;;Scontro laterale fra veicoli in marcia;Rettilineo;Due carreggiate;Asciutto;Asfaltata;Verticale ed orizzontale;Sereno;Normale;Buona;Ore Diurne;0;0;0;5;;;0;2;Autovettura privata;In marcia / fermata / arresto;Conducente;F;Illeso;0;;Non accertato;
4088189;5;13/11/2018 14:55:00;Strada Urbana;VIA TIBURTINA;in prossimità;;del civico n.;724;;Scontro laterale fra veicoli in marcia;Rettilineo;Due carreggiate;Asciutto;Asfaltata;Verticale ed orizzontale;Sereno;Normale;Buona;Ore Diurne;0;0;0;5;;;0;2;Autovettura privata;In marcia / fermata / arresto;Passeggero;F;Illeso;0;;Non accertato;
4088189;5;13/11/2018 14:55:00;Strada Urbana;VIA TIBURTINA;in prossimità;;del civico n.;724;;Scontro laterale fra veicoli in marcia;Rettilineo;Due carreggiate;Asciutto;Asfaltata;Verticale ed orizzontale;Sereno;Normale;Buona;Ore Diurne;0;0;0;5;;;0;2;Autovettura privata;In marcia / fermata / arresto;Passeggero;F;Illeso;0;;Non accertato;
4088193;20;13/11/2018 19:15:00;Strada Urbana;VIA DEL FORO ITALICO;da specificare;;;;in pross.ta' Galleria Fleming;Tamponamento;Rettilineo;Due carreggiate;Asciutto;Asfaltata;Verticale ed orizzontale;Sereno;Normale;Buona;Sufficiente;0;0;0;2;12.4828;41.94;-1;1;Autovettura privata;In marcia / fermata / arresto;Conducente;M;Illeso;0;;Non accertato;Inesploso
4088193;20;13/11/2018 19:15:00;Strada Urbana;VIA DEL FORO ITALICO;da specificare;;;;in pross.ta' Galleria Fleming;Tamponamento;Rettilineo;Due carreggiate;Asciutto;Asfaltata;Verticale ed orizzontale;Sereno;Normale;Buona;Sufficiente;0;0;0;2;12.4828;41.94;-1;2;Autovettura privata;In marcia / fermata / arresto;Conducente;M;Illeso;0;;Non accertato;
4088196;13;13/11/2018 12:00:00;Strada Urbana;VIA ERMANNO WOLF FERRARI;all'intersezione con;VIA ALFREDO SOFFREDINI;VIA ALFREDO SOFFREDINI;;;Veicolo in marcia contro ostacolo fisso;Incrocio;Una carreggiata a doppio senso;Asciutto;Asfaltata;Verticale ed orizzontale;Sereno;Normale;Buona;Ore Diurne;0;0;0;1;12.3804;41.7452;-1;1;Autovettura privata;In marcia / fermata / arresto;Conducente;M;Illeso;0;;Non accertato;Inesploso
4088197;8;13/11/2018 08:45:00;Strada Urbana;VIA SORTINO;all'intersezione con;VIA SAN MAURO CASTELVERDE;VIA SAN MAURO CASTELVERDE;;;Scontro frontale/laterale DX fra veicoli in marcia;Incrocio;Una carreggiata a doppio senso;Asciutto;Asfaltata;Assente;Sereno;Scarso;Buona;Ore Diurne;2;0;0;0;12.6619;41.8837;-1;1;Autovettura privata;In marcia / fermata / arresto;Conducente;M;Rimandato;0;NON DECEDUTO;Non accertato;Esploso
4088197;8;13/11/2018 08:45:00;Strada Urbana;VIA SORTINO;all'intersezione con;VIA SAN MAURO CASTELVERDE;VIA SAN MAURO CASTELVERDE;;;Scontro frontale/laterale DX fra veicoli in marcia;Incrocio;Una carreggiata a doppio senso;Asciutto;Asfaltata;Assente;Sereno;Scarso;Buona;Ore Diurne;2;0;0;0;12.6619;41.8837;-1;2;Autovettura privata;In marcia / fermata / arresto;Conducente;M;Rimandato;0;NON DECEDUTO;Non accertato;Inesploso
4088199;8;13/11/2018 09:45:00;Strada Urbana;VIA DI TORRENOVA;in corrispondenza;;del civico n.;631;;Scontro frontale/laterale SX fra veicoli in marcia;Rettilineo;Una carreggiata a doppio senso;Asciutto;Con buche;Verticale ed orizzontale;Sereno;Normale;Buona;Ore Diurne;1;0;0;1;12.6217;41.8898;-1;1;Autovettura privata;In marcia / fermata / arresto;Conducente;M;Illeso;0;;;
4088199;8;13/11/2018 09:45:00;Strada Urbana;VIA DI TORRENOVA;in corrispondenza;;del civico n.;631;;Scontro frontale/laterale SX fra veicoli in marcia;Rettilineo;Una carreggiata a doppio senso;Asciutto;Con buche;Verticale ed orizzontale;Sereno;Normale;Buona;Ore Diurne;1;0;0;1;12.6217;41.8898;-1;2;Motociclo a solo;In marcia / fermata / arresto;Conducente;M;Rimandato;0;NON DECEDUTO;;