Protocollo;Gruppo;DataOraIncidente;Localizzazione1;STRADA1;Localizzazione2;STRADA2;Strada02;Chilometrica;DaSpecificare;NaturaIncidente;particolaritastrade;TipoStrada;FondoStradale;Pavimentazione;Segnaletica;CondizioneAtmosferica;Traffico;Visibilita;Illuminazione;NUM_FERITI;NUM_RISERVATA;NUM_MORTI;NUM_ILLESI;Longitudine;Latitudine;Confermato;Progressivo;TipoVeicolo;StatoVeicolo;TipoPersona;Sesso;Tipolesione;Deceduto;DecedutoDopo;CinturaCascoUtilizzato;Airbag;
4091946;11;15/11/2018 20:10:00;Strada Urbana;CIRCONVALLAZIONE OSTIENSE;in corrispondenza;;del civico n.;199;;Tamponamento Multiplo;Rettilineo;Due carreggiate;Asciutto;Asfaltata;Verticale ed orizzontale;Sereno;Scarso;Sufficiente;Sufficiente;1;0;0;3;12.4899;41.8674;-1;2;Autovettura privata;In marcia / fermata / arresto;Passeggero;F;Rimandato;0;NON DECEDUTO;;
4091946;11;15/11/2018 20:10:00;Strada Urbana;CIRCONVALLAZIONE OSTIENSE;in corrispondenza;;del civico n.;199;;Tamponamento Multiplo;Rettilineo;Due carreggiate;Asciutto;Asfaltata;Verticale ed orizzontale;Sereno;Scarso;Sufficiente;Sufficiente;1;0;0;3;12.4899;41.8674;-1;3;Motociclo a solo;In marcia / fermata / arresto;Conducente;M;Illeso;0;;;
4091952;13;15/11/2018 12:00:00;Strada Urbana;VIA TELEMACO SIGNORINI;all'intersezione con;VIA GINO BONICHI;VIA GINO BONICHI;;;Scontro frontale/laterale SX fra veicoli in marcia;Incrocio;Una carreggiata a doppio senso;Asciutto;Asfaltata;Assente;Sereno;Normale;Buona;Ore Diurne;1;0;0;2;12.3589;41.7765;-1;1;Autocarro inferiore 35 q.;In marcia / fermata / arresto;Conducente;M;Illeso;0;;Non accertato;Inesploso
4091952;13;15/11/2018 12:00:00;Strada Urbana;VIA TELEMACO SIGNORINI;all'intersezione con;VIA GINO BONICHI;VIA GINO BONICHI;;;Scontro frontale/laterale SX fra veicoli in marcia;Incrocio;Una carreggiata a doppio senso;Asciutto;Asfaltata;Assente;Sereno;Normale;Buona;Ore Diurne;1;0;0;2;12.3589;41.7765;-1;1;Autocarro inferiore 35 q.;In marcia / fermata / arresto;Passeggero;F;Illeso;0;;Non accertato;Inesploso
4091952;13;15/11/2018 12:00:00;Strada Urbana;VIA TELEMACO SIGNORINI;all'intersezione con;VIA GINO BONICHI;VIA GINO BONICHI;;;Scontro frontale/laterale SX fra veicoli in marcia;Incrocio;Una carreggiata a doppio senso;Asciutto;Asfaltata;Assente;Sereno;Normale;Buona;Ore Diurne;1;0;0;2;12.3589;41.7765;-1;2;Autovettura privata;In marcia / fermata / arresto;Conducente;F;Rifiuta cure immediate;0;NON DECEDUTO;Non accertato;Inesploso
4091957;13;15/11/2018 15:50:00;Strada Urbana;VIA DEL MARE;all'intersezione con;VIA DELLA GENTE SALINATORIA;VIA DELLA GENTE SALINATORIA;;;Tamponamento;Incrocio;Una carreggiata a doppio senso;Asciutto;Asfaltata;Verticale ed orizzontale;Sereno;Intenso;Buona;Ore Diurne;1;0;0;1;12.4632;41.8403;-1;1;Autovettura privata;In marcia / fermata / arresto;Conducente;F;Rimandato;0;NON DECEDUTO;Non accertato;Inesploso
4091957;13;15/11/2018 15:50:00;Strada Urbana;VIA DEL MARE;all'intersezione con;VIA DELLA GENTE SALINATORIA;VIA DELLA GENTE SALINATORIA;;;Tamponamento;Incrocio;Una carreggiata a doppio senso;Asciutto;Asfaltata;Verticale ed orizzontale;Sereno;Intenso;Buona;Ore Diurne;1;0;0;1;12.4632;41.8403;-1;2;Autovettura privata;In marcia / fermata / arresto;Conducente;M;Illeso;0;;Non accertato;Esploso
4091963;13;15/11/2018 10:20:00;Strada Urbana;VIA DOMENICO BAFFIGO;all'intersezione con;VIALE DEL SOMMERGIBILE;VIALE DEL SOMMERGIBILE;;;Scontro frontale/laterale SX fra veicoli in marcia;Incrocio;Una carreggiata a doppio senso;Asciutto;Asfaltata;Verticale;Sereno;Normale;Buona;Ore Diurne;2;0;0;3;12.2576;41.7384;-1;1;Autovettura privata;In marcia / fermata / arresto;Conducente;F;Rimandato;0;NON DECEDUTO;Non accertato;Inesploso
4091963;13;15/11/2018 10:20:00;Strada Urbana;VIA DOMENICO BAFFIGO;all'intersezione con;VIALE DEL SOMMERGIBILE;VIALE DEL SOMMERGIBILE;;;Scontro frontale/laterale SX fra veicoli in marcia;Incrocio;Una carreggiata a doppio senso;Asciutto;Asfaltata;Verticale;Sereno;Normale;Buona;Ore Diurne;2;0;0;3;12.2576;41.7384;-1;1;Autovettura privata;In marcia / fermata / arresto;Passeggero;M;Illeso;0;;;
4091963;13;15/11/2018 10:20:00;Strada Urbana;VIA DOMENICO BAFFIGO;all'intersezione con;VIALE DEL SOMMERGIBILE;VIALE DEL SOMMERGIBILE;;;Scontro frontale/laterale SX fra veicoli in marcia;Incrocio;Una carreggiata a doppio senso;Asciutto;Asfaltata;Verticale;Sereno;Normale;Buona;Ore Diurne;2;0;0;3;12.2576;41.7384;-1;1;Autovettura privata;In marcia / fermata / arresto;Passeggero;M;Illeso;0;;;
4091963;13;15/11/2018 10:20:00;Strada Urbana;VIA DOMENICO BAFFIGO;all'intersezione con;VIALE DEL SOMMERGIBILE;VIALE DEL SOMMERGIBILE;;;Scontro frontale/laterale SX fra veicoli in marcia;Incrocio;Una carreggiata a doppio senso;Asciutto;Asfaltata;Verticale;Sereno;Normale;Buona;Ore Diurne;2;0;0;3;12.2576;41.7384;-1;2;Autovettura privata;In marcia / fermata / arresto;Conducente;F;Rimandato;0;NON DECEDUTO;Non accertato;Inesploso
4091963;13;15/11/2018 10:20:00;Strada Urbana;VIA DOMENICO BAFFIGO;all'intersezione con;VIALE DEL SOMMERGIBILE;VIALE DEL SOMMERGIBILE;;;Scontro frontale/laterale SX fra veicoli in marcia;Incrocio;Una carreggiata a doppio senso;Asciutto;Asfaltata;Verticale;Sereno;Normale;Buona;Ore Diurne;2;0;0;3;12.2576;41.7384;-1;2;Autovettura privata;In marcia / fermata / arresto;Passeggero;M;Illeso;0;;Non accertato;Inesploso
4091969;1;15/11/2018 23:15:00;Strada Urbana;LUNGOTEVERE AVENTINO;da specificare;;;;palo acea 2;Scontro laterale fra veicoli in marcia;Rettilineo;Due carreggiate;Asciutto;Asfaltata;Verticale ed orizzontale;Sereno;Normale;Sufficiente;Sufficiente;0;0;0;3;12.479;41.8855;-1;1;Autovettura privata;In marcia / fermata / arresto;Conducente;F;Illeso;0;;;
4091969;1;15/11/2018 23:15:00;Strada Urbana;LUNGOTEVERE AVENTINO;da specificare;;;;palo acea 2;Scontro laterale fra veicoli in marcia;Rettilineo;Due carreggiate;Asciutto;Asfaltata;Verticale ed orizzontale;Sereno;Normale;Sufficiente;Sufficiente;0;0;0;3;12.479;41.8855;-1;1;Autovettura privata;In marcia / fermata / arresto;Passeggero;F;Illeso;0;;;
4091969;1;15/11/2018 23:15:00;Strada Urbana;LUNGOTEVERE AVENTINO;da specificare;;;;palo acea 2;Scontro laterale fra veicoli in marcia;Rettilineo;Due carreggiate;Asciutto;Asfaltata;Verticale ed orizzontale;Sereno;Normale;Sufficiente;Sufficiente;0;0;0;3;12.479;41.8855;-1;2;Autovettura privata;In marcia / fermata / arresto;Conducente;M;Illeso;0;;;
4091971;11;16/11/2018 05:40:00;Strada Urbana;VIALE GUGLIELMO MARCONI;all'intersezione semaforizzata con;VIA MACEDONIO MELLONI;VIA MACEDONIO MELLONI;;;Scontro frontale/laterale SX fra veicoli in marcia;Intersezione semaforizzata;Due carreggiate;Asciutto;Asfaltata;Verticale ed orizzontale;Sereno;Normale;Sufficiente;Sufficiente;1;0;0;3;12.4724;41.8539;-1;1;Autovettura privata;In marcia / fermata / arresto;Conducente;M;Illeso;0;;;
4091971;11;16/11/2018 05:40:00;Strada Urbana;VIALE GUGLIELMO MARCONI;all'intersezione semaforizzata con;VIA MACEDONIO MELLONI;VIA MACEDONIO MELLONI;;;Scontro frontale/laterale SX fra veicoli in marcia;Intersezione semaforizzata;Due carreggiate;Asciutto;Asfaltata;Verticale ed orizzontale;Sereno;Normale;Sufficiente;Sufficiente;1;0;0;3;12.4724;41.8539;-1;1;Autovettura privata;In marcia / fermata / arresto;Passeggero;M;Illeso;0;;;
4091971;11;16/11/2018 05:40:00;Strada Urbana;VIALE GUGLIELMO MARCONI;all'intersezione semaforizzata con;VIA MACEDONIO MELLONI;VIA MACEDONIO MELLONI;;;Scontro frontale/laterale SX fra veicoli in marcia;Intersezione semaforizzata;Due carreggiate;Asciutto;Asfaltata;Verticale ed orizzontale;Sereno;Normale;Sufficiente;Sufficiente;1;0;0;3;12.4724;41.8539;-1;2;Autovettura privata;In marcia / fermata / arresto;Conducente;F;Rifiuta cure immediate;0;NON DECEDUTO;;
4091986;18;16/11/2018 07:15:00;Strada Urbana;VIA GREGORIO XI;all'intersezione con;VIA LUCA PASSI;VIA LUCA PASSI;;;Scontro laterale fra veicoli in marcia;Intersezione stradale segnalata;Due carreggiate;Asciutto;Asfaltata;Verticale;Sereno;Normale;Buona;Ore Diurne;0;0;0;4;12.4067;41.892;-1;1;Autovettura privata;In marcia / fermata / arresto;Conducente;M;Illeso;0;;Non accertato;Inesploso
4091986;18;16/11/2018 07:15:00;Strada Urbana;VIA GREGORIO XI;all'intersezione con;VIA LUCA PASSI;VIA LUCA PASSI;;;Scontro laterale fra veicoli in marcia;Intersezione stradale segnalata;Due carreggiate;Asciutto;Asfaltata;Verticale;Sereno;Normale;Buona;Ore Diurne;0;0;0;4;12.4067;41.892;-1;2;Autovettura privata;In marcia / fermata / arresto;Conducente;M;Illeso;0;;Non accertato;Inesploso
4091986;18;16/11/2018 07:15:00;Strada Urbana;VIA GREGORIO XI;all'intersezione con;VIA LUCA PASSI;VIA LUCA PASSI;;;Scontro laterale fra veicoli in marcia;Intersezione stradale segnalata;Due carreggiate;Asciutto;Asfaltata;Verticale;Sereno;Normale;Buona;Ore Diurne;0;0;0;4;12.4067;41.892;-1;2;Autovettura privata;In marcia / fermata / arresto;Passeggero;F;Illeso;0;;Non accertato;Inesploso
4091989;4;15/11/2018 13:50:00;Strada Urbana;VIA DI CASAL BOCCONE;all'intersezione con;VIALE AVE NINCHI;VIALE AVE NINCHI;;;Scontro laterale fra veicoli in marcia;Rotatoria;Una carreggiata a senso unico di marcia;Asciutto;Asfaltata;Verticale ed orizzontale;Sereno;Normale;Buona;Ore Diurne;0;0;0;2;12.5572;41.9577;-1;1;Autovettura privata;In marcia / fermata / arresto;Conducente;M;Illeso;0;;;
4091989;4;15/11/2018 13:50:00;Strada Urbana;VIA DI CASAL BOCCONE;all'intersezione con;VIALE AVE NINCHI;VIALE AVE NINCHI;;;Scontro laterale fra veicoli in marcia;Rotatoria;Una carreggiata a senso unico di marcia;Asciutto;Asfaltata;Verticale ed orizzontale;Sereno;Normale;Buona;Ore Diurne;0;0;0;2;12.5572;41.9577;-1;2;Autovettura privata;In marcia / fermata / arresto;Conducente;M;Illeso;0;;;
4092001;4;15/11/2018 09:25:00;Strada Urbana;VIA UMBERTO FRACCHIA;da specificare;;;;fronte civico 39;Tamponamento;Rettilineo;Due carreggiate;Asciutto;Asfaltata;Orizzontale;Sereno;Normale;Buona;Ore Diurne;2;0;0;0;12.5505;41.9523;-1;1;Autovettura privata;In marcia / fermata / arresto;Conducente;M;Rimandato;0;NON DECEDUTO;;
4092001;4;15/11/2018 09:25:00;Strada Urbana;VIA UMBERTO FRACCHIA;da specificare;;;;fronte civico 39;Tamponamento;Rettilineo;Due carreggiate;Asciutto;Asfaltata;Orizzontale;Sereno;Normale;Buona;Ore Diurne;2;0;0;0;12.5505;41.9523;-1;2;Autovettura privata;In marcia / fermata / arresto;Conducente;F;Rimandato;0;NON DECEDUTO;;
4092017;10;16/11/2018 07:40:00;Strada Urbana;VIA ORAZIO PULVILLO;in prossimità;;del civico n.;9;;Veicolo in marcia contro veicolo fermo;Rettilineo;Due carreggiate;Asciutto;Asfaltata;Verticale ed orizzontale;Nuvoloso;Normale;Buona;Ore Diurne;1;0;0;3;12.568;41.8541;-1;1;Autovettura privata;In marcia / fermata / arresto;Conducente;M;Illeso;0;;Non accertato;Inesploso
4092017;10;16/11/2018 07:40:00;Strada Urbana;VIA ORAZIO PULVILLO;in prossimità;;del civico n.;9;;Veicolo in marcia contro veicolo fermo;Rettilineo;Due carreggiate;Asciutto;Asfaltata;Verticale ed orizzontale;Nuvoloso;Normale;Buona;Ore Diurne;1;0;0;3;12.568;41.8541;-1;1;Autovettura privata;In marcia / fermata / arresto;Passeggero;M;Illeso;0;;Non accertato;Inesploso
4092017;10;16/11/2018 07:40:00;Strada Urbana;VIA ORAZIO PULVILLO;in prossimità;;del civico n.;9;;Veicolo in marcia contro veicolo fermo;Rettilineo;Due carreggiate;Asciutto;Asfaltata;Verticale ed orizzontale;Nuvoloso;Normale;Buona;Ore Diurne;1;0;0;3;12.568;41.8541;-1;1;Autovettura privata;In marcia / fermata / arresto;Passeggero;F;Illeso;0;;Non accertato;Inesploso
4092017;10;16/11/2018 07:40:00;Strada Urbana;VIA ORAZIO PULVILLO;in prossimità;;del civico n.;9;;Veicolo in marcia contro veicolo fermo;Rettilineo;Due carreggiate;Asciutto;Asfaltata;Verticale ed orizzontale;Nuvoloso;Normale;Buona;Ore Diurne;1;0;0;3;12.568;41.8541;-1;2;Motociclo a solo;In marcia / fermata / arresto;Conducente;M;Rimandato;0;NON DECEDUTO;Non accertato;
4092018;7;15/11/2018 09:10:00;Strada Urbana;VIA DELLE ACACIE;in corrispondenza;;del civico n.;43;;Veicolo in marcia contro ostacolo accidentale;Rettilineo;Una carreggiata a senso unico di marcia;Asciutto;Asfaltata;Verticale ed orizzontale;Sereno;Normale;Buona;Ore Diurne;0;0;0;1;12.5665;41.888;-1;1;Autovettura privata;In marcia / fermata / arresto;Conducente;M;Illeso;0;;;
4092021;12;14/11/2018 13:35:00;Regionale;VIA OSTIENSE;all'intersezione semaforizzata con;VIA DELL'IPPICA;VIA DELL'IPPICA;;;Veicolo in marcia contro ostacolo fisso;Intersezione semaforizzata;Più di due carreggiate;Asciutto;Asfaltata;Verticale ed orizzontale;Sereno;Normale;Buona;Ore Diurne;2;0;0;1;12.4365;41.8195;-1;1;Autovettura privata;In marcia / fermata / arresto;Conducente;F;Illeso;0;;Utilizzato;Inesploso
4092021;12;14/11/2018 13:35:00;Regionale;VIA OSTIENSE;all'intersezione semaforizzata con;VIA DELL'IPPICA;VIA DELL'IPPICA;;;Veicolo in marcia contro ostacolo fisso;Intersezione semaforizzata;Più di due carreggiate;Asciutto;Asfaltata;Verticale ed orizzontale;Sereno;Normale;Buona;Ore Diurne;2;0;0;1;12.4365;41.8195;-1;2;Autovettura privata;In marcia / fermata / arresto;Conducente;F;Rimandato;0;NON DECEDUTO;Non accertato;Inesploso
4092021;12;14/11/2018 13:35:00;Regionale;VIA OSTIENSE;all'intersezione semaforizzata con;VIA DELL'IPPICA;VIA DELL'IPPICA;;;Veicolo in marcia contro ostacolo fisso;Intersezione semaforizzata;Più di due carreggiate;Asciutto;Asfaltata;Verticale ed orizzontale;Sereno;Normale;Buona;Ore Diurne;2;0;0;1;12.4365;41.8195;-1;2;Autovettura privata;In marcia / fermata / arresto;Passeggero;F;Rimandato;0;NON DECEDUTO;Utilizzato;Inesploso
4092039;13;15/11/2018 08:30:00;Strada Urbana;VIA GIOVANNI FRANZONI;in prossimità;;del civico n.;80;;Scontro laterale fra veicoli in marcia;Rettilineo;Una carreggiata a doppio senso;Asciutto;Asfaltata;Assente;Sereno;Normale;Buona;Ore Diurne;0;0;0;4;12.3585;41.787;0;1;Autocarro inferiore 35 q.;In marcia / fermata / arresto;Conducente;M;Illeso;0;;Non accertato;Inesploso
4092039;13;15/11/2018 08:30:00;Strada Urbana;VIA GIOVANNI FRANZONI;in prossimità;;del civico n.;80;;Scontro laterale fra veicoli in marcia;Rettilineo;Una carreggiata a doppio senso;Asciutto;Asfaltata;Assente;Sereno;Normale;Buona;Ore Diurne;0;0;0;4;12.3585;41.787;0;1;Autocarro inferiore 35 q.;In marcia / fermata / arresto;Passeggero;M;Illeso;0;;Non accertato;Inesploso
4092039;13;15/11/2018 08:30:00;Strada Urbana;VIA GIOVANNI FRANZONI;in prossimità;;del civico n.;80;;Scontro laterale fra veicoli in marcia;Rettilineo;Una carreggiata a doppio senso;Asciutto;Asfaltata;Assente;Sereno;Normale;Buona;Ore Diurne;0;0;0;4;12.3585;41.787;0;2;Autovettura privata;In marcia / fermata / arresto;Conducente;M;Illeso;0;;Non accertato;Inesploso
4092039;13;15/11/2018 08:30:00;Strada Urbana;VIA GIOVANNI FRANZONI;in prossimità;;del civico n.;80;;Scontro laterale fra veicoli in marcia;Rettilineo;Una carreggiata a doppio senso;Asciutto;Asfaltata;Assente;Sereno;Normale;Buona;Ore Diurne;0;0;0;4;12.3585;41.787;0;2;Autovettura privata;In marcia / fermata / arresto;Passeggero;F;Illeso;0;;Non accertato;Inesploso
4092042;20;15/11/2018 12:50:00;Regionale entro l'abitato;VIA CASSIA;in corrispondenza;;del civico n.;1142;;Infortunio per sola frenata improvvisa;Rettilineo;Una carreggiata a doppio senso;Asciutto;Asfaltata;Verticale ed orizzontale;Sereno;Normale;Buona;Ore Diurne;1;0;0;0;12.4204;41.979;-1;1;Motociclo a solo;In marcia / fermata / arresto;Conducente;M;Rimandato;0;NON DECEDUTO;Non accertato;
4092050;4;15/11/2018 07:50:00;Strada Urbana;VIA DEI PRATI FISCALI;in corrispondenza;;del civico n.;112;;Scontro laterale fra veicoli in marcia;Rettilineo;Più di due carreggiate;Asciutto;Asfaltata;Verticale ed orizzontale;Sereno;Normale;Buona;Ore Diurne;1;0;0;1;12.5213;41.9465;-1;1;Autovettura privata;In marcia / fermata / arresto;Conducente;F;Illeso;0;;;
4092050;4;15/11/2018 07:50:00;Strada Urbana;VIA DEI PRATI FISCALI;in corrispondenza;;del civico n.;112;;Scontro laterale fra veicoli in marcia;Rettilineo;Più di due carreggiate;Asciutto;Asfaltata;Verticale ed orizzontale;Sereno;Normale;Buona;Ore Diurne;1;0;0;1;12.5213;41.9465;-1;2;Motociclo a solo;In marcia / fermata / arresto;Conducente;M;Rifiuta cure immediate;0;NON DECEDUTO;;
4092054;20;15/11/2018 19:15:00;Provinciale entro l'abitato;VIA TIBERINA;in corrispondenza;;del civico n.;114;;Tamponamento;Rettilineo;Una carreggiata a doppio senso;Asciutto;Asfaltata;Verticale ed orizzontale;Sereno;Normale;Buona;Sufficiente;1;0;0;2;12.5036;42.0147;-1;1;Autovettura privata;In marcia / fermata / arresto;Conducente;F;Illeso;0;;;
4092054;20;15/11/2018 19:15:00;Provinciale entro l'abitato;VIA TIBERINA;in corrispondenza;;del civico n.;114;;Tamponamento;Rettilineo;Una carreggiata a doppio senso;Asciutto;Asfaltata;Verticale ed orizzontale;Sereno;Normale;Buona;Sufficiente;1;0;0;2;12.5036;42.0147;-1;1;Autovettura privata;In marcia / fermata / arresto;Passeggero Istruttore;F;Rimandato;0;NON DECEDUTO;;
4092054;20;15/11/2018 19:15:00;Provinciale entro l'abitato;VIA TIBERINA;in corrispondenza;;del civico n.;114;;Tamponamento;Rettilineo;Una carreggiata a doppio senso;Asciutto;Asfaltata;Verticale ed orizzontale;Sereno;Normale;Buona;Sufficiente;1;0;0;2;12.5036;42.0147;-1;2;Autovettura privata;In marcia / fermata / arresto;Conducente;M;Illeso;0;;;
4092056;17;15/11/2018 07:45:00;Strada Urbana;VIALE CARSO;in corrispondenza;;del civico n.;55;;Scontro frontale/laterale SX fra veicoli in marcia;Rettilineo;Una carreggiata a doppio senso;Asciutto;Asfaltata;Verticale ed orizzontale;Sereno;Normale;Buona;Ore Diurne;0;0;0;2;12.4624;41.9202;-1;1;Autovettura pubblica;In marcia / fermata / arresto;Conducente;M;Illeso;0;;;
4092056;17;15/11/2018 07:45:00;Strada Urbana;VIALE CARSO;in corrispondenza;;del civico n.;55;;Scontro frontale/laterale SX fra veicoli in marcia;Rettilineo;Una carreggiata a doppio senso;Asciutto;Asfaltata;Verticale ed orizzontale;Sereno;Normale;Buona;Ore Diurne;0;0;0;2;12.4624;41.9202;-1;2;Ciclomotore;In marcia / fermata / arresto;Conducente;M;Illeso;0;;;
4092064;7;15/11/2018 15:40:00;Strada Urbana;VIA DI CASA CALDA;in corrispondenza;;del palo luce n.;3;;Veicolo in marcia contro ostacolo accidentale;Rettilineo;Una carreggiata a doppio senso;Asciutto;Asfaltata;Orizzontale;Sereno;Normale;Buona;Ore Diurne;0;0;0;1;12.5869;41.8732;-1;1;Autovettura privata;In marcia / fermata / arresto;Conducente;M;Illeso;0;;Non accertato;Inesploso
4092065;6;15/11/2018 21:15:00;Strada Urbana;VIA ORESTE SALOMONE;all'intersezione con;VIA PIETRO ROVETTI;VIA PIETRO ROVETTI;;;Scontro frontale/laterale SX fra veicoli in marcia;Incrocio;Una carreggiata a senso unico di marcia;Asciutto;Asfaltata;Verticale ed orizzontale;Sereno;Normale;Sufficiente;Sufficiente;2;0;0;1;12.5448;41.8778;-1;1;Autovettura privata;In marcia / fermata / arresto;Conducente;M;Rifiuta cure immediate;0;NON DECEDUTO;Non accertato;Esploso
4092065;6;15/11/2018 21:15:00;Strada Urbana;VIA ORESTE SALOMONE;all'intersezione con;VIA PIETRO ROVETTI;VIA PIETRO ROVETTI;;;Scontro frontale/laterale SX fra veicoli in marcia;Incrocio;Una carreggiata a senso unico di marcia;Asciutto;Asfaltata;Verticale ed orizzontale;Sereno;Normale;Sufficiente;Sufficiente;2;0;0;1;12.5448;41.8778;-1;2;Autovettura privata;In marcia / fermata / arresto;Conducente;M;Illeso;0;;Non accertato;Esploso
4092065;6;15/11/2018 21:15:00;Strada Urbana;VIA ORESTE SALOMONE;all'intersezione con;VIA PIETRO ROVETTI;VIA PIETRO ROVETTI;;;Scontro frontale/laterale SX fra veicoli in marcia;Incrocio;Una carreggiata a senso unico di marcia;Asciutto;Asfaltata;Verticale ed orizzontale;Sereno;Normale;Sufficiente;Sufficiente;2;0;0;1;12.5448;41.8778;-1;2;Autovettura privata;In marcia / fermata / arresto;Passeggero;M;Rifiuta cure immediate;0;NON DECEDUTO;Non accertato;Esploso
4092070;7;15/11/2018 13:15:00;Strada Urbana;VIA PRENESTINA;all'intersezione con;VIA ENRICO PRAMPOLINI;VIA ENRICO PRAMPOLINI;;;Scontro laterale fra veicoli in marcia;Incrocio;Due carreggiate;Asciutto;Asfaltata;Verticale;Sereno;Normale;Buona;Ore Diurne;0;0;0;2;12.5687;41.8952;-1;1;Autovettura privata;In marcia / fermata / arresto;Conducente;M;Illeso;0;;Non accertato;Inesploso
4092070;7;15/11/2018 13:15:00;Strada Urbana;VIA PRENESTINA;all'intersezione con;VIA ENRICO PRAMPOLINI;VIA ENRICO PRAMPOLINI;;;Scontro laterale fra veicoli in marcia;Incrocio;Due carreggiate;Asciutto;Asfaltata;Verticale;Sereno;Normale;Buona;Ore Diurne;0;0;0;2;12.5687;41.8952;-1;2;Autovettura privata;In marcia / fermata / arresto;Conducente;F;Illeso;0;;Non accertato;Inesploso
4092105;20;15/11/2018 09:40:00;Provinciale;VIA FLAMINIA;all'intersezione con;VIA VIGNANELLO;VIA VIGNANELLO;;;Tamponamento Multiplo;Intersezione non regolata/non segnalata;Una carreggiata a doppio senso;Asciutto;Asfaltata;Verticale ed orizzontale;Sereno;Normale;Buona;Ore Diurne;0;0;0;4;12.4848;42.0299;-1;1;Autocarro inferiore 35 q.;In marcia / fermata / arresto;Conducente;M;Illeso;0;;;
4092105;20;15/11/2018 09:40:00;Provinciale;VIA FLAMINIA;all'intersezione con;VIA VIGNANELLO;VIA VIGNANELLO;;;Tamponamento Multiplo;Intersezione non regolata/non segnalata;Una carreggiata a doppio senso;Asciutto;Asfaltata;Verticale ed orizzontale;Sereno;Normale;Buona;Ore Diurne;0;0;0;4;12.4848;42.0299;-1;2;Autocarro inferiore 35 q.;In marcia / fermata / arresto;Conducente;M;Illeso;0;;;
4092105;20;15/11/2018 09:40:00;Provinciale;VIA FLAMINIA;all'intersezione con;VIA VIGNANELLO;VIA VIGNANELLO;;;Tamponamento Multiplo;Intersezione non regolata/non segnalata;Una carreggiata a doppio senso;Asciutto;Asfaltata;Verticale ed orizzontale;Sereno;Normale;Buona;Ore Diurne;0;0;0;4;12.4848;42.0299;-1;3;Autocarro superiore 35 q.;In marcia / fermata / arresto;Conducente;M;Illeso;0;;;
4092105;20;15/11/2018 09:40:00;Provinciale;VIA FLAMINIA;all'intersezione con;VIA VIGNANELLO;VIA VIGNANELLO;;;Tamponamento Multiplo;Intersezione non regolata/non segnalata;Una carreggiata a doppio senso;Asciutto;Asfaltata;Verticale ed orizzontale;Sereno;Normale;Buona;Ore Diurne;0;0;0;4;12.4848;42.0299;-1;3;Autocarro superiore 35 q.;In marcia / fermata / arresto;Passeggero;M;Illeso;0;;;
4092113;4;15/11/2018 18:45:00;Strada Urbana;VIA NOMENTANA;da specificare;;;;prossimità via Isola Bella;Investimento di pedone;Curva a visuale libera;Una carreggiata a doppio senso;Asciutto;Asfaltata;Verticale ed orizzontale;Sereno;Normale;Buona;Insufficiente;1;0;0;1;12.5728;41.9579;-1;;;;Pedone;F;Rimandato;0;NON DECEDUTO;;
4092113;4;15/11/2018 18:45:00;Strada Urbana;VIA NOMENTANA;da specificare;;;;prossimità via Isola Bella;Investimento di pedone;Curva a visuale libera;Una carreggiata a doppio senso;Asciutto;Asfaltata;Verticale ed orizzontale;Sereno;Normale;Buona;Insufficiente;1;0;0;1;12.5728;41.9579;-1;1;Autovettura privata;In marcia / fermata / arresto;Conducente;M;Illeso;0;;;
4092122;13;15/11/2018 07:10:00;Strada Urbana;VIA DI SAPONARA;all'intersezione con;VIA GINO BONICHI;VIA GINO BONICHI;;;Scontro frontale/laterale SX fra veicoli in marcia;Incrocio;Una carreggiata a doppio senso;Asciutto;Asfaltata;Verticale ed orizzontale;Sereno;Normale;Buona;Ore Diurne;1;0;0;1;12.3577;41.7785;-1;1;Autovettura privata;In marcia / fermata / arresto;Conducente;F;Illeso;0;;Non accertato;Inesploso
4092122;13;15/11/2018 07:10:00;Strada Urbana;VIA DI SAPONARA;all'intersezione con;VIA GINO BONICHI;VIA GINO BONICHI;;;Scontro frontale/laterale SX fra veicoli in marcia;Incrocio;Una carreggiata a doppio senso;Asciutto;Asfaltata;Verticale ed orizzontale;Sereno;Normale;Buona;Ore Diurne;1;0;0;1;12.3577;41.7785;-1;2;Motociclo con passeggero;In marcia / fermata / arresto;Conducente;M;Rimandato;0;NON DECEDUTO;Utilizzato;
4092130;20;15/11/2018 08:10:00;Strada Urbana;VIA DI GROTTAROSSA;all'intersezione con;VIA GERMANA STEFANINI;VIA GERMANA STEFANINI;;;Scontro laterale fra veicoli in marcia;Intersezione stradale segnalata;Una carreggiata a doppio senso;Asciutto;Asfaltata;Verticale ed orizzontale;Sereno;Intenso;Buona;Ore Diurne;0;0;0;4;12.4486;41.9707;-1;1;Autovettura privata;In marcia / fermata / arresto;Conducente;M;Illeso;0;;Non accertato;Inesploso
4092130;20;15/11/2018 08:10:00;Strada Urbana;VIA DI GROTTAROSSA;all'intersezione con;VIA GERMANA STEFANINI;VIA GERMANA STEFANINI;;;Scontro laterale fra veicoli in marcia;Intersezione stradale segnalata;Una carreggiata a doppio senso;Asciutto;Asfaltata;Verticale ed orizzontale;Sereno;Intenso;Buona;Ore Diurne;0;0;0;4;12.4486;41.9707;-1;1;Autovettura privata;In marcia / fermata / arresto;Passeggero;F;Illeso;0;;Non accertato;Inesploso