Protocollo;Gruppo;DataOraIncidente;Localizzazione1;STRADA1;Localizzazione2;STRADA2;Strada02;Chilometrica;DaSpecificare;NaturaIncidente;particolaritastrade;TipoStrada;FondoStradale;Pavimentazione;Segnaletica;CondizioneAtmosferica;Traffico;Visibilita;Illuminazione;NUM_FERITI;NUM_RISERVATA;NUM_MORTI;NUM_ILLESI;Longitudine;Latitudine;Confermato;Progressivo;TipoVeicolo;StatoVeicolo;TipoPersona;Sesso;Tipolesione;Deceduto;DecedutoDopo;CinturaCascoUtilizzato;Airbag;
4093123;9;16/11/2018 14:10:00;Strada Urbana;VIA TUSCOLANA;all'intersezione semaforizzata con;VIA MONSELICE;VIA MONSELICE;;;Tamponamento Multiplo;Intersezione semaforizzata;Una carreggiata a doppio senso;Asciutto;Asfaltata;Verticale ed orizzontale;Sereno;Normale;Buona;Ore Diurne;0;0;0;6;12.5218;41.8795;-1;1;Autovettura privata;In marcia / fermata / arresto;Conducente;M;Illeso;0;;Non accertato;Inesploso
4093123;9;16/11/2018 14:10:00;Strada Urbana;VIA TUSCOLANA;all'intersezione semaforizzata con;VIA MONSELICE;VIA MONSELICE;;;Tamponamento Multiplo;Intersezione semaforizzata;Una carreggiata a doppio senso;Asciutto;Asfaltata;Verticale ed orizzontale;Sereno;Normale;Buona;Ore Diurne;0;0;0;6;12.5218;41.8795;-1;1;Autovettura privata;In marcia / fermata / arresto;Passeggero;F;Illeso;0;;Non accertato;Inesploso
4093123;9;16/11/2018 14:10:00;Strada Urbana;VIA TUSCOLANA;all'intersezione semaforizzata con;VIA MONSELICE;VIA MONSELICE;;;Tamponamento Multiplo;Intersezione semaforizzata;Una carreggiata a doppio senso;Asciutto;Asfaltata;Verticale ed orizzontale;Sereno;Normale;Buona;Ore Diurne;0;0;0;6;12.5218;41.8795;-1;2;Autovettura privata;In marcia / fermata / arresto;Conducente;F;Illeso;0;;Non accertato;Inesploso
4093123;9;16/11/2018 14:10:00;Strada Urbana;VIA TUSCOLANA;all'intersezione semaforizzata con;VIA MONSELICE;VIA MONSELICE;;;Tamponamento Multiplo;Intersezione semaforizzata;Una carreggiata a doppio senso;Asciutto;Asfaltata;Verticale ed orizzontale;Sereno;Normale;Buona;Ore Diurne;0;0;0;6;12.5218;41.8795;-1;3;Autovettura privata;In marcia / fermata / arresto;Conducente;M;Illeso;0;;Non accertato;Inesploso
4093123;9;16/11/2018 14:10:00;Strada Urbana;VIA TUSCOLANA;all'intersezione semaforizzata con;VIA MONSELICE;VIA MONSELICE;;;Tamponamento Multiplo;Intersezione semaforizzata;Una carreggiata a doppio senso;Asciutto;Asfaltata;Verticale ed orizzontale;Sereno;Normale;Buona;Ore Diurne;0;0;0;6;12.5218;41.8795;-1;4;Autovettura privata;In marcia / fermata / arresto;Conducente;M;Illeso;0;;Non accertato;Inesploso
4093123;9;16/11/2018 14:10:00;Strada Urbana;VIA TUSCOLANA;all'intersezione semaforizzata con;VIA MONSELICE;VIA MONSELICE;;;Tamponamento Multiplo;Intersezione semaforizzata;Una carreggiata a doppio senso;Asciutto;Asfaltata;Verticale ed orizzontale;Sereno;Normale;Buona;Ore Diurne;0;0;0;6;12.5218;41.8795;-1;4;Autovettura privata;In marcia / fermata / arresto;Passeggero;M;Illeso;0;;Non accertato;Inesploso
4093161;19;16/11/2018 18:40:00;Strada Urbana;VIA MATTIA BATTISTINI;in prossimità;;del civico n.;200;;Tamponamento;Rettilineo;Una carreggiata a doppio senso;Asciutto;Asfaltata;Orizzontale;Sereno;Normale;Buona;Sufficiente;0;0;0;2;12.4187;41.913;-1;1;Autovettura privata;In marcia / fermata / arresto;Conducente;F;Illeso;0;;;
4093161;19;16/11/2018 18:40:00;Strada Urbana;VIA MATTIA BATTISTINI;in prossimità;;del civico n.;200;;Tamponamento;Rettilineo;Una carreggiata a doppio senso;Asciutto;Asfaltata;Orizzontale;Sereno;Normale;Buona;Sufficiente;0;0;0;2;12.4187;41.913;-1;2;Autovettura privata;In marcia / fermata / arresto;Conducente;F;Illeso;0;;;
4093167;19;16/11/2018 18:00:00;Strada Urbana;VIA MARIO FANI;all'intersezione con;VIA STRESA;VIA STRESA;;;Scontro laterale fra veicoli in marcia;Incrocio;Una carreggiata a doppio senso;Asciutto;Asfaltata;Verticale ed orizzontale;Sereno;Intenso;Buona;Sufficiente;0;0;0;2;12.4409;41.9371;-1;1;Autovettura privata;In marcia / fermata / arresto;Conducente;M;Illeso;0;;;
4093167;19;16/11/2018 18:00:00;Strada Urbana;VIA MARIO FANI;all'intersezione con;VIA STRESA;VIA STRESA;;;Scontro laterale fra veicoli in marcia;Incrocio;Una carreggiata a doppio senso;Asciutto;Asfaltata;Verticale ed orizzontale;Sereno;Intenso;Buona;Sufficiente;0;0;0;2;12.4409;41.9371;-1;2;Motociclo a solo;In marcia / fermata / arresto;Conducente;M;Illeso;0;;;
4093171;15;16/11/2018 18:45:00;Strada Urbana;VIA RICCARDO LOMBARDI;da specificare;;;;PROSSIMITA' VIA DELL'IMBRECCIATO;Tamponamento;Rettilineo;Una carreggiata a doppio senso;Asciutto;Asfaltata;Orizzontale;Sereno;Normale;Buona;Sufficiente;0;0;0;4;12.4515;41.8437;-1;1;Motociclo con passeggero;In marcia / fermata / arresto;Passeggero;F;Illeso;0;;Utilizzato;
4093171;15;16/11/2018 18:45:00;Strada Urbana;VIA RICCARDO LOMBARDI;da specificare;;;;PROSSIMITA' VIA DELL'IMBRECCIATO;Tamponamento;Rettilineo;Una carreggiata a doppio senso;Asciutto;Asfaltata;Orizzontale;Sereno;Normale;Buona;Sufficiente;0;0;0;4;12.4515;41.8437;-1;1;Motociclo con passeggero;In marcia / fermata / arresto;Conducente;M;Illeso;0;;Utilizzato;
4093171;15;16/11/2018 18:45:00;Strada Urbana;VIA RICCARDO LOMBARDI;da specificare;;;;PROSSIMITA' VIA DELL'IMBRECCIATO;Tamponamento;Rettilineo;Una carreggiata a doppio senso;Asciutto;Asfaltata;Orizzontale;Sereno;Normale;Buona;Sufficiente;0;0;0;4;12.4515;41.8437;-1;2;Autovettura privata;In marcia / fermata / arresto;Passeggero;M;Illeso;0;;Utilizzato;Inesploso
4093171;15;16/11/2018 18:45:00;Strada Urbana;VIA RICCARDO LOMBARDI;da specificare;;;;PROSSIMITA' VIA DELL'IMBRECCIATO;Tamponamento;Rettilineo;Una carreggiata a doppio senso;Asciutto;Asfaltata;Orizzontale;Sereno;Normale;Buona;Sufficiente;0;0;0;4;12.4515;41.8437;-1;2;Autovettura privata;In marcia / fermata / arresto;Conducente;M;Illeso;0;;Non accertato;Inesploso
4093527;7;16/11/2018 07:45:00;Strada Urbana;VIALE PALMIRO TOGLIATTI;all'intersezione con;VIA OSTUNI;VIA OSTUNI;;;Scontro frontale/laterale DX fra veicoli in marcia;Incrocio;Due carreggiate;Asciutto;Asfaltata;Verticale ed orizzontale;Sereno;Normale;Buona;Ore Diurne;0;0;0;3;12.5733;41.8872;-1;1;Motociclo a solo;In marcia / fermata / arresto;Conducente;M;Illeso;0;;Non accertato;
4093527;7;16/11/2018 07:45:00;Strada Urbana;VIALE PALMIRO TOGLIATTI;all'intersezione con;VIA OSTUNI;VIA OSTUNI;;;Scontro frontale/laterale DX fra veicoli in marcia;Incrocio;Due carreggiate;Asciutto;Asfaltata;Verticale ed orizzontale;Sereno;Normale;Buona;Ore Diurne;0;0;0;3;12.5733;41.8872;-1;1;Motociclo a solo;In marcia / fermata / arresto;Passeggero;M;Illeso;0;;Non accertato;
4093527;7;16/11/2018 07:45:00;Strada Urbana;VIALE PALMIRO TOGLIATTI;all'intersezione con;VIA OSTUNI;VIA OSTUNI;;;Scontro frontale/laterale DX fra veicoli in marcia;Incrocio;Due carreggiate;Asciutto;Asfaltata;Verticale ed orizzontale;Sereno;Normale;Buona;Ore Diurne;0;0;0;3;12.5733;41.8872;-1;2;Autocarro inferiore 35 q.;In marcia / fermata / arresto;Conducente;M;Illeso;0;;Non accertato;Inesistente
4093537;20;15/11/2018 11:00:00;Strada Urbana;VIA SEQUALS;in prossimità;;del civico n.;12;;Veicolo in marcia contro veicolo in sosta;Rettilineo;Una carreggiata a doppio senso;Asciutto;Asfaltata;Assente;Sereno;Normale;Buona;Ore Diurne;0;0;0;1;12.4906;41.9946;-1;2;Motociclo a solo;In marcia / fermata / arresto;Conducente;M;Illeso;0;;;
4093539;7;16/11/2018 18:00:00;Strada Urbana;VIALE PALMIRO TOGLIATTI;in corrispondenza;;del civico n.;463;;Veicoli in marcia contro veicoli fermi;Rettilineo;Due carreggiate;Asciutto;Asfaltata;Verticale ed orizzontale;Nuvoloso;Intenso;Sufficiente;Sufficiente;0;0;0;5;12.5678;41.8695;-1;1;Autovettura privata;In marcia / fermata / arresto;Conducente;M;Illeso;0;;Non accertato;Inesploso
4093539;7;16/11/2018 18:00:00;Strada Urbana;VIALE PALMIRO TOGLIATTI;in corrispondenza;;del civico n.;463;;Veicoli in marcia contro veicoli fermi;Rettilineo;Due carreggiate;Asciutto;Asfaltata;Verticale ed orizzontale;Nuvoloso;Intenso;Sufficiente;Sufficiente;0;0;0;5;12.5678;41.8695;-1;2;Autovettura privata;In marcia / fermata / arresto;Conducente;M;Illeso;0;;Non accertato;Inesploso
4093539;7;16/11/2018 18:00:00;Strada Urbana;VIALE PALMIRO TOGLIATTI;in corrispondenza;;del civico n.;463;;Veicoli in marcia contro veicoli fermi;Rettilineo;Due carreggiate;Asciutto;Asfaltata;Verticale ed orizzontale;Nuvoloso;Intenso;Sufficiente;Sufficiente;0;0;0;5;12.5678;41.8695;-1;3;Autovettura privata;In marcia / fermata / arresto;Conducente;M;Illeso;0;;Non accertato;Inesploso
4093539;7;16/11/2018 18:00:00;Strada Urbana;VIALE PALMIRO TOGLIATTI;in corrispondenza;;del civico n.;463;;Veicoli in marcia contro veicoli fermi;Rettilineo;Due carreggiate;Asciutto;Asfaltata;Verticale ed orizzontale;Nuvoloso;Intenso;Sufficiente;Sufficiente;0;0;0;5;12.5678;41.8695;-1;4;Autovettura privata;In marcia / fermata / arresto;Conducente;M;Illeso;0;;Non accertato;Inesploso
4093539;7;16/11/2018 18:00:00;Strada Urbana;VIALE PALMIRO TOGLIATTI;in corrispondenza;;del civico n.;463;;Veicoli in marcia contro veicoli fermi;Rettilineo;Due carreggiate;Asciutto;Asfaltata;Verticale ed orizzontale;Nuvoloso;Intenso;Sufficiente;Sufficiente;0;0;0;5;12.5678;41.8695;-1;4;Autovettura privata;In marcia / fermata / arresto;Passeggero;M;Illeso;0;;Non accertato;Inesploso
4093552;8;17/11/2018 04:00:00;Strada Urbana;VIA DI CARCARICOLA;all'intersezione con;VIA ANGELO TANFANI;VIA ANGELO TANFANI;;;Veicolo in marcia contro veicolo in sosta;Incrocio;Una carreggiata a doppio senso;Asciutto;Asfaltata;Verticale;Sereno;Scarso;Buona;Sufficiente;0;0;0;1;12.6135;41.8554;-1;1;Autovettura privata;In marcia / fermata / arresto;Conducente;M;Illeso;0;;;
4093553;8;16/11/2018 08:40:00;Provinciale entro l'abitato;VIA PRENESTINA;all'intersezione con;VIA MONTEMARANO;VIA MONTEMARANO;;;Scontro frontale/laterale SX fra veicoli in marcia;Incrocio;Una carreggiata a doppio senso;Asciutto;Asfaltata;Verticale;Nuvoloso;Normale;Buona;Ore Diurne;3;0;0;2;12.6324;41.8926;0;1;Autovettura privata;In marcia / fermata / arresto;Conducente;M;Rifiuta cure immediate;0;NON DECEDUTO;Non accertato;Inesploso
4093553;8;16/11/2018 08:40:00;Provinciale entro l'abitato;VIA PRENESTINA;all'intersezione con;VIA MONTEMARANO;VIA MONTEMARANO;;;Scontro frontale/laterale SX fra veicoli in marcia;Incrocio;Una carreggiata a doppio senso;Asciutto;Asfaltata;Verticale;Nuvoloso;Normale;Buona;Ore Diurne;3;0;0;2;12.6324;41.8926;0;1;Autovettura privata;In marcia / fermata / arresto;Passeggero;F;Illeso;0;;Non accertato;Inesploso
4093553;8;16/11/2018 08:40:00;Provinciale entro l'abitato;VIA PRENESTINA;all'intersezione con;VIA MONTEMARANO;VIA MONTEMARANO;;;Scontro frontale/laterale SX fra veicoli in marcia;Incrocio;Una carreggiata a doppio senso;Asciutto;Asfaltata;Verticale;Nuvoloso;Normale;Buona;Ore Diurne;3;0;0;2;12.6324;41.8926;0;1;Autovettura privata;In marcia / fermata / arresto;Passeggero;F;Rimandato;0;NON DECEDUTO;Non accertato;Esploso
4093553;8;16/11/2018 08:40:00;Provinciale entro l'abitato;VIA PRENESTINA;all'intersezione con;VIA MONTEMARANO;VIA MONTEMARANO;;;Scontro frontale/laterale SX fra veicoli in marcia;Incrocio;Una carreggiata a doppio senso;Asciutto;Asfaltata;Verticale;Nuvoloso;Normale;Buona;Ore Diurne;3;0;0;2;12.6324;41.8926;0;1;Autovettura privata;In marcia / fermata / arresto;Passeggero;F;Illeso;0;;Non accertato;Esploso
4093553;8;16/11/2018 08:40:00;Provinciale entro l'abitato;VIA PRENESTINA;all'intersezione con;VIA MONTEMARANO;VIA MONTEMARANO;;;Scontro frontale/laterale SX fra veicoli in marcia;Incrocio;Una carreggiata a doppio senso;Asciutto;Asfaltata;Verticale;Nuvoloso;Normale;Buona;Ore Diurne;3;0;0;2;12.6324;41.8926;0;2;Motociclo a solo;In marcia / fermata / arresto;Conducente;M;Rimandato;0;NON DECEDUTO;Non accertato;
4093555;20;16/11/2018 19:30:00;Regionale;VIA FLAMINIA;in corrispondenza;;della chilometrica;18.3;;Scontro frontale fra veicoli in marcia;Rettilineo;Una carreggiata a doppio senso;Asciutto;Asfaltata;Orizzontale;Sereno;Normale;Insufficiente;Inesistente;1;0;0;2;12.4718;41.9419;-1;1;Autovettura privata;In marcia / fermata / arresto;Conducente;F;Illeso;0;;Non accertato;Esploso
4093555;20;16/11/2018 19:30:00;Regionale;VIA FLAMINIA;in corrispondenza;;della chilometrica;18.3;;Scontro frontale fra veicoli in marcia;Rettilineo;Una carreggiata a doppio senso;Asciutto;Asfaltata;Orizzontale;Sereno;Normale;Insufficiente;Inesistente;1;0;0;2;12.4718;41.9419;-1;2;Autovettura privata;In marcia / fermata / arresto;Conducente;M;Rimandato;0;NON DECEDUTO;Non accertato;Esploso
4093555;20;16/11/2018 19:30:00;Regionale;VIA FLAMINIA;in corrispondenza;;della chilometrica;18.3;;Scontro frontale fra veicoli in marcia;Rettilineo;Una carreggiata a doppio senso;Asciutto;Asfaltata;Orizzontale;Sereno;Normale;Insufficiente;Inesistente;1;0;0;2;12.4718;41.9419;-1;2;Autovettura privata;In marcia / fermata / arresto;Passeggero;F;Illeso;0;;Non accertato;Esploso
4093558;8;16/11/2018 12:10:00;Strada Urbana;VIA PIETRO SANTO BARTOLI;all'intersezione con;VIA PIETRO PAOLO TROMPEO;VIA PIETRO PAOLO TROMPEO;;;Investimento di pedone;Incrocio;Una carreggiata a doppio senso;Asciutto;Asfaltata;Verticale;Sereno;Scarso;Sufficiente;Ore Diurne;1;0;0;1;12.6191;41.8685;-1;;;;Pedone;F;Rimandato;0;NON DECEDUTO;;
4093558;8;16/11/2018 12:10:00;Strada Urbana;VIA PIETRO SANTO BARTOLI;all'intersezione con;VIA PIETRO PAOLO TROMPEO;VIA PIETRO PAOLO TROMPEO;;;Investimento di pedone;Incrocio;Una carreggiata a doppio senso;Asciutto;Asfaltata;Verticale;Sereno;Scarso;Sufficiente;Ore Diurne;1;0;0;1;12.6191;41.8685;-1;1;Autovettura privata;In marcia / fermata / arresto;Conducente;M;Illeso;0;;;
4093563;8;16/11/2018 16:00:00;Provinciale entro l'abitato;VIA PRENESTINA;in prossimità;;del palo luce n.;690;;Scontro frontale/laterale SX fra veicoli in marcia;Rettilineo;Una carreggiata a doppio senso;Asciutto;Asfaltata;Verticale ed orizzontale;Sereno;Normale;Buona;Ore Diurne;1;0;0;1;12.6152;41.8933;-1;1;Autovettura privata;In marcia / fermata / arresto;Conducente;M;Illeso;0;;Non accertato;Inesploso
4093563;8;16/11/2018 16:00:00;Provinciale entro l'abitato;VIA PRENESTINA;in prossimità;;del palo luce n.;690;;Scontro frontale/laterale SX fra veicoli in marcia;Rettilineo;Una carreggiata a doppio senso;Asciutto;Asfaltata;Verticale ed orizzontale;Sereno;Normale;Buona;Ore Diurne;1;0;0;1;12.6152;41.8933;-1;2;Motociclo a solo;In marcia / fermata / arresto;Conducente;M;Rimandato;0;NON DECEDUTO;Non accertato;
4093567;8;16/11/2018 21:15:00;Strada Urbana;VIA DELL'ARCHEOLOGIA;all'intersezione con;VIA DEI COCHI;VIA DEI COCHI;;;Tamponamento Multiplo;Intersezione non regolata/non segnalata;Una carreggiata a doppio senso;Asciutto;Asfaltata;Verticale ed orizzontale;Sereno;Scarso;Sufficiente;Sufficiente;0;0;0;3;12.6297;41.8787;-1;1;Autovettura privata;In marcia / fermata / arresto;Conducente;M;Illeso;0;;Non accertato;Inesploso
4093567;8;16/11/2018 21:15:00;Strada Urbana;VIA DELL'ARCHEOLOGIA;all'intersezione con;VIA DEI COCHI;VIA DEI COCHI;;;Tamponamento Multiplo;Intersezione non regolata/non segnalata;Una carreggiata a doppio senso;Asciutto;Asfaltata;Verticale ed orizzontale;Sereno;Scarso;Sufficiente;Sufficiente;0;0;0;3;12.6297;41.8787;-1;2;Autovettura privata;In marcia / fermata / arresto;Conducente;M;Illeso;0;;Non accertato;Inesploso
4093567;8;16/11/2018 21:15:00;Strada Urbana;VIA DELL'ARCHEOLOGIA;all'intersezione con;VIA DEI COCHI;VIA DEI COCHI;;;Tamponamento Multiplo;Intersezione non regolata/non segnalata;Una carreggiata a doppio senso;Asciutto;Asfaltata;Verticale ed orizzontale;Sereno;Scarso;Sufficiente;Sufficiente;0;0;0;3;12.6297;41.8787;-1;3;Autovettura privata;In marcia / fermata / arresto;Conducente;M;Illeso;0;;Non accertato;Inesploso
4093570;8;17/11/2018 01:00:00;Strada Urbana;VIA DELL'ARCHEOLOGIA;in corrispondenza;;del civico n.;90;;Veicolo in marcia contro veicoli in sosta;Rettilineo;Una carreggiata a doppio senso;Asciutto;Asfaltata;Verticale ed orizzontale;Sereno;Scarso;Buona;Sufficiente;0;0;0;1;12.6302;41.878;0;2;Autovettura privata;Sosta;Conducente;M;Illeso;0;;Non accertato;Inesploso
4093572;8;16/11/2018 07:50:00;Statale;VIA CASILINA;da specificare;;;;50 mt dopo l'incrocio via 2 torri ;Scontro frontale fra veicoli in marcia;Rettilineo;Una carreggiata a doppio senso;Asciutto;Asfaltata;Verticale ed orizzontale;Nuvoloso;Intenso;Buona;Ore Diurne;0;0;0;2;12.6121;41.8618;-1;1;Autovettura privata;In marcia / fermata / arresto;Conducente;F;Illeso;0;;Non accertato;Inesploso
4093572;8;16/11/2018 07:50:00;Statale;VIA CASILINA;da specificare;;;;50 mt dopo l'incrocio via 2 torri ;Scontro frontale fra veicoli in marcia;Rettilineo;Una carreggiata a doppio senso;Asciutto;Asfaltata;Verticale ed orizzontale;Nuvoloso;Intenso;Buona;Ore Diurne;0;0;0;2;12.6121;41.8618;-1;2;Autocarro inferiore 35 q.;In marcia / fermata / arresto;Conducente;M;Illeso;0;;;
4093577;11;16/11/2018 17:30:00;Strada Urbana;VIA ADELAIDE BONO CAIROLI;da specificare;;;;ALT. CIV. 30;Tamponamento;Rettilineo;Una carreggiata a senso unico di marcia;Asciutto;Asfaltata;Orizzontale;Sereno;Scarso;Buona;Sufficiente;0;0;0;3;12.4886;41.8575;-1;1;Autovettura privata;In marcia / fermata / arresto;Conducente;M;Illeso;0;;;
4093577;11;16/11/2018 17:30:00;Strada Urbana;VIA ADELAIDE BONO CAIROLI;da specificare;;;;ALT. CIV. 30;Tamponamento;Rettilineo;Una carreggiata a senso unico di marcia;Asciutto;Asfaltata;Orizzontale;Sereno;Scarso;Buona;Sufficiente;0;0;0;3;12.4886;41.8575;-1;2;Motociclo a solo;In marcia / fermata / arresto;Conducente;M;Illeso;0;;;
4093577;11;16/11/2018 17:30:00;Strada Urbana;VIA ADELAIDE BONO CAIROLI;da specificare;;;;ALT. CIV. 30;Tamponamento;Rettilineo;Una carreggiata a senso unico di marcia;Asciutto;Asfaltata;Orizzontale;Sereno;Scarso;Buona;Sufficiente;0;0;0;3;12.4886;41.8575;-1;2;Motociclo a solo;In marcia / fermata / arresto;Passeggero;M;Illeso;0;;;
4093589;7;16/11/2018 18:35:00;Strada Urbana;VIA CASILINA;in corrispondenza;;del civico n.;1013;;Veicolo in marcia contro ostacolo accidentale;Rettilineo;Una carreggiata a doppio senso;Asciutto;Strada pavimentata dissestata;Assente;Sereno;Normale;Buona;Sufficiente;0;0;0;1;12.5855;41.87;-1;1;Autovettura privata;In marcia / fermata / arresto;Conducente;M;Illeso;0;;Non accertato;Inesploso
4093601;15;16/11/2018 15:35:00;Strada Urbana;VIA FRANCESCO GRIMALDI;in corrispondenza;;del civico n.;116;;Scontro frontale/laterale DX fra veicoli in marcia;Rettilineo;Due carreggiate;Asciutto;Asfaltata;Assente;Sereno;Intenso;Buona;Ore Diurne;1;0;0;1;12.4661;41.8654;-1;1;Autovettura privata;In marcia / fermata / arresto;Conducente;M;Illeso;0;;Non accertato;Inesploso
4093601;15;16/11/2018 15:35:00;Strada Urbana;VIA FRANCESCO GRIMALDI;in corrispondenza;;del civico n.;116;;Scontro frontale/laterale DX fra veicoli in marcia;Rettilineo;Due carreggiate;Asciutto;Asfaltata;Assente;Sereno;Intenso;Buona;Ore Diurne;1;0;0;1;12.4661;41.8654;-1;2;Motociclo a solo;In marcia / fermata / arresto;Conducente;M;Rimandato;0;NON DECEDUTO;Non accertato;
4093619;7;16/11/2018 19:55:00;Strada Urbana;VIALE PALMIRO TOGLIATTI;in corrispondenza;;del civico n.;760;;Investimento di pedone;Rettilineo;Due carreggiate;Asciutto;Asfaltata;Verticale ed orizzontale;Sereno;Normale;Sufficiente;Sufficiente;1;0;0;1;12.5736;41.8835;-1;;;;Pedone;M;Ricoverato;0;NON DECEDUTO;;
4093619;7;16/11/2018 19:55:00;Strada Urbana;VIALE PALMIRO TOGLIATTI;in corrispondenza;;del civico n.;760;;Investimento di pedone;Rettilineo;Due carreggiate;Asciutto;Asfaltata;Verticale ed orizzontale;Sereno;Normale;Sufficiente;Sufficiente;1;0;0;1;12.5736;41.8835;-1;1;Autovettura privata;In marcia / fermata / arresto;Conducente;M;Illeso;0;;Non accertato;Inesploso
4093629;20;16/11/2018 16:40:00;Strada Urbana;VIALE DI TOR DI QUINTO;da specificare;;;;prossimità Via Fornaci di Tor di Quinto dir. G.R.A;Investimento di pedone;Rettilineo;Una carreggiata a doppio senso;Asciutto;Asfaltata;Orizzontale;Sereno;Intenso;Buona;Ore Diurne;1;0;0;1;12.4786;41.9385;-1;;;;Pedone;M;Illeso;0;;;
4093629;20;16/11/2018 16:40:00;Strada Urbana;VIALE DI TOR DI QUINTO;da specificare;;;;prossimità Via Fornaci di Tor di Quinto dir. G.R.A;Investimento di pedone;Rettilineo;Una carreggiata a doppio senso;Asciutto;Asfaltata;Orizzontale;Sereno;Intenso;Buona;Ore Diurne;1;0;0;1;12.4786;41.9385;-1;1;Motociclo a solo;In marcia / fermata / arresto;Conducente;F;Rimandato;0;NON DECEDUTO;Non accertato;
4093635;1;16/11/2018 15:40:00;Strada Urbana;VIA MERULANA;in corrispondenza;;del civico n.;27;;Investimento di pedone;Rettilineo;Una carreggiata a doppio senso;Asciutto;Asfaltata;Verticale ed orizzontale;Nuvoloso;Normale;Buona;Ore Diurne;1;0;0;1;12.5;41.8957;-1;;;;Pedone;F;Ricoverato;0;NON DECEDUTO;;
4093635;1;16/11/2018 15:40:00;Strada Urbana;VIA MERULANA;in corrispondenza;;del civico n.;27;;Investimento di pedone;Rettilineo;Una carreggiata a doppio senso;Asciutto;Asfaltata;Verticale ed orizzontale;Nuvoloso;Normale;Buona;Ore Diurne;1;0;0;1;12.5;41.8957;-1;1;Motociclo a solo;In marcia / fermata / arresto;Conducente;M;Illeso;0;;Non accertato;
4093640;15;16/11/2018 19:00:00;Strada Urbana;VIALE GUGLIELMO MARCONI;in corrispondenza;;del civico n.;104;;Tamponamento;Rettilineo;Una carreggiata a doppio senso;Asciutto;Asfaltata;Assente;Sereno;Normale;Buona;Sufficiente;0;0;0;2;12.4681;41.8674;-1;1;Autovettura privata;In marcia / fermata / arresto;Conducente;M;Illeso;0;;Non accertato;Inesploso
4093640;15;16/11/2018 19:00:00;Strada Urbana;VIALE GUGLIELMO MARCONI;in corrispondenza;;del civico n.;104;;Tamponamento;Rettilineo;Una carreggiata a doppio senso;Asciutto;Asfaltata;Assente;Sereno;Normale;Buona;Sufficiente;0;0;0;2;12.4681;41.8674;-1;2;Autovettura privata;In marcia / fermata / arresto;Conducente;M;Illeso;0;;Non accertato;Inesploso
4093653;6;16/11/2018 20:40:00;Strada Urbana;VIALE DELLA VENEZIA GIULIA;in corrispondenza;;del civico n.;32;;Infortunio per sola frenata improvvisa;Rettilineo;Una carreggiata a doppio senso;Asciutto;Asfaltata;Verticale ed orizzontale;Sereno;Scarso;Buona;Sufficiente;1;0;0;1;12.5494;41.8958;-1;1;Motociclo a solo;In marcia / fermata / arresto;Conducente;M;Rimandato;0;NON DECEDUTO;;
4093653;6;16/11/2018 20:40:00;Strada Urbana;VIALE DELLA VENEZIA GIULIA;in corrispondenza;;del civico n.;32;;Infortunio per sola frenata improvvisa;Rettilineo;Una carreggiata a doppio senso;Asciutto;Asfaltata;Verticale ed orizzontale;Sereno;Scarso;Buona;Sufficiente;1;0;0;1;12.5494;41.8958;-1;2;Autovettura privata;In marcia / fermata / arresto;Conducente;M;Illeso;0;;;
4093654;15;16/11/2018 18:50:00;Strada Urbana;VIA DELLA CASETTA MATTEI;in corrispondenza;;del civico n.;90;;Scontro laterale fra veicoli in marcia;Rettilineo;Una carreggiata a doppio senso;Asciutto;Asfaltata;Orizzontale;Sereno;Normale;Buona;Sufficiente;0;0;0;4;12.4207;41.8538;-1;1;Autovettura privata;In marcia / fermata / arresto;Conducente;M;Illeso;0;;Utilizzato;
4093654;15;16/11/2018 18:50:00;Strada Urbana;VIA DELLA CASETTA MATTEI;in corrispondenza;;del civico n.;90;;Scontro laterale fra veicoli in marcia;Rettilineo;Una carreggiata a doppio senso;Asciutto;Asfaltata;Orizzontale;Sereno;Normale;Buona;Sufficiente;0;0;0;4;12.4207;41.8538;-1;1;Autovettura privata;In marcia / fermata / arresto;Passeggero;M;Illeso;0;;Utilizzato;
4093654;15;16/11/2018 18:50:00;Strada Urbana;VIA DELLA CASETTA MATTEI;in corrispondenza;;del civico n.;90;;Scontro laterale fra veicoli in marcia;Rettilineo;Una carreggiata a doppio senso;Asciutto;Asfaltata;Orizzontale;Sereno;Normale;Buona;Sufficiente;0;0;0;4;12.4207;41.8538;-1;2;Autovettura privata;In marcia / fermata / arresto;Conducente;M;Illeso;0;;Utilizzato;Inesploso
4093654;15;16/11/2018 18:50:00;Strada Urbana;VIA DELLA CASETTA MATTEI;in corrispondenza;;del civico n.;90;;Scontro laterale fra veicoli in marcia;Rettilineo;Una carreggiata a doppio senso;Asciutto;Asfaltata;Orizzontale;Sereno;Normale;Buona;Sufficiente;0;0;0;4;12.4207;41.8538;-1;2;Autovettura privata;In marcia / fermata / arresto;Passeggero;F;Illeso;0;;Utilizzato;
4093673;20;16/11/2018 17:30:00;Regionale entro l'abitato;VIA FLAMINIA NUOVA;in corrispondenza;;del civico n.;280;;Scontro frontale/laterale DX fra veicoli in marcia;Rettilineo;Una carreggiata a doppio senso;Asciutto;Asfaltata;Verticale ed orizzontale;Sereno;Intenso;Sufficiente;Sufficiente;0;0;0;3;12.4739;41.9527;-1;1;Autovettura privata;In marcia / fermata / arresto;Conducente;F;Illeso;0;;Non accertato;Inesploso
4093673;20;16/11/2018 17:30:00;Regionale entro l'abitato;VIA FLAMINIA NUOVA;in corrispondenza;;del civico n.;280;;Scontro frontale/laterale DX fra veicoli in marcia;Rettilineo;Una carreggiata a doppio senso;Asciutto;Asfaltata;Verticale ed orizzontale;Sereno;Intenso;Sufficiente;Sufficiente;0;0;0;3;12.4739;41.9527;-1;1;Autovettura privata;In marcia / fermata / arresto;Passeggero;M;Illeso;0;;Non accertato;Inesploso