Protocollo;Gruppo;DataOraIncidente;Localizzazione1;STRADA1;Localizzazione2;STRADA2;Strada02;Chilometrica;DaSpecificare;NaturaIncidente;particolaritastrade;TipoStrada;FondoStradale;Pavimentazione;Segnaletica;CondizioneAtmosferica;Traffico;Visibilita;Illuminazione;NUM_FERITI;NUM_RISERVATA;NUM_MORTI;NUM_ILLESI;Longitudine;Latitudine;Confermato;Progressivo;TipoVeicolo;StatoVeicolo;TipoPersona;Sesso;Tipolesione;Deceduto;DecedutoDopo;CinturaCascoUtilizzato;Airbag;
4096252;4;17/11/2018 10:45:00;Strada Urbana;VIA SEGGIANO;da specificare;;;;ALTEZZA via chiusi;Scontro frontale/laterale DX fra veicoli in marcia;Rettilineo;Una carreggiata a doppio senso;Asciutto;Asfaltata;Assente;Sereno;Normale;Buona;Ore Diurne;0;0;0;2;12.5148;41.9523;-1;2;Autovettura privata;In marcia / fermata / arresto;Conducente;M;Illeso;0;;Non accertato;
4096257;2;19/11/2018 02:30:00;Strada Urbana;PIAZZALE DELLE BELLE ARTI;all'intersezione semaforizzata con;LUNGOTEVERE DELLE NAVI;LUNGOTEVERE DELLE NAVI;;;Scontro frontale/laterale SX fra veicoli in marcia;Intersezione semaforizzata;Una carreggiata a doppio senso;Asciutto;Asfaltata;Verticale ed orizzontale;Sereno;Scarso;Buona;Sufficiente;2;0;0;0;12.4718;41.9188;-1;1;Autovettura privata;In marcia / fermata / arresto;Conducente;M;Rifiuta cure immediate;0;NON DECEDUTO;;
4096257;2;19/11/2018 02:30:00;Strada Urbana;PIAZZALE DELLE BELLE ARTI;all'intersezione semaforizzata con;LUNGOTEVERE DELLE NAVI;LUNGOTEVERE DELLE NAVI;;;Scontro frontale/laterale SX fra veicoli in marcia;Intersezione semaforizzata;Una carreggiata a doppio senso;Asciutto;Asfaltata;Verticale ed orizzontale;Sereno;Scarso;Buona;Sufficiente;2;0;0;0;12.4718;41.9188;-1;2;Autovettura privata;In marcia / fermata / arresto;Conducente;M;Rifiuta cure immediate;0;NON DECEDUTO;;
4096262;16;16/11/2018 22:15:00;;VIA PORTUENSE;in prossimità;;del civico n.;131;;Infortunio per sola frenata improvvisa;;;;;;;;;;1;0;0;1;12.4668;41.8739;0;1;Motociclo a solo;In marcia / fermata / arresto;Conducente;M;Rimandato;0;NON DECEDUTO;;
4096262;16;16/11/2018 22:15:00;;VIA PORTUENSE;in prossimità;;del civico n.;131;;Infortunio per sola frenata improvvisa;;;;;;;;;;1;0;0;1;12.4668;41.8739;0;2;Autovettura privata;In marcia / fermata / arresto;Conducente;M;Illeso;0;;;
4096265;18;17/11/2018 15:15:00;Strada Urbana;VIA DEL FORTE BOCCEA;in prossimità;;del civico n.;44;;Veicolo in marcia contro ostacolo accidentale;Rettilineo;Una carreggiata a senso unico di marcia;Asciutto;Asfaltata;Verticale;Sereno;Scarso;Buona;Ore Diurne;1;0;0;0;12.4209;41.9054;-1;1;Motociclo a solo;In marcia / fermata / arresto;Conducente;F;Rimandato;0;NON DECEDUTO;;
4096270;12;19/11/2018 07:15:00;Strada Urbana;VIA DELLE TRE FONTANE;all'intersezione semaforizzata con;VIALE DELL'INDUSTRIA;VIALE DELL'INDUSTRIA;;;Scontro laterale fra veicoli in marcia;Intersezione semaforizzata;Una carreggiata a doppio senso;Bagnato (umidità in atto);Asfaltata;Verticale ed orizzontale;Nuvoloso;Normale;Buona;Ore Diurne;0;0;0;4;12.4734;41.8394;-1;1;Autovettura privata;In marcia / fermata / arresto;Conducente;M;Illeso;0;;Non accertato;Inesploso
4096270;12;19/11/2018 07:15:00;Strada Urbana;VIA DELLE TRE FONTANE;all'intersezione semaforizzata con;VIALE DELL'INDUSTRIA;VIALE DELL'INDUSTRIA;;;Scontro laterale fra veicoli in marcia;Intersezione semaforizzata;Una carreggiata a doppio senso;Bagnato (umidità in atto);Asfaltata;Verticale ed orizzontale;Nuvoloso;Normale;Buona;Ore Diurne;0;0;0;4;12.4734;41.8394;-1;1;Autovettura privata;In marcia / fermata / arresto;Passeggero;M;Illeso;0;;Non accertato;Inesploso
4096270;12;19/11/2018 07:15:00;Strada Urbana;VIA DELLE TRE FONTANE;all'intersezione semaforizzata con;VIALE DELL'INDUSTRIA;VIALE DELL'INDUSTRIA;;;Scontro laterale fra veicoli in marcia;Intersezione semaforizzata;Una carreggiata a doppio senso;Bagnato (umidità in atto);Asfaltata;Verticale ed orizzontale;Nuvoloso;Normale;Buona;Ore Diurne;0;0;0;4;12.4734;41.8394;-1;2;Autocarro inferiore 35 q.;In marcia / fermata / arresto;Conducente;M;Illeso;0;;Non accertato;Inesploso
4096270;12;19/11/2018 07:15:00;Strada Urbana;VIA DELLE TRE FONTANE;all'intersezione semaforizzata con;VIALE DELL'INDUSTRIA;VIALE DELL'INDUSTRIA;;;Scontro laterale fra veicoli in marcia;Intersezione semaforizzata;Una carreggiata a doppio senso;Bagnato (umidità in atto);Asfaltata;Verticale ed orizzontale;Nuvoloso;Normale;Buona;Ore Diurne;0;0;0;4;12.4734;41.8394;-1;2;Autocarro inferiore 35 q.;In marcia / fermata / arresto;Passeggero;M;Illeso;0;;Non accertato;Inesploso
4096279;18;17/11/2018 15:57:00;Strada Urbana;VIA DI TORREVECCHIA;all'intersezione con;VIA FRANCESCO GIOVANNI COMMENDONE;VIA FRANCESCO GIOVANNI COMMENDONE;;;Scontro laterale fra veicoli in marcia;Intersezione semaforizzata;Due carreggiate;Asciutto;Asfaltata;Verticale ed orizzontale;Sereno;Intenso;Buona;Ore Diurne;0;0;0;3;12.4076;41.9156;-1;1;Autovettura privata;In marcia / fermata / arresto;Conducente;M;Illeso;0;;Non accertato;Inesploso
4096279;18;17/11/2018 15:57:00;Strada Urbana;VIA DI TORREVECCHIA;all'intersezione con;VIA FRANCESCO GIOVANNI COMMENDONE;VIA FRANCESCO GIOVANNI COMMENDONE;;;Scontro laterale fra veicoli in marcia;Intersezione semaforizzata;Due carreggiate;Asciutto;Asfaltata;Verticale ed orizzontale;Sereno;Intenso;Buona;Ore Diurne;0;0;0;3;12.4076;41.9156;-1;2;Autovettura privata;In marcia / fermata / arresto;Conducente;F;Illeso;0;;Non accertato;Inesploso
4096279;18;17/11/2018 15:57:00;Strada Urbana;VIA DI TORREVECCHIA;all'intersezione con;VIA FRANCESCO GIOVANNI COMMENDONE;VIA FRANCESCO GIOVANNI COMMENDONE;;;Scontro laterale fra veicoli in marcia;Intersezione semaforizzata;Due carreggiate;Asciutto;Asfaltata;Verticale ed orizzontale;Sereno;Intenso;Buona;Ore Diurne;0;0;0;3;12.4076;41.9156;-1;2;Autovettura privata;In marcia / fermata / arresto;Passeggero;F;Illeso;0;;Non accertato;Inesploso
4096280;16;17/11/2018 11:15:00;Strada Urbana;VIA CAMILLO SERAFINI;in prossimità;;del civico n.;47;;Tamponamento;Rettilineo;Una carreggiata a doppio senso;Asciutto;Asfaltata;Verticale ed orizzontale;Sereno;Normale;Buona;Ore Diurne;2;0;0;1;12.4283;41.8783;-1;1;Autovettura privata;In marcia / fermata / arresto;Conducente;M;Rifiuta cure immediate;0;NON DECEDUTO;Non accertato;Inesploso
4096280;16;17/11/2018 11:15:00;Strada Urbana;VIA CAMILLO SERAFINI;in prossimità;;del civico n.;47;;Tamponamento;Rettilineo;Una carreggiata a doppio senso;Asciutto;Asfaltata;Verticale ed orizzontale;Sereno;Normale;Buona;Ore Diurne;2;0;0;1;12.4283;41.8783;-1;1;Autovettura privata;In marcia / fermata / arresto;Passeggero;M;Rimandato;0;NON DECEDUTO;Non accertato;Inesploso
4096280;16;17/11/2018 11:15:00;Strada Urbana;VIA CAMILLO SERAFINI;in prossimità;;del civico n.;47;;Tamponamento;Rettilineo;Una carreggiata a doppio senso;Asciutto;Asfaltata;Verticale ed orizzontale;Sereno;Normale;Buona;Ore Diurne;2;0;0;1;12.4283;41.8783;-1;2;Autovettura privata;In marcia / fermata / arresto;Conducente;F;Illeso;0;;Non accertato;Inesploso
4096283;1;14/11/2018 13:00:00;Strada Urbana;VIA VENTI SETTEMBRE;in corrispondenza;;del civico n.;98 B;;Scontro laterale fra veicoli in marcia;Rettilineo;Una carreggiata a senso unico di marcia;Asciutto;Asfaltata;Verticale ed orizzontale;Sereno;Normale;Buona;Ore Diurne;0;0;0;2;12.4949;41.9048;-1;1;Autovettura privata;In marcia / fermata / arresto;Conducente;M;Illeso;0;;Non accertato;Inesploso
4096283;1;14/11/2018 13:00:00;Strada Urbana;VIA VENTI SETTEMBRE;in corrispondenza;;del civico n.;98 B;;Scontro laterale fra veicoli in marcia;Rettilineo;Una carreggiata a senso unico di marcia;Asciutto;Asfaltata;Verticale ed orizzontale;Sereno;Normale;Buona;Ore Diurne;0;0;0;2;12.4949;41.9048;-1;2;Autovettura pubblica;In marcia / fermata / arresto;Conducente;M;Illeso;0;;Non accertato;Inesploso
4096289;4;17/11/2018 16:30:00;Strada Urbana;VIA FILOTEO ALBERINI;in corrispondenza;;del civico n.;67;;Scontro laterale fra veicoli in marcia;Rettilineo;Una carreggiata a doppio senso;Asciutto;Asfaltata;Verticale;Sereno;Scarso;Buona;Ore Diurne;0;0;0;2;12.5401;41.9592;-1;1;Autovettura privata;In marcia / fermata / arresto;Conducente;F;Illeso;0;;;
4096289;4;17/11/2018 16:30:00;Strada Urbana;VIA FILOTEO ALBERINI;in corrispondenza;;del civico n.;67;;Scontro laterale fra veicoli in marcia;Rettilineo;Una carreggiata a doppio senso;Asciutto;Asfaltata;Verticale;Sereno;Scarso;Buona;Ore Diurne;0;0;0;2;12.5401;41.9592;-1;2;Autovettura privata;In marcia / fermata / arresto;Conducente;M;Illeso;0;;;
4096296;4;17/11/2018 10:40:00;Provinciale;VIA NOMENTANA;in corrispondenza;;del civico n.;1360;;Tamponamento Multiplo;Rettilineo;Una carreggiata a doppio senso;Asciutto;Asfaltata;Verticale ed orizzontale;Sereno;Normale;Buona;Ore Diurne;1;0;0;3;12.598;41.9656;-1;1;Autovettura privata;In marcia / fermata / arresto;Conducente;M;Illeso;0;;Non accertato;
4096296;4;17/11/2018 10:40:00;Provinciale;VIA NOMENTANA;in corrispondenza;;del civico n.;1360;;Tamponamento Multiplo;Rettilineo;Una carreggiata a doppio senso;Asciutto;Asfaltata;Verticale ed orizzontale;Sereno;Normale;Buona;Ore Diurne;1;0;0;3;12.598;41.9656;-1;2;Autovettura privata;In marcia / fermata / arresto;Conducente;M;Rimandato;0;NON DECEDUTO;Non accertato;
4096296;4;17/11/2018 10:40:00;Provinciale;VIA NOMENTANA;in corrispondenza;;del civico n.;1360;;Tamponamento Multiplo;Rettilineo;Una carreggiata a doppio senso;Asciutto;Asfaltata;Verticale ed orizzontale;Sereno;Normale;Buona;Ore Diurne;1;0;0;3;12.598;41.9656;-1;3;Trattore stradale;In marcia / fermata / arresto;Conducente;M;Illeso;0;;Non accertato;
4096296;4;17/11/2018 10:40:00;Provinciale;VIA NOMENTANA;in corrispondenza;;del civico n.;1360;;Tamponamento Multiplo;Rettilineo;Una carreggiata a doppio senso;Asciutto;Asfaltata;Verticale ed orizzontale;Sereno;Normale;Buona;Ore Diurne;1;0;0;3;12.598;41.9656;-1;4;Rimorchio;In marcia / fermata / arresto;Conducente;M;Illeso;0;;;
4096302;4;17/11/2018 20:15:00;Strada Urbana;VIA DEI PRATI FISCALI;all'intersezione con;VIA CAVRIGLIA;VIA CAVRIGLIA;;;Scontro frontale/laterale DX fra veicoli in marcia;Intersezione semaforizzata;Due carreggiate;Asciutto;Asfaltata;Verticale ed orizzontale;Sereno;Normale;Buona;Sufficiente;1;0;0;1;12.5169;41.9441;-1;1;Autovettura privata;In marcia / fermata / arresto;Conducente;M;Illeso;0;;;
4096302;4;17/11/2018 20:15:00;Strada Urbana;VIA DEI PRATI FISCALI;all'intersezione con;VIA CAVRIGLIA;VIA CAVRIGLIA;;;Scontro frontale/laterale DX fra veicoli in marcia;Intersezione semaforizzata;Due carreggiate;Asciutto;Asfaltata;Verticale ed orizzontale;Sereno;Normale;Buona;Sufficiente;1;0;0;1;12.5169;41.9441;-1;2;Ciclomotore;In marcia / fermata / arresto;Conducente;F;Rimandato;0;NON DECEDUTO;;
4096304;16;17/11/2018 14:30:00;Strada Urbana;VIA DEI BALDASSINI;in corrispondenza;;del civico n.;4;;Veicolo in marcia contro veicolo in sosta;Rettilineo;Una carreggiata a doppio senso;Asciutto;Asfaltata;Verticale;Sereno;Normale;Buona;Ore Diurne;0;0;0;1;12.4198;41.883;-1;1;Autovettura privata;In marcia / fermata / arresto;Conducente;M;Illeso;0;;Non accertato;
4096315;18;18/11/2018 18:05:00;Strada Urbana;VIA LA MONACHINA;all'intersezione con;RAMPA AURELIA;RAMPA AURELIA;;;Scontro frontale/laterale DX fra veicoli in marcia;Incrocio;Una carreggiata a senso unico di marcia;Asciutto;Asfaltata;Verticale ed orizzontale;Sereno;Scarso;Insufficiente;Inesistente;3;0;0;3;12.36;41.894;-1;1;Autovettura privata;In marcia / fermata / arresto;Conducente;M;Illeso;0;;;
4096315;18;18/11/2018 18:05:00;Strada Urbana;VIA LA MONACHINA;all'intersezione con;RAMPA AURELIA;RAMPA AURELIA;;;Scontro frontale/laterale DX fra veicoli in marcia;Incrocio;Una carreggiata a senso unico di marcia;Asciutto;Asfaltata;Verticale ed orizzontale;Sereno;Scarso;Insufficiente;Inesistente;3;0;0;3;12.36;41.894;-1;1;Autovettura privata;In marcia / fermata / arresto;Passeggero;F;Rimandato;0;NON DECEDUTO;;
4096315;18;18/11/2018 18:05:00;Strada Urbana;VIA LA MONACHINA;all'intersezione con;RAMPA AURELIA;RAMPA AURELIA;;;Scontro frontale/laterale DX fra veicoli in marcia;Incrocio;Una carreggiata a senso unico di marcia;Asciutto;Asfaltata;Verticale ed orizzontale;Sereno;Scarso;Insufficiente;Inesistente;3;0;0;3;12.36;41.894;-1;1;Autovettura privata;In marcia / fermata / arresto;Passeggero;M;Rimandato;0;NON DECEDUTO;;
4096315;18;18/11/2018 18:05:00;Strada Urbana;VIA LA MONACHINA;all'intersezione con;RAMPA AURELIA;RAMPA AURELIA;;;Scontro frontale/laterale DX fra veicoli in marcia;Incrocio;Una carreggiata a senso unico di marcia;Asciutto;Asfaltata;Verticale ed orizzontale;Sereno;Scarso;Insufficiente;Inesistente;3;0;0;3;12.36;41.894;-1;1;Autovettura privata;In marcia / fermata / arresto;Passeggero;M;Rimandato;0;NON DECEDUTO;;
4096315;18;18/11/2018 18:05:00;Strada Urbana;VIA LA MONACHINA;all'intersezione con;RAMPA AURELIA;RAMPA AURELIA;;;Scontro frontale/laterale DX fra veicoli in marcia;Incrocio;Una carreggiata a senso unico di marcia;Asciutto;Asfaltata;Verticale ed orizzontale;Sereno;Scarso;Insufficiente;Inesistente;3;0;0;3;12.36;41.894;-1;2;Autovettura privata;In marcia / fermata / arresto;Conducente;F;Illeso;0;;;
4096315;18;18/11/2018 18:05:00;Strada Urbana;VIA LA MONACHINA;all'intersezione con;RAMPA AURELIA;RAMPA AURELIA;;;Scontro frontale/laterale DX fra veicoli in marcia;Incrocio;Una carreggiata a senso unico di marcia;Asciutto;Asfaltata;Verticale ed orizzontale;Sereno;Scarso;Insufficiente;Inesistente;3;0;0;3;12.36;41.894;-1;2;Autovettura privata;In marcia / fermata / arresto;Passeggero;F;Illeso;0;;;
4096328;7;18/11/2018 19:50:00;Strada Urbana;VIA COLLATINA;in prossimità;;del civico n.;271;;Investimento di pedone;Rettilineo;Una carreggiata a senso unico alternato;Asciutto;Asfaltata;Verticale ed orizzontale;Sereno;Normale;Sufficiente;Sufficiente;1;0;0;2;12.5902;41.9043;-1;;;;Pedone;M;Rimandato;0;NON DECEDUTO;;
4096328;7;18/11/2018 19:50:00;Strada Urbana;VIA COLLATINA;in prossimità;;del civico n.;271;;Investimento di pedone;Rettilineo;Una carreggiata a senso unico alternato;Asciutto;Asfaltata;Verticale ed orizzontale;Sereno;Normale;Sufficiente;Sufficiente;1;0;0;2;12.5902;41.9043;-1;1;Autovettura privata;In marcia / fermata / arresto;Conducente;M;Illeso;0;;Non accertato;Inesploso
4096328;7;18/11/2018 19:50:00;Strada Urbana;VIA COLLATINA;in prossimità;;del civico n.;271;;Investimento di pedone;Rettilineo;Una carreggiata a senso unico alternato;Asciutto;Asfaltata;Verticale ed orizzontale;Sereno;Normale;Sufficiente;Sufficiente;1;0;0;2;12.5902;41.9043;-1;1;Autovettura privata;In marcia / fermata / arresto;Passeggero;F;Illeso;0;;Non accertato;Inesploso
4096334;1;14/11/2018 17:10:00;Strada Urbana;VIA PIETRO BARBIERI;da specificare;;;;AREA DI SOSTA PARCOMETRATA;Scontro laterale fra veicoli in marcia;Rettilineo;Una carreggiata a senso unico di marcia;Asciutto;Asfaltata;Verticale ed orizzontale;Sereno;Normale;Sufficiente;Sufficiente;0;0;0;2;;;0;1;Autovettura privata;In marcia / fermata / arresto;Conducente;F;Illeso;0;;Non accertato;
4096334;1;14/11/2018 17:10:00;Strada Urbana;VIA PIETRO BARBIERI;da specificare;;;;AREA DI SOSTA PARCOMETRATA;Scontro laterale fra veicoli in marcia;Rettilineo;Una carreggiata a senso unico di marcia;Asciutto;Asfaltata;Verticale ed orizzontale;Sereno;Normale;Sufficiente;Sufficiente;0;0;0;2;;;0;2;Autovettura privata;In marcia / fermata / arresto;Conducente;M;Illeso;0;;Non accertato;
4096342;16;18/11/2018 11:20:00;Strada Urbana;VIA DI BRAVETTA;in corrispondenza;;del civico n.;460;;Investimento di pedone;Rettilineo;Una carreggiata a doppio senso;Asciutto;Asfaltata;Verticale ed orizzontale;Sereno;Normale;Buona;Ore Diurne;1;0;0;2;12.4241;41.8751;-1;;;;Pedone;M;Rimandato;0;NON DECEDUTO;;
4096342;16;18/11/2018 11:20:00;Strada Urbana;VIA DI BRAVETTA;in corrispondenza;;del civico n.;460;;Investimento di pedone;Rettilineo;Una carreggiata a doppio senso;Asciutto;Asfaltata;Verticale ed orizzontale;Sereno;Normale;Buona;Ore Diurne;1;0;0;2;12.4241;41.8751;-1;1;Autovettura privata;In marcia / fermata / arresto;Conducente;M;Illeso;0;;Non accertato;
4096342;16;18/11/2018 11:20:00;Strada Urbana;VIA DI BRAVETTA;in corrispondenza;;del civico n.;460;;Investimento di pedone;Rettilineo;Una carreggiata a doppio senso;Asciutto;Asfaltata;Verticale ed orizzontale;Sereno;Normale;Buona;Ore Diurne;1;0;0;2;12.4241;41.8751;-1;1;Autovettura privata;In marcia / fermata / arresto;Passeggero;M;Illeso;0;;Non accertato;
4096416;16;18/11/2018 21:25:00;Strada Urbana;PIAZZA CARLO ALBERTO SCOTTI;all'intersezione con;VIA DI MONTE VERDE;VIA DI MONTE VERDE;;;Scontro laterale fra veicoli in marcia;Rotatoria;Una carreggiata a senso unico di marcia;Asciutto;Asfaltata;Verticale ed orizzontale;Sereno;Normale;Buona;Sufficiente;0;0;0;5;12.4459;41.8697;-1;1;Autovettura privata;In marcia / fermata / arresto;Conducente;M;Illeso;0;;Non accertato;Inesploso
4096416;16;18/11/2018 21:25:00;Strada Urbana;PIAZZA CARLO ALBERTO SCOTTI;all'intersezione con;VIA DI MONTE VERDE;VIA DI MONTE VERDE;;;Scontro laterale fra veicoli in marcia;Rotatoria;Una carreggiata a senso unico di marcia;Asciutto;Asfaltata;Verticale ed orizzontale;Sereno;Normale;Buona;Sufficiente;0;0;0;5;12.4459;41.8697;-1;1;Autovettura privata;In marcia / fermata / arresto;Passeggero;M;Illeso;0;;Non accertato;Inesploso
4096416;16;18/11/2018 21:25:00;Strada Urbana;PIAZZA CARLO ALBERTO SCOTTI;all'intersezione con;VIA DI MONTE VERDE;VIA DI MONTE VERDE;;;Scontro laterale fra veicoli in marcia;Rotatoria;Una carreggiata a senso unico di marcia;Asciutto;Asfaltata;Verticale ed orizzontale;Sereno;Normale;Buona;Sufficiente;0;0;0;5;12.4459;41.8697;-1;2;Autovettura privata;In marcia / fermata / arresto;Conducente;M;Illeso;0;;Non accertato;Inesploso
4096416;16;18/11/2018 21:25:00;Strada Urbana;PIAZZA CARLO ALBERTO SCOTTI;all'intersezione con;VIA DI MONTE VERDE;VIA DI MONTE VERDE;;;Scontro laterale fra veicoli in marcia;Rotatoria;Una carreggiata a senso unico di marcia;Asciutto;Asfaltata;Verticale ed orizzontale;Sereno;Normale;Buona;Sufficiente;0;0;0;5;12.4459;41.8697;-1;2;Autovettura privata;In marcia / fermata / arresto;Passeggero;F;Illeso;0;;Non accertato;Inesploso
4096416;16;18/11/2018 21:25:00;Strada Urbana;PIAZZA CARLO ALBERTO SCOTTI;all'intersezione con;VIA DI MONTE VERDE;VIA DI MONTE VERDE;;;Scontro laterale fra veicoli in marcia;Rotatoria;Una carreggiata a senso unico di marcia;Asciutto;Asfaltata;Verticale ed orizzontale;Sereno;Normale;Buona;Sufficiente;0;0;0;5;12.4459;41.8697;-1;2;Autovettura privata;In marcia / fermata / arresto;Passeggero;F;Illeso;0;;Non accertato;Inesploso
4096437;7;19/11/2018 11:20:00;Strada Urbana;VIA DELLE ROBINIE;in corrispondenza;;del civico n.;148;;Scontro laterale fra veicoli in marcia;Rettilineo;Una carreggiata a doppio senso;Asciutto;Asfaltata;Orizzontale;Sereno;Normale;Buona;Ore Diurne;0;0;0;3;12.5696;41.8825;0;1;Autovettura privata;In marcia / fermata / arresto;Conducente;M;Illeso;0;;;
4096437;7;19/11/2018 11:20:00;Strada Urbana;VIA DELLE ROBINIE;in corrispondenza;;del civico n.;148;;Scontro laterale fra veicoli in marcia;Rettilineo;Una carreggiata a doppio senso;Asciutto;Asfaltata;Orizzontale;Sereno;Normale;Buona;Ore Diurne;0;0;0;3;12.5696;41.8825;0;2;Autovettura privata;In marcia / fermata / arresto;Conducente;M;Illeso;0;;Non accertato;Inesploso
4096437;7;19/11/2018 11:20:00;Strada Urbana;VIA DELLE ROBINIE;in corrispondenza;;del civico n.;148;;Scontro laterale fra veicoli in marcia;Rettilineo;Una carreggiata a doppio senso;Asciutto;Asfaltata;Orizzontale;Sereno;Normale;Buona;Ore Diurne;0;0;0;3;12.5696;41.8825;0;2;Autovettura privata;In marcia / fermata / arresto;Passeggero;M;Illeso;0;;Non accertato;Inesploso
4096450;12;17/11/2018 03:30:00;Regionale;VIA PONTINA;da specificare;;;;altezza Km. 14.100;Veicolo in marcia contro ostacolo fisso;Rettilineo;Due carreggiate;Asciutto;Asfaltata;Verticale ed orizzontale;Sereno;Scarso;Insufficiente;Inesistente;2;0;0;0;12.7972;41.5094;-1;1;Autovettura privata;In marcia / fermata / arresto;Conducente;M;Rimandato;0;NON DECEDUTO;;
4096450;12;17/11/2018 03:30:00;Regionale;VIA PONTINA;da specificare;;;;altezza Km. 14.100;Veicolo in marcia contro ostacolo fisso;Rettilineo;Due carreggiate;Asciutto;Asfaltata;Verticale ed orizzontale;Sereno;Scarso;Insufficiente;Inesistente;2;0;0;0;12.7972;41.5094;-1;1;Autovettura privata;In marcia / fermata / arresto;Passeggero;M;Rimandato;0;NON DECEDUTO;;
4096487;19;19/11/2018 11:00:00;Strada Urbana;VIA DELLA PINETA SACCHETTI;da specificare;;;;prossimità Via Clemente XI;Tamponamento Multiplo;Rettilineo;Due carreggiate;Bagnato (pioggia);Asfaltata;Verticale ed orizzontale;Pioggia in atto;Normale;Buona;Ore Diurne;0;0;0;4;12.425;41.924;-1;1;Autovettura privata;In marcia / fermata / arresto;Conducente;M;Illeso;0;;;
4096487;19;19/11/2018 11:00:00;Strada Urbana;VIA DELLA PINETA SACCHETTI;da specificare;;;;prossimità Via Clemente XI;Tamponamento Multiplo;Rettilineo;Due carreggiate;Bagnato (pioggia);Asfaltata;Verticale ed orizzontale;Pioggia in atto;Normale;Buona;Ore Diurne;0;0;0;4;12.425;41.924;-1;2;Autovettura privata;In marcia / fermata / arresto;Conducente;M;Illeso;0;;;
4096487;19;19/11/2018 11:00:00;Strada Urbana;VIA DELLA PINETA SACCHETTI;da specificare;;;;prossimità Via Clemente XI;Tamponamento Multiplo;Rettilineo;Due carreggiate;Bagnato (pioggia);Asfaltata;Verticale ed orizzontale;Pioggia in atto;Normale;Buona;Ore Diurne;0;0;0;4;12.425;41.924;-1;2;Autovettura privata;In marcia / fermata / arresto;Passeggero;M;Illeso;0;;;
4096487;19;19/11/2018 11:00:00;Strada Urbana;VIA DELLA PINETA SACCHETTI;da specificare;;;;prossimità Via Clemente XI;Tamponamento Multiplo;Rettilineo;Due carreggiate;Bagnato (pioggia);Asfaltata;Verticale ed orizzontale;Pioggia in atto;Normale;Buona;Ore Diurne;0;0;0;4;12.425;41.924;-1;3;Autocarro inferiore 35 q.;In marcia / fermata / arresto;Conducente;M;Illeso;0;;;
4096490;1;16/11/2018 07:45:00;Strada Urbana;VIA DI S. STEFANO ROTONDO;in corrispondenza;;del civico n.;5;;Tamponamento;Rettilineo;Una carreggiata a senso unico di marcia;Asciutto;In cubetti di porfido;Verticale ed orizzontale;Sereno;Intenso;Buona;Ore Diurne;0;0;0;2;;;0;1;Autovettura privata;In marcia / fermata / arresto;Conducente;M;Illeso;0;;Non accertato;
4096490;1;16/11/2018 07:45:00;Strada Urbana;VIA DI S. STEFANO ROTONDO;in corrispondenza;;del civico n.;5;;Tamponamento;Rettilineo;Una carreggiata a senso unico di marcia;Asciutto;In cubetti di porfido;Verticale ed orizzontale;Sereno;Intenso;Buona;Ore Diurne;0;0;0;2;;;0;2;Autovettura privata;In marcia / fermata / arresto;Conducente;M;Illeso;0;;Non accertato;
4096511;3;18/11/2018 03:15:00;Strada Urbana;VIA DEI LATINI;da specificare;;;;fr civ 10;Veicolo in marcia contro veicoli in sosta;Rettilineo;Una carreggiata a senso unico di marcia;Asciutto;Asfaltata;Verticale ed orizzontale;Sereno;Scarso;Buona;Sufficiente;0;0;0;2;12.5131;41.8974;0;1;Autovettura privata;In marcia / fermata / arresto;Passeggero;M;Illeso;0;;;
4096511;3;18/11/2018 03:15:00;Strada Urbana;VIA DEI LATINI;da specificare;;;;fr civ 10;Veicolo in marcia contro veicoli in sosta;Rettilineo;Una carreggiata a senso unico di marcia;Asciutto;Asfaltata;Verticale ed orizzontale;Sereno;Scarso;Buona;Sufficiente;0;0;0;2;12.5131;41.8974;0;1;Autovettura privata;In marcia / fermata / arresto;Conducente;F;Illeso;0;;;
4096520;1;16/11/2018 13:15:00;Strada Urbana;VIALE CASTRO PRETORIO;in corrispondenza;;del civico n.;FR. CIV. 64;;Tamponamento Multiplo;Rettilineo;Due carreggiate;Asciutto;Asfaltata;Verticale ed orizzontale;Sereno;Normale;Buona;Ore Diurne;0;0;0;4;12.506;41.9052;-1;1;Autovettura privata;In marcia / fermata / arresto;Conducente;F;Illeso;0;;Non accertato;
4096520;1;16/11/2018 13:15:00;Strada Urbana;VIALE CASTRO PRETORIO;in corrispondenza;;del civico n.;FR. CIV. 64;;Tamponamento Multiplo;Rettilineo;Due carreggiate;Asciutto;Asfaltata;Verticale ed orizzontale;Sereno;Normale;Buona;Ore Diurne;0;0;0;4;12.506;41.9052;-1;1;Autovettura privata;In marcia / fermata / arresto;Passeggero;M;Illeso;0;;Non accertato;
4096520;1;16/11/2018 13:15:00;Strada Urbana;VIALE CASTRO PRETORIO;in corrispondenza;;del civico n.;FR. CIV. 64;;Tamponamento Multiplo;Rettilineo;Due carreggiate;Asciutto;Asfaltata;Verticale ed orizzontale;Sereno;Normale;Buona;Ore Diurne;0;0;0;4;12.506;41.9052;-1;2;Autovettura privata;In marcia / fermata / arresto;Conducente;F;Illeso;0;;Non accertato;Inesploso