Protocollo;Gruppo;DataOraIncidente;Localizzazione1;STRADA1;Localizzazione2;STRADA2;Strada02;Chilometrica;DaSpecificare;NaturaIncidente;particolaritastrade;TipoStrada;FondoStradale;Pavimentazione;Segnaletica;CondizioneAtmosferica;Traffico;Visibilita;Illuminazione;NUM_FERITI;NUM_RISERVATA;NUM_MORTI;NUM_ILLESI;Longitudine;Latitudine;Confermato;Progressivo;TipoVeicolo;StatoVeicolo;TipoPersona;Sesso;Tipolesione;Deceduto;DecedutoDopo;CinturaCascoUtilizzato;Airbag;
4096520;1;16/11/2018 13:15:00;Strada Urbana;VIALE CASTRO PRETORIO;in corrispondenza;;del civico n.;FR. CIV. 64;;Tamponamento Multiplo;Rettilineo;Due carreggiate;Asciutto;Asfaltata;Verticale ed orizzontale;Sereno;Normale;Buona;Ore Diurne;0;0;0;4;12.506;41.9052;-1;3;Autovettura privata;In marcia / fermata / arresto;Conducente;M;Illeso;0;;Non accertato;
4096535;3;16/11/2018 20:45:00;Strada Urbana;VIA GIUSEPPE LUIGI LAGRANGE;da specificare;;;;3;Veicolo in marcia contro veicolo in sosta;Curva a visuale libera;Una carreggiata a senso unico di marcia;Asciutto;Asfaltata;Verticale ed orizzontale;Sereno;Scarso;Sufficiente;Sufficiente;0;0;0;1;12.4865;41.9254;-1;2;Autovettura privata;In marcia / fermata / arresto;Conducente;M;Illeso;0;;Non accertato;Inesploso
4096547;18;19/11/2018 07:30:00;Strada Urbana;VIA DI PORTA FABBRICA;da specificare;;;;f.c. 65;Veicolo in marcia contro veicolo in sosta;Rettilineo;Una carreggiata a doppio senso;Asciutto;Asfaltata;Verticale ed orizzontale;Nuvoloso;Scarso;Buona;Ore Diurne;0;0;0;1;12.453;41.8991;-1;1;Autovettura privata;In marcia / fermata / arresto;Conducente;M;Illeso;0;;Non accertato;Inesploso
4096552;10;17/11/2018 14:00:00;Strada Urbana;VIA RAIMONDO SCINTU;in prossimità;;del civico n.;58;;Investimento di pedone;Rettilineo;Due carreggiate;Asciutto;Asfaltata;Verticale ed orizzontale;Sereno;Normale;Buona;Ore Diurne;1;0;0;3;12.581;41.8536;-1;;;;Pedone;F;Rimandato;0;NON DECEDUTO;;
4096552;10;17/11/2018 14:00:00;Strada Urbana;VIA RAIMONDO SCINTU;in prossimità;;del civico n.;58;;Investimento di pedone;Rettilineo;Due carreggiate;Asciutto;Asfaltata;Verticale ed orizzontale;Sereno;Normale;Buona;Ore Diurne;1;0;0;3;12.581;41.8536;-1;1;Autovettura privata;Allontanatosi;Conducente;F;Illeso;0;;Non accertato;Esploso
4096552;10;17/11/2018 14:00:00;Strada Urbana;VIA RAIMONDO SCINTU;in prossimità;;del civico n.;58;;Investimento di pedone;Rettilineo;Due carreggiate;Asciutto;Asfaltata;Verticale ed orizzontale;Sereno;Normale;Buona;Ore Diurne;1;0;0;3;12.581;41.8536;-1;1;Autovettura privata;Allontanatosi;Passeggero;F;Illeso;0;;Non accertato;Inesploso
4096552;10;17/11/2018 14:00:00;Strada Urbana;VIA RAIMONDO SCINTU;in prossimità;;del civico n.;58;;Investimento di pedone;Rettilineo;Due carreggiate;Asciutto;Asfaltata;Verticale ed orizzontale;Sereno;Normale;Buona;Ore Diurne;1;0;0;3;12.581;41.8536;-1;1;Autovettura privata;Allontanatosi;Passeggero;F;Illeso;0;;Non accertato;Inesploso
4096561;12;19/11/2018 10:30:00;Strada Urbana;VIA MARCELLO GAROSI;all'intersezione con;VIA MARIO MENCATELLI;VIA MARIO MENCATELLI;;;Scontro frontale/laterale DX fra veicoli in marcia;Incrocio;Due carreggiate;Bagnato (pioggia);Asfaltata;Verticale;Pioggia in atto;Normale;Buona;Ore Diurne;0;0;0;2;12.4499;41.7981;-1;1;Autovettura privata;In marcia / fermata / arresto;Conducente;M;Illeso;0;;;
4096561;12;19/11/2018 10:30:00;Strada Urbana;VIA MARCELLO GAROSI;all'intersezione con;VIA MARIO MENCATELLI;VIA MARIO MENCATELLI;;;Scontro frontale/laterale DX fra veicoli in marcia;Incrocio;Due carreggiate;Bagnato (pioggia);Asfaltata;Verticale;Pioggia in atto;Normale;Buona;Ore Diurne;0;0;0;2;12.4499;41.7981;-1;2;Autovettura privata;In marcia / fermata / arresto;Conducente;F;Illeso;0;;Non accertato;Inesploso
4096595;1;17/11/2018 08:40:00;Strada Urbana;VIA VITTORIO VENETO;all'intersezione con;VIA LIGURIA;VIA LIGURIA;;;Scontro laterale fra veicoli in marcia;Incrocio;Una carreggiata a doppio senso;Asciutto;Asfaltata;Verticale ed orizzontale;Sereno;Scarso;Buona;Ore Diurne;0;0;0;2;12.4901;41.907;-1;1;Autovettura privata;In marcia / fermata / arresto;Conducente;M;Illeso;0;;Non accertato;
4096595;1;17/11/2018 08:40:00;Strada Urbana;VIA VITTORIO VENETO;all'intersezione con;VIA LIGURIA;VIA LIGURIA;;;Scontro laterale fra veicoli in marcia;Incrocio;Una carreggiata a doppio senso;Asciutto;Asfaltata;Verticale ed orizzontale;Sereno;Scarso;Buona;Ore Diurne;0;0;0;2;12.4901;41.907;-1;2;Autovettura privata;In marcia / fermata / arresto;Conducente;F;Illeso;0;;Non accertato;
4096596;18;19/11/2018 08:30:00;Statale entro l'abitato;VIA AURELIA;da specificare;;;;all'altezza di Via Villa Troili;Scontro laterale fra veicoli in marcia;Rettilineo;Due carreggiate;Bagnato (pioggia);Asfaltata;Verticale ed orizzontale;Pioggia in atto;Normale;Buona;Ore Diurne;0;0;0;2;12.4082;41.889;-1;1;Autovettura privata;In marcia / fermata / arresto;Conducente;M;Illeso;0;;Non accertato;Inesploso
4096596;18;19/11/2018 08:30:00;Statale entro l'abitato;VIA AURELIA;da specificare;;;;all'altezza di Via Villa Troili;Scontro laterale fra veicoli in marcia;Rettilineo;Due carreggiate;Bagnato (pioggia);Asfaltata;Verticale ed orizzontale;Pioggia in atto;Normale;Buona;Ore Diurne;0;0;0;2;12.4082;41.889;-1;2;Autocarro inferiore 35 q.;In marcia / fermata / arresto;Conducente;M;Illeso;0;;Non accertato;Inesploso
4096655;3;18/11/2018 14:50:00;Strada Urbana;PIAZZALE DELLE PROVINCIE;all'intersezione con;VIALE DELLE PROVINCIE;VIALE DELLE PROVINCIE;;;Infortunio per caduta del veicolo;Intersezione stradale segnalata;Due carreggiate;Asciutto;Asfaltata;Verticale ed orizzontale;Sereno;Normale;Buona;Ore Diurne;1;0;0;1;12.5211;41.9096;-1;1;Motociclo a solo;In marcia / fermata / arresto;Conducente;M;Rimandato;0;NON DECEDUTO;Non accertato;
4096655;3;18/11/2018 14:50:00;Strada Urbana;PIAZZALE DELLE PROVINCIE;all'intersezione con;VIALE DELLE PROVINCIE;VIALE DELLE PROVINCIE;;;Infortunio per caduta del veicolo;Intersezione stradale segnalata;Due carreggiate;Asciutto;Asfaltata;Verticale ed orizzontale;Sereno;Normale;Buona;Ore Diurne;1;0;0;1;12.5211;41.9096;-1;1;Motociclo a solo;In marcia / fermata / arresto;Passeggero;M;Illeso;0;;Non accertato;
4096656;11;19/11/2018 13:10:00;Strada Urbana;VIA ATTILIO AMBROSINI;all'intersezione semaforizzata con;VIA ARISTIDE LEONORI;VIA ARISTIDE LEONORI;;;Scontro frontale/laterale SX fra veicoli in marcia;Intersezione semaforizzata;Due carreggiate;Bagnato (pioggia);Asfaltata;Verticale ed orizzontale;Pioggia in atto;Normale;Buona;Ore Diurne;0;0;0;2;12.4891;41.8485;-1;1;Motociclo a solo;In marcia / fermata / arresto;Conducente;M;Illeso;0;;Non accertato;
4096656;11;19/11/2018 13:10:00;Strada Urbana;VIA ATTILIO AMBROSINI;all'intersezione semaforizzata con;VIA ARISTIDE LEONORI;VIA ARISTIDE LEONORI;;;Scontro frontale/laterale SX fra veicoli in marcia;Intersezione semaforizzata;Due carreggiate;Bagnato (pioggia);Asfaltata;Verticale ed orizzontale;Pioggia in atto;Normale;Buona;Ore Diurne;0;0;0;2;12.4891;41.8485;-1;2;Autovettura privata;In marcia / fermata / arresto;Conducente;M;Illeso;0;;Non accertato;Inesploso
4096658;18;19/11/2018 08:00:00;Strada Urbana;CIRCONVALLAZIONE AURELIA;da specificare;;;;prossimità PIAZZA DI VILLA CARPEGNA;Scontro laterale fra veicoli in marcia;Rettilineo;Due carreggiate;Asciutto;Asfaltata;Verticale ed orizzontale;Nuvoloso;Normale;Buona;Ore Diurne;0;0;0;2;12.4289;41.8958;-1;1;Autovettura privata;In marcia / fermata / arresto;Conducente;M;Illeso;0;;Non accertato;Inesploso
4096658;18;19/11/2018 08:00:00;Strada Urbana;CIRCONVALLAZIONE AURELIA;da specificare;;;;prossimità PIAZZA DI VILLA CARPEGNA;Scontro laterale fra veicoli in marcia;Rettilineo;Due carreggiate;Asciutto;Asfaltata;Verticale ed orizzontale;Nuvoloso;Normale;Buona;Ore Diurne;0;0;0;2;12.4289;41.8958;-1;2;Autovettura privata;In marcia / fermata / arresto;Conducente;F;Illeso;0;;Non accertato;Inesploso
4096693;3;18/11/2018 01:20:00;Strada Urbana;VIA NOMENTANA;all'intersezione con;VIALE VENTUNO APRILE;VIALE VENTUNO APRILE;;;Scontro laterale fra veicoli in marcia;Incrocio;Più di due carreggiate;Asciutto;Asfaltata;Orizzontale;Sereno;Scarso;Buona;Sufficiente;1;0;0;3;12.5178;41.9211;0;1;Autovettura privata;In marcia / fermata / arresto;Conducente;M;Illeso;0;;;
4096693;3;18/11/2018 01:20:00;Strada Urbana;VIA NOMENTANA;all'intersezione con;VIALE VENTUNO APRILE;VIALE VENTUNO APRILE;;;Scontro laterale fra veicoli in marcia;Incrocio;Più di due carreggiate;Asciutto;Asfaltata;Orizzontale;Sereno;Scarso;Buona;Sufficiente;1;0;0;3;12.5178;41.9211;0;1;Autovettura privata;In marcia / fermata / arresto;Passeggero;M;Illeso;0;;;
4096693;3;18/11/2018 01:20:00;Strada Urbana;VIA NOMENTANA;all'intersezione con;VIALE VENTUNO APRILE;VIALE VENTUNO APRILE;;;Scontro laterale fra veicoli in marcia;Incrocio;Più di due carreggiate;Asciutto;Asfaltata;Orizzontale;Sereno;Scarso;Buona;Sufficiente;1;0;0;3;12.5178;41.9211;0;1;Autovettura privata;In marcia / fermata / arresto;Passeggero;M;Illeso;0;;;
4096693;3;18/11/2018 01:20:00;Strada Urbana;VIA NOMENTANA;all'intersezione con;VIALE VENTUNO APRILE;VIALE VENTUNO APRILE;;;Scontro laterale fra veicoli in marcia;Incrocio;Più di due carreggiate;Asciutto;Asfaltata;Orizzontale;Sereno;Scarso;Buona;Sufficiente;1;0;0;3;12.5178;41.9211;0;2;Autovettura privata;In marcia / fermata / arresto;Conducente;M;Rimandato;0;NON DECEDUTO;;
4096707;9;19/11/2018 07:45:00;Strada Urbana;VIA TUSCOLANA;in prossimità;;del civico n.;368;;Scontro laterale fra veicoli in marcia;Rettilineo;Una carreggiata a doppio senso;Asciutto;Asfaltata;Verticale ed orizzontale;Nuvoloso;Normale;Buona;Ore Diurne;1;0;0;1;12.5285;41.8747;-1;1;Autocarro superiore 35 q.;In marcia / fermata / arresto;Conducente;M;Illeso;0;;Non accertato;Inesploso
4096707;9;19/11/2018 07:45:00;Strada Urbana;VIA TUSCOLANA;in prossimità;;del civico n.;368;;Scontro laterale fra veicoli in marcia;Rettilineo;Una carreggiata a doppio senso;Asciutto;Asfaltata;Verticale ed orizzontale;Nuvoloso;Normale;Buona;Ore Diurne;1;0;0;1;12.5285;41.8747;-1;2;Motociclo a solo;In marcia / fermata / arresto;Conducente;M;Rimandato;0;NON DECEDUTO;Non accertato;
4096747;18;19/11/2018 09:15:00;Strada Urbana;VIA DI BOCCEA;all'intersezione con;VIA DEL QUARTACCIO;VIA DEL QUARTACCIO;;;Scontro laterale fra veicoli in marcia;Incrocio;Una carreggiata a senso unico di marcia;Bagnato (pioggia);Asfaltata;Verticale ed orizzontale;Nuvoloso;Intenso;Buona;Ore Diurne;1;0;0;3;12.3869;41.9143;-1;1;Motociclo a solo;In marcia / fermata / arresto;Conducente;M;Rifiuta cure immediate;0;NON DECEDUTO;Non accertato;
4096747;18;19/11/2018 09:15:00;Strada Urbana;VIA DI BOCCEA;all'intersezione con;VIA DEL QUARTACCIO;VIA DEL QUARTACCIO;;;Scontro laterale fra veicoli in marcia;Incrocio;Una carreggiata a senso unico di marcia;Bagnato (pioggia);Asfaltata;Verticale ed orizzontale;Nuvoloso;Intenso;Buona;Ore Diurne;1;0;0;3;12.3869;41.9143;-1;2;Autovettura privata;In marcia / fermata / arresto;Conducente;F;Illeso;0;;Non accertato;Inesploso
4096747;18;19/11/2018 09:15:00;Strada Urbana;VIA DI BOCCEA;all'intersezione con;VIA DEL QUARTACCIO;VIA DEL QUARTACCIO;;;Scontro laterale fra veicoli in marcia;Incrocio;Una carreggiata a senso unico di marcia;Bagnato (pioggia);Asfaltata;Verticale ed orizzontale;Nuvoloso;Intenso;Buona;Ore Diurne;1;0;0;3;12.3869;41.9143;-1;2;Autovettura privata;In marcia / fermata / arresto;Passeggero;F;Illeso;0;;Non accertato;Inesploso
4096747;18;19/11/2018 09:15:00;Strada Urbana;VIA DI BOCCEA;all'intersezione con;VIA DEL QUARTACCIO;VIA DEL QUARTACCIO;;;Scontro laterale fra veicoli in marcia;Incrocio;Una carreggiata a senso unico di marcia;Bagnato (pioggia);Asfaltata;Verticale ed orizzontale;Nuvoloso;Intenso;Buona;Ore Diurne;1;0;0;3;12.3869;41.9143;-1;3;Autovettura privata;In marcia / fermata / arresto;Conducente;M;Illeso;0;;Non accertato;Inesploso
4096750;12;17/11/2018 10:10:00;Provinciale;VIA ARDEATINA;all'intersezione semaforizzata con;VIA DI SPREGAMORE;VIA DI SPREGAMORE;;;Scontro frontale/laterale DX fra veicoli in marcia;Intersezione semaforizzata;Una carreggiata a doppio senso;Asciutto;Asfaltata;Verticale ed orizzontale;Sereno;Normale;Buona;Ore Diurne;0;0;0;6;12.5627;41.7357;-1;1;Autovettura privata;In marcia / fermata / arresto;Conducente;F;Illeso;0;;Non accertato;Inesploso
4096750;12;17/11/2018 10:10:00;Provinciale;VIA ARDEATINA;all'intersezione semaforizzata con;VIA DI SPREGAMORE;VIA DI SPREGAMORE;;;Scontro frontale/laterale DX fra veicoli in marcia;Intersezione semaforizzata;Una carreggiata a doppio senso;Asciutto;Asfaltata;Verticale ed orizzontale;Sereno;Normale;Buona;Ore Diurne;0;0;0;6;12.5627;41.7357;-1;1;Autovettura privata;In marcia / fermata / arresto;Passeggero;M;Illeso;0;;;
4096750;12;17/11/2018 10:10:00;Provinciale;VIA ARDEATINA;all'intersezione semaforizzata con;VIA DI SPREGAMORE;VIA DI SPREGAMORE;;;Scontro frontale/laterale DX fra veicoli in marcia;Intersezione semaforizzata;Una carreggiata a doppio senso;Asciutto;Asfaltata;Verticale ed orizzontale;Sereno;Normale;Buona;Ore Diurne;0;0;0;6;12.5627;41.7357;-1;1;Autovettura privata;In marcia / fermata / arresto;Passeggero;M;Illeso;0;;;
4096750;12;17/11/2018 10:10:00;Provinciale;VIA ARDEATINA;all'intersezione semaforizzata con;VIA DI SPREGAMORE;VIA DI SPREGAMORE;;;Scontro frontale/laterale DX fra veicoli in marcia;Intersezione semaforizzata;Una carreggiata a doppio senso;Asciutto;Asfaltata;Verticale ed orizzontale;Sereno;Normale;Buona;Ore Diurne;0;0;0;6;12.5627;41.7357;-1;2;Autovettura privata;In marcia / fermata / arresto;Conducente;M;Illeso;0;;Non accertato;Inesploso
4096750;12;17/11/2018 10:10:00;Provinciale;VIA ARDEATINA;all'intersezione semaforizzata con;VIA DI SPREGAMORE;VIA DI SPREGAMORE;;;Scontro frontale/laterale DX fra veicoli in marcia;Intersezione semaforizzata;Una carreggiata a doppio senso;Asciutto;Asfaltata;Verticale ed orizzontale;Sereno;Normale;Buona;Ore Diurne;0;0;0;6;12.5627;41.7357;-1;2;Autovettura privata;In marcia / fermata / arresto;Passeggero;F;Illeso;0;;;
4096750;12;17/11/2018 10:10:00;Provinciale;VIA ARDEATINA;all'intersezione semaforizzata con;VIA DI SPREGAMORE;VIA DI SPREGAMORE;;;Scontro frontale/laterale DX fra veicoli in marcia;Intersezione semaforizzata;Una carreggiata a doppio senso;Asciutto;Asfaltata;Verticale ed orizzontale;Sereno;Normale;Buona;Ore Diurne;0;0;0;6;12.5627;41.7357;-1;2;Autovettura privata;In marcia / fermata / arresto;Passeggero;F;Illeso;0;;;
4096788;3;17/11/2018 12:15:00;Altra strada;PIAZZALE DEL VERANO;da specificare;;;;interno cimitero Verano riquadro 8 e riquadro 7;Scontro frontale/laterale DX fra veicoli in marcia;Rettilineo;Una carreggiata a doppio senso;Asciutto;Asfaltata;Assente;Sereno;Scarso;Buona;Ore Diurne;0;0;0;4;12.5188;41.9012;-1;1;Autovettura privata;In marcia / fermata / arresto;Passeggero;M;Illeso;0;;Non accertato;Inesploso
4096788;3;17/11/2018 12:15:00;Altra strada;PIAZZALE DEL VERANO;da specificare;;;;interno cimitero Verano riquadro 8 e riquadro 7;Scontro frontale/laterale DX fra veicoli in marcia;Rettilineo;Una carreggiata a doppio senso;Asciutto;Asfaltata;Assente;Sereno;Scarso;Buona;Ore Diurne;0;0;0;4;12.5188;41.9012;-1;1;Autovettura privata;In marcia / fermata / arresto;Conducente;F;Illeso;0;;Non accertato;Inesploso
4096788;3;17/11/2018 12:15:00;Altra strada;PIAZZALE DEL VERANO;da specificare;;;;interno cimitero Verano riquadro 8 e riquadro 7;Scontro frontale/laterale DX fra veicoli in marcia;Rettilineo;Una carreggiata a doppio senso;Asciutto;Asfaltata;Assente;Sereno;Scarso;Buona;Ore Diurne;0;0;0;4;12.5188;41.9012;-1;2;Autovettura privata;In marcia / fermata / arresto;Conducente;F;Illeso;0;;Non accertato;Inesploso
4096788;3;17/11/2018 12:15:00;Altra strada;PIAZZALE DEL VERANO;da specificare;;;;interno cimitero Verano riquadro 8 e riquadro 7;Scontro frontale/laterale DX fra veicoli in marcia;Rettilineo;Una carreggiata a doppio senso;Asciutto;Asfaltata;Assente;Sereno;Scarso;Buona;Ore Diurne;0;0;0;4;12.5188;41.9012;-1;2;Autovettura privata;In marcia / fermata / arresto;Passeggero;F;Illeso;0;;Non accertato;Inesploso
4096804;2;19/11/2018 13:05:00;Strada Urbana;VIA MOGADISCIO;da specificare;;;;fronte civico 11;Scontro frontale/laterale DX fra veicoli in marcia;Rettilineo;Una carreggiata a senso unico di marcia;Asciutto;Asfaltata;Orizzontale;Nuvoloso;Normale;Buona;Ore Diurne;0;0;0;2;12.5185;41.928;-1;1;Autovettura privata;In marcia / fermata / arresto;Conducente;M;Illeso;0;;Non accertato;Inesploso
4096804;2;19/11/2018 13:05:00;Strada Urbana;VIA MOGADISCIO;da specificare;;;;fronte civico 11;Scontro frontale/laterale DX fra veicoli in marcia;Rettilineo;Una carreggiata a senso unico di marcia;Asciutto;Asfaltata;Orizzontale;Nuvoloso;Normale;Buona;Ore Diurne;0;0;0;2;12.5185;41.928;-1;2;Autovettura privata;In marcia / fermata / arresto;Conducente;M;Illeso;0;;Non accertato;Inesploso
4096810;18;19/11/2018 14:55:00;Strada Urbana;CIRCONVALLAZIONE CORNELIA;in prossimità;;del civico n.;12;;Scontro laterale fra veicoli in marcia;Rettilineo;Due carreggiate;Bagnato (pioggia);Asfaltata;Verticale ed orizzontale;Pioggia in atto;Normale;Buona;Ore Diurne;0;0;0;3;12.4274;41.8992;-1;1;Quadriciclo leggero;In marcia / fermata / arresto;Conducente;M;Illeso;0;;Non accertato;Inesistente
4096810;18;19/11/2018 14:55:00;Strada Urbana;CIRCONVALLAZIONE CORNELIA;in prossimità;;del civico n.;12;;Scontro laterale fra veicoli in marcia;Rettilineo;Due carreggiate;Bagnato (pioggia);Asfaltata;Verticale ed orizzontale;Pioggia in atto;Normale;Buona;Ore Diurne;0;0;0;3;12.4274;41.8992;-1;1;Quadriciclo leggero;In marcia / fermata / arresto;Passeggero;M;Illeso;0;;Non accertato;Inesistente
4096810;18;19/11/2018 14:55:00;Strada Urbana;CIRCONVALLAZIONE CORNELIA;in prossimità;;del civico n.;12;;Scontro laterale fra veicoli in marcia;Rettilineo;Due carreggiate;Bagnato (pioggia);Asfaltata;Verticale ed orizzontale;Pioggia in atto;Normale;Buona;Ore Diurne;0;0;0;3;12.4274;41.8992;-1;2;Autobus di linea;In marcia / fermata / arresto;Conducente;M;Illeso;0;;Non accertato;Inesistente
4096821;12;17/11/2018 14:00:00;Strada Urbana;VIA MINERBIO;all'intersezione con;VIA CASTIGLION DE' PEPOLI;VIA CASTIGLION DE' PEPOLI;;;Veicolo in marcia contro veicolo fermo;Intersezione stradale segnalata;Una carreggiata a senso unico di marcia;Asciutto;Asfaltata;Verticale ed orizzontale;Sereno;Scarso;Buona;Ore Diurne;0;0;0;4;12.411;41.7886;-1;1;Autovettura di polizia;In marcia / fermata / arresto;Conducente;M;Illeso;0;;Non accertato;Inesploso
4096821;12;17/11/2018 14:00:00;Strada Urbana;VIA MINERBIO;all'intersezione con;VIA CASTIGLION DE' PEPOLI;VIA CASTIGLION DE' PEPOLI;;;Veicolo in marcia contro veicolo fermo;Intersezione stradale segnalata;Una carreggiata a senso unico di marcia;Asciutto;Asfaltata;Verticale ed orizzontale;Sereno;Scarso;Buona;Ore Diurne;0;0;0;4;12.411;41.7886;-1;1;Autovettura di polizia;In marcia / fermata / arresto;Passeggero;M;Illeso;0;;;
4096821;12;17/11/2018 14:00:00;Strada Urbana;VIA MINERBIO;all'intersezione con;VIA CASTIGLION DE' PEPOLI;VIA CASTIGLION DE' PEPOLI;;;Veicolo in marcia contro veicolo fermo;Intersezione stradale segnalata;Una carreggiata a senso unico di marcia;Asciutto;Asfaltata;Verticale ed orizzontale;Sereno;Scarso;Buona;Ore Diurne;0;0;0;4;12.411;41.7886;-1;1;Autovettura di polizia;In marcia / fermata / arresto;Passeggero;M;Illeso;0;;;
4096821;12;17/11/2018 14:00:00;Strada Urbana;VIA MINERBIO;all'intersezione con;VIA CASTIGLION DE' PEPOLI;VIA CASTIGLION DE' PEPOLI;;;Veicolo in marcia contro veicolo fermo;Intersezione stradale segnalata;Una carreggiata a senso unico di marcia;Asciutto;Asfaltata;Verticale ed orizzontale;Sereno;Scarso;Buona;Ore Diurne;0;0;0;4;12.411;41.7886;-1;2;Autovettura privata;In marcia / fermata / arresto;Conducente;M;Illeso;0;;Non accertato;Inesploso
4097010;17;19/11/2018 15:25:00;Strada Urbana;PIAZZA DEL RISORGIMENTO;da specificare;;;;altezza VIA DI PORTA ANGELICA;Scontro frontale/laterale DX fra veicoli in marcia;Rettilineo;Due carreggiate;Bagnato (pioggia);Asfaltata;Verticale ed orizzontale;Pioggia in atto;Normale;Buona;Ore Diurne;1;0;0;2;12.4578;41.9058;-1;1;Autocarro inferiore 35 q.;In marcia / fermata / arresto;Conducente;M;Illeso;0;;Non accertato;
4097010;17;19/11/2018 15:25:00;Strada Urbana;PIAZZA DEL RISORGIMENTO;da specificare;;;;altezza VIA DI PORTA ANGELICA;Scontro frontale/laterale DX fra veicoli in marcia;Rettilineo;Due carreggiate;Bagnato (pioggia);Asfaltata;Verticale ed orizzontale;Pioggia in atto;Normale;Buona;Ore Diurne;1;0;0;2;12.4578;41.9058;-1;1;Autocarro inferiore 35 q.;In marcia / fermata / arresto;Passeggero;M;Illeso;0;;Non accertato;
4097010;17;19/11/2018 15:25:00;Strada Urbana;PIAZZA DEL RISORGIMENTO;da specificare;;;;altezza VIA DI PORTA ANGELICA;Scontro frontale/laterale DX fra veicoli in marcia;Rettilineo;Due carreggiate;Bagnato (pioggia);Asfaltata;Verticale ed orizzontale;Pioggia in atto;Normale;Buona;Ore Diurne;1;0;0;2;12.4578;41.9058;-1;2;Velocipede;In marcia / fermata / arresto;Conducente;F;Rimandato;0;NON DECEDUTO;Esente;
4097024;19;19/11/2018 16:30:00;Strada Urbana;VIA DELLA STORTA;all'intersezione con;VIA FEDERICO FILIPPINI;VIA FEDERICO FILIPPINI;;;Veicoli in marcia contro veicolo fermo;Incrocio;Una carreggiata a doppio senso;Bagnato (pioggia);Asfaltata;Orizzontale;Pioggia in atto;Normale;Buona;Ore Diurne;0;0;0;5;12.3648;41.9661;-1;1;Autovettura privata;In marcia / fermata / arresto;Conducente;M;Illeso;0;;Non accertato;Inesploso
4097024;19;19/11/2018 16:30:00;Strada Urbana;VIA DELLA STORTA;all'intersezione con;VIA FEDERICO FILIPPINI;VIA FEDERICO FILIPPINI;;;Veicoli in marcia contro veicolo fermo;Incrocio;Una carreggiata a doppio senso;Bagnato (pioggia);Asfaltata;Orizzontale;Pioggia in atto;Normale;Buona;Ore Diurne;0;0;0;5;12.3648;41.9661;-1;1;Autovettura privata;In marcia / fermata / arresto;Passeggero;F;Illeso;0;;Non accertato;Inesploso
4097024;19;19/11/2018 16:30:00;Strada Urbana;VIA DELLA STORTA;all'intersezione con;VIA FEDERICO FILIPPINI;VIA FEDERICO FILIPPINI;;;Veicoli in marcia contro veicolo fermo;Incrocio;Una carreggiata a doppio senso;Bagnato (pioggia);Asfaltata;Orizzontale;Pioggia in atto;Normale;Buona;Ore Diurne;0;0;0;5;12.3648;41.9661;-1;1;Autovettura privata;In marcia / fermata / arresto;Passeggero;M;Illeso;0;;Non accertato;Inesploso
4097024;19;19/11/2018 16:30:00;Strada Urbana;VIA DELLA STORTA;all'intersezione con;VIA FEDERICO FILIPPINI;VIA FEDERICO FILIPPINI;;;Veicoli in marcia contro veicolo fermo;Incrocio;Una carreggiata a doppio senso;Bagnato (pioggia);Asfaltata;Orizzontale;Pioggia in atto;Normale;Buona;Ore Diurne;0;0;0;5;12.3648;41.9661;-1;2;Autovettura privata;In marcia / fermata / arresto;Conducente;M;Illeso;0;;Non accertato;Inesploso
4097024;19;19/11/2018 16:30:00;Strada Urbana;VIA DELLA STORTA;all'intersezione con;VIA FEDERICO FILIPPINI;VIA FEDERICO FILIPPINI;;;Veicoli in marcia contro veicolo fermo;Incrocio;Una carreggiata a doppio senso;Bagnato (pioggia);Asfaltata;Orizzontale;Pioggia in atto;Normale;Buona;Ore Diurne;0;0;0;5;12.3648;41.9661;-1;3;Autovettura privata;In marcia / fermata / arresto;Conducente;M;Illeso;0;;Non accertato;Inesploso
4097030;9;19/11/2018 13:30:00;Strada Urbana;VIA APPIA NUOVA;da specificare;;;;fronte civico 419;Tamponamento;Rettilineo;Due carreggiate;Bagnato (pioggia);Asfaltata;Verticale ed orizzontale;Pioggia in atto;Normale;Buona;Ore Diurne;0;0;0;2;12.5235;41.8746;-1;1;Autovettura privata;In marcia / fermata / arresto;Conducente;M;Illeso;0;;Non accertato;Inesploso
4097030;9;19/11/2018 13:30:00;Strada Urbana;VIA APPIA NUOVA;da specificare;;;;fronte civico 419;Tamponamento;Rettilineo;Due carreggiate;Bagnato (pioggia);Asfaltata;Verticale ed orizzontale;Pioggia in atto;Normale;Buona;Ore Diurne;0;0;0;2;12.5235;41.8746;-1;2;Autovettura privata;In marcia / fermata / arresto;Conducente;M;Illeso;0;;Non accertato;Inesploso
4097032;9;19/11/2018 13:40:00;Strada Urbana;VIA SATRICO;all'intersezione con;VIA POPULONIA;VIA POPULONIA;;;Investimento di pedone;Intersezione stradale segnalata;Una carreggiata a doppio senso;Asciutto;Asfaltata;Verticale ed orizzontale;Sereno;Scarso;Buona;Ore Diurne;1;0;0;1;12.5067;41.8775;-1;;;;Pedone;F;Rimandato;0;NON DECEDUTO;;
4097032;9;19/11/2018 13:40:00;Strada Urbana;VIA SATRICO;all'intersezione con;VIA POPULONIA;VIA POPULONIA;;;Investimento di pedone;Intersezione stradale segnalata;Una carreggiata a doppio senso;Asciutto;Asfaltata;Verticale ed orizzontale;Sereno;Scarso;Buona;Ore Diurne;1;0;0;1;12.5067;41.8775;-1;1;Autovettura pubblica;In marcia / fermata / arresto;Conducente;M;Illeso;0;;Non accertato;Inesploso