Protocollo;Gruppo;DataOraIncidente;Localizzazione1;STRADA1;Localizzazione2;STRADA2;Strada02;Chilometrica;DaSpecificare;NaturaIncidente;particolaritastrade;TipoStrada;FondoStradale;Pavimentazione;Segnaletica;CondizioneAtmosferica;Traffico;Visibilita;Illuminazione;NUM_FERITI;NUM_RISERVATA;NUM_MORTI;NUM_ILLESI;Longitudine;Latitudine;Confermato;Progressivo;TipoVeicolo;StatoVeicolo;TipoPersona;Sesso;Tipolesione;Deceduto;DecedutoDopo;CinturaCascoUtilizzato;Airbag;
4101097;10;22/11/2018 07:45:00;Strada Urbana;VIALE DEI SALESIANI;in prossimità;;del civico n.;10;;Scontro laterale fra veicoli in marcia;Rettilineo;Due carreggiate;Bagnato (umidità in atto);Asfaltata;Verticale ed orizzontale;Sereno;Normale;Buona;Ore Diurne;1;0;0;1;12.5655;41.8582;-1;2;Motociclo a solo;In marcia / fermata / arresto;Conducente;M;Rimandato;0;NON DECEDUTO;Non accertato;
4101098;20;21/11/2018 12:30:00;Strada Urbana;VIALE ANTONINO DI SAN GIULIANO;da specificare;;;;altezza Via dei Robilant;Scontro frontale/laterale DX fra veicoli in marcia;Rettilineo;Due carreggiate;Asciutto;Asfaltata;Verticale ed orizzontale;Sereno;Normale;Buona;Ore Diurne;0;0;0;2;12.4628;41.9352;-1;1;Motociclo a solo;In marcia / fermata / arresto;Conducente;M;Illeso;0;;Non accertato;
4101098;20;21/11/2018 12:30:00;Strada Urbana;VIALE ANTONINO DI SAN GIULIANO;da specificare;;;;altezza Via dei Robilant;Scontro frontale/laterale DX fra veicoli in marcia;Rettilineo;Due carreggiate;Asciutto;Asfaltata;Verticale ed orizzontale;Sereno;Normale;Buona;Ore Diurne;0;0;0;2;12.4628;41.9352;-1;2;Autovettura pubblica;In marcia / fermata / arresto;Conducente;M;Illeso;0;;Non accertato;Inesploso
4101102;13;21/11/2018 18:03:00;Strada Urbana;VIA DI SAPONARA;da specificare;;;;prossimità via Amedeo Bocchi;Scontro laterale fra veicoli in marcia;Rettilineo;Due carreggiate;Bagnato (umidità in atto);Asfaltata;Verticale;Sereno;Scarso;Sufficiente;Sufficiente;0;0;0;3;12.3452;41.7741;-1;1;Autovettura privata;In marcia / fermata / arresto;Conducente;F;Illeso;0;;Non accertato;Inesploso
4101102;13;21/11/2018 18:03:00;Strada Urbana;VIA DI SAPONARA;da specificare;;;;prossimità via Amedeo Bocchi;Scontro laterale fra veicoli in marcia;Rettilineo;Due carreggiate;Bagnato (umidità in atto);Asfaltata;Verticale;Sereno;Scarso;Sufficiente;Sufficiente;0;0;0;3;12.3452;41.7741;-1;1;Autovettura privata;In marcia / fermata / arresto;Passeggero;F;Illeso;0;;Non accertato;Inesploso
4101102;13;21/11/2018 18:03:00;Strada Urbana;VIA DI SAPONARA;da specificare;;;;prossimità via Amedeo Bocchi;Scontro laterale fra veicoli in marcia;Rettilineo;Due carreggiate;Bagnato (umidità in atto);Asfaltata;Verticale;Sereno;Scarso;Sufficiente;Sufficiente;0;0;0;3;12.3452;41.7741;-1;2;Autovettura privata;In marcia / fermata / arresto;Conducente;F;Illeso;0;;Non accertato;Inesploso
4101107;8;21/11/2018 08:10:00;Strada Urbana;VIA ROCCALUMERA;all'intersezione con;VIA BORGHESIANA;VIA BORGHESIANA;;;Scontro frontale/laterale DX fra veicoli in marcia;Intersezione stradale segnalata;Una carreggiata a doppio senso;Bagnato (umidità in atto);Asfaltata;Verticale;Sereno;Normale;Buona;Ore Diurne;2;0;0;3;12.6636;41.8829;-1;1;Autovettura privata;In marcia / fermata / arresto;Conducente;M;Illeso;0;;Non accertato;Inesploso
4101107;8;21/11/2018 08:10:00;Strada Urbana;VIA ROCCALUMERA;all'intersezione con;VIA BORGHESIANA;VIA BORGHESIANA;;;Scontro frontale/laterale DX fra veicoli in marcia;Intersezione stradale segnalata;Una carreggiata a doppio senso;Bagnato (umidità in atto);Asfaltata;Verticale;Sereno;Normale;Buona;Ore Diurne;2;0;0;3;12.6636;41.8829;-1;1;Autovettura privata;In marcia / fermata / arresto;Passeggero;M;Illeso;0;;Non accertato;Inesploso
4101107;8;21/11/2018 08:10:00;Strada Urbana;VIA ROCCALUMERA;all'intersezione con;VIA BORGHESIANA;VIA BORGHESIANA;;;Scontro frontale/laterale DX fra veicoli in marcia;Intersezione stradale segnalata;Una carreggiata a doppio senso;Bagnato (umidità in atto);Asfaltata;Verticale;Sereno;Normale;Buona;Ore Diurne;2;0;0;3;12.6636;41.8829;-1;2;Autovettura privata;In marcia / fermata / arresto;Conducente;F;Rimandato;0;NON DECEDUTO;Non accertato;Inesploso
4101107;8;21/11/2018 08:10:00;Strada Urbana;VIA ROCCALUMERA;all'intersezione con;VIA BORGHESIANA;VIA BORGHESIANA;;;Scontro frontale/laterale DX fra veicoli in marcia;Intersezione stradale segnalata;Una carreggiata a doppio senso;Bagnato (umidità in atto);Asfaltata;Verticale;Sereno;Normale;Buona;Ore Diurne;2;0;0;3;12.6636;41.8829;-1;2;Autovettura privata;In marcia / fermata / arresto;Passeggero;M;Rimandato;0;NON DECEDUTO;Non accertato;Inesploso
4101107;8;21/11/2018 08:10:00;Strada Urbana;VIA ROCCALUMERA;all'intersezione con;VIA BORGHESIANA;VIA BORGHESIANA;;;Scontro frontale/laterale DX fra veicoli in marcia;Intersezione stradale segnalata;Una carreggiata a doppio senso;Bagnato (umidità in atto);Asfaltata;Verticale;Sereno;Normale;Buona;Ore Diurne;2;0;0;3;12.6636;41.8829;-1;3;Autocarro superiore 35 q.;In marcia / fermata / arresto;Conducente;M;Illeso;0;;Non accertato;Inesploso
4101110;8;21/11/2018 07:00:00;Strada Urbana;VIA DI TOR BELLA MONACA;da specificare;;;;dir. VIA CASILINA all'altezza di VIA DI TORRENOVA;Veicolo in marcia contro ostacolo accidentale;Rettilineo;Due carreggiate;Bagnato (pioggia);Asfaltata;Assente;Nuvoloso;Scarso;Sufficiente;Ore Diurne;0;0;0;1;12.6282;41.8763;-1;1;Autovettura privata;In marcia / fermata / arresto;Conducente;M;Illeso;0;;Non accertato;Inesploso
4101120;8;21/11/2018 16:30:00;Strada Urbana;VIA BUSCEMI;in corrispondenza;;del civico n.;90 A;;Investimento di pedone;Rettilineo;Una carreggiata a doppio senso;Bagnato (pioggia);Asfaltata;Verticale;Nuvoloso;Normale;Sufficiente;Ore Diurne;1;0;0;4;12.6577;41.8663;-1;;;;Pedone;F;Rimandato;0;NON DECEDUTO;;
4101120;8;21/11/2018 16:30:00;Strada Urbana;VIA BUSCEMI;in corrispondenza;;del civico n.;90 A;;Investimento di pedone;Rettilineo;Una carreggiata a doppio senso;Bagnato (pioggia);Asfaltata;Verticale;Nuvoloso;Normale;Sufficiente;Ore Diurne;1;0;0;4;12.6577;41.8663;-1;1;Autovettura privata;In marcia / fermata / arresto;Conducente;M;Illeso;0;;Non accertato;Inesploso
4101120;8;21/11/2018 16:30:00;Strada Urbana;VIA BUSCEMI;in corrispondenza;;del civico n.;90 A;;Investimento di pedone;Rettilineo;Una carreggiata a doppio senso;Bagnato (pioggia);Asfaltata;Verticale;Nuvoloso;Normale;Sufficiente;Ore Diurne;1;0;0;4;12.6577;41.8663;-1;1;Autovettura privata;In marcia / fermata / arresto;Passeggero;F;Illeso;0;;Non accertato;Inesploso
4101120;8;21/11/2018 16:30:00;Strada Urbana;VIA BUSCEMI;in corrispondenza;;del civico n.;90 A;;Investimento di pedone;Rettilineo;Una carreggiata a doppio senso;Bagnato (pioggia);Asfaltata;Verticale;Nuvoloso;Normale;Sufficiente;Ore Diurne;1;0;0;4;12.6577;41.8663;-1;1;Autovettura privata;In marcia / fermata / arresto;Passeggero;M;Illeso;0;;Non accertato;Inesploso
4101121;20;21/11/2018 17:45:00;Strada Urbana;VIA DI BACCANELLO;in prossimità;;del palo luce n.;30;;Veicolo in marcia contro ostacolo accidentale;Rettilineo;Una carreggiata a doppio senso;Bagnato (pioggia);Asfaltata;Orizzontale;Nuvoloso;Normale;Insufficiente;Insufficiente;0;0;0;2;12.3534;42.0628;-1;1;Autovettura privata;In marcia / fermata / arresto;Conducente;M;Illeso;0;;Non accertato;Inesploso
4101121;20;21/11/2018 17:45:00;Strada Urbana;VIA DI BACCANELLO;in prossimità;;del palo luce n.;30;;Veicolo in marcia contro ostacolo accidentale;Rettilineo;Una carreggiata a doppio senso;Bagnato (pioggia);Asfaltata;Orizzontale;Nuvoloso;Normale;Insufficiente;Insufficiente;0;0;0;2;12.3534;42.0628;-1;1;Autovettura privata;In marcia / fermata / arresto;Passeggero;F;Illeso;0;;Non accertato;Inesploso
4101123;8;21/11/2018 07:50:00;Strada Urbana;VIA ANDREA NOALE;da specificare;;;;200 metri dopo il civico 182 direzione Salone;Scontro frontale fra veicoli in marcia;Rettilineo;Una carreggiata a doppio senso;Asciutto;Asfaltata;Orizzontale;Sereno;Normale;Buona;Ore Diurne;0;1;0;1;12.6243;41.9154;-1;1;Autovettura privata;In marcia / fermata / arresto;Conducente;M;Illeso;0;;;Esploso
4101123;8;21/11/2018 07:50:00;Strada Urbana;VIA ANDREA NOALE;da specificare;;;;200 metri dopo il civico 182 direzione Salone;Scontro frontale fra veicoli in marcia;Rettilineo;Una carreggiata a doppio senso;Asciutto;Asfaltata;Orizzontale;Sereno;Normale;Buona;Ore Diurne;0;1;0;1;12.6243;41.9154;-1;2;Autocarro inferiore 35 q.;In marcia / fermata / arresto;Conducente;M;Prognosi riservata;0;NON DECEDUTO;Esente;
4101127;8;21/11/2018 15:25:00;Strada Urbana;VIA DI TORRENOVA;all'intersezione con;VIA ENDIMIONE;VIA ENDIMIONE;;;Scontro frontale/laterale SX fra veicoli in marcia;Incrocio;Una carreggiata a doppio senso;Bagnato (pioggia);Asfaltata;Verticale;Pioggia in atto;Intenso;Sufficiente;Ore Diurne;0;0;0;3;12.6185;41.8775;-1;1;Autovettura privata;In marcia / fermata / arresto;Conducente;M;Illeso;0;;;
4101127;8;21/11/2018 15:25:00;Strada Urbana;VIA DI TORRENOVA;all'intersezione con;VIA ENDIMIONE;VIA ENDIMIONE;;;Scontro frontale/laterale SX fra veicoli in marcia;Incrocio;Una carreggiata a doppio senso;Bagnato (pioggia);Asfaltata;Verticale;Pioggia in atto;Intenso;Sufficiente;Ore Diurne;0;0;0;3;12.6185;41.8775;-1;2;Ciclomotore con passeggero;In marcia / fermata / arresto;Conducente;M;Illeso;0;;;
4101127;8;21/11/2018 15:25:00;Strada Urbana;VIA DI TORRENOVA;all'intersezione con;VIA ENDIMIONE;VIA ENDIMIONE;;;Scontro frontale/laterale SX fra veicoli in marcia;Incrocio;Una carreggiata a doppio senso;Bagnato (pioggia);Asfaltata;Verticale;Pioggia in atto;Intenso;Sufficiente;Ore Diurne;0;0;0;3;12.6185;41.8775;-1;2;Ciclomotore con passeggero;In marcia / fermata / arresto;Passeggero;F;Illeso;0;;;
4101133;17;21/11/2018 13:55:00;Strada Urbana;VIA CIRO MENOTTI;all'intersezione con;VIA GIOVANNI NICOTERA;VIA GIOVANNI NICOTERA;;;Scontro laterale fra veicoli in marcia;Incrocio;Una carreggiata a senso unico di marcia;Asciutto;Asfaltata;Verticale ed orizzontale;Nuvoloso;Scarso;Buona;Ore Diurne;1;0;0;1;12.4685;41.9155;-1;1;Autovettura privata;In marcia / fermata / arresto;Conducente;F;Illeso;0;;;
4101133;17;21/11/2018 13:55:00;Strada Urbana;VIA CIRO MENOTTI;all'intersezione con;VIA GIOVANNI NICOTERA;VIA GIOVANNI NICOTERA;;;Scontro laterale fra veicoli in marcia;Incrocio;Una carreggiata a senso unico di marcia;Asciutto;Asfaltata;Verticale ed orizzontale;Nuvoloso;Scarso;Buona;Ore Diurne;1;0;0;1;12.4685;41.9155;-1;2;Motociclo con passeggero;In marcia / fermata / arresto;Conducente;M;Rimandato;0;NON DECEDUTO;;
4101140;8;21/11/2018 18:15:00;Strada Urbana;VIA DI TORRENOVA;da specificare;;;;rampa che conduce a via Tor Bella Monaca direz GRA;Veicolo in marcia contro ostacolo accidentale;Curva a visuale libera;Due carreggiate;Bagnato (umidità in atto);Con buche;Verticale ed orizzontale;Nuvoloso;Normale;Sufficiente;Sufficiente;0;0;0;1;12.6185;41.8775;-1;1;Autovettura privata;In marcia / fermata / arresto;Conducente;M;Illeso;0;;Non accertato;Inesploso
4101143;13;21/11/2018 09:50:00;Strada Urbana;VIA DI MACCHIA PALOCCO;all'intersezione con;VIA PADRE MASSARUTI;VIA PADRE MASSARUTI;;;Scontro frontale/laterale SX fra veicoli in marcia;Intersezione stradale segnalata;Una carreggiata a doppio senso;Asciutto;Asfaltata;Verticale;Sereno;Scarso;Buona;Ore Diurne;0;0;0;2;12.3505;41.7687;-1;1;Autovettura privata;In marcia / fermata / arresto;Conducente;M;Illeso;0;;Non accertato;Inesploso
4101143;13;21/11/2018 09:50:00;Strada Urbana;VIA DI MACCHIA PALOCCO;all'intersezione con;VIA PADRE MASSARUTI;VIA PADRE MASSARUTI;;;Scontro frontale/laterale SX fra veicoli in marcia;Intersezione stradale segnalata;Una carreggiata a doppio senso;Asciutto;Asfaltata;Verticale;Sereno;Scarso;Buona;Ore Diurne;0;0;0;2;12.3505;41.7687;-1;2;Motociclo a solo;In marcia / fermata / arresto;Conducente;M;Illeso;0;;Non accertato;
4101144;8;21/11/2018 11:00:00;Statale entro l'abitato;VIA CASILINA;da specificare;;;;altezza cavalcavia VIA OXFORD dir. G.R.A.;Veicolo in marcia contro ostacolo accidentale;Rettilineo;Più di due carreggiate;Asciutto;Asfaltata;Assente;Sereno;Normale;Buona;Ore Diurne;0;0;0;1;12.6194;41.8629;-1;1;Autovettura privata;In marcia / fermata / arresto;Conducente;M;Illeso;0;;Non accertato;Inesploso
4101150;8;21/11/2018 21:30:00;Strada Urbana;VIA LAERTE;da specificare;;;;altezza rotatoria centro commerciale;Tamponamento Multiplo;Curva a visuale libera;Una carreggiata a senso unico di marcia;Bagnato (umidità in atto);Asfaltata;Verticale ed orizzontale;Nuvoloso;Scarso;Sufficiente;Sufficiente;1;0;0;2;12.6156;41.8696;-1;1;Autovettura privata;In marcia / fermata / arresto;Conducente;M;Illeso;0;;Non accertato;Inesploso
4101150;8;21/11/2018 21:30:00;Strada Urbana;VIA LAERTE;da specificare;;;;altezza rotatoria centro commerciale;Tamponamento Multiplo;Curva a visuale libera;Una carreggiata a senso unico di marcia;Bagnato (umidità in atto);Asfaltata;Verticale ed orizzontale;Nuvoloso;Scarso;Sufficiente;Sufficiente;1;0;0;2;12.6156;41.8696;-1;2;Autovettura privata;In marcia / fermata / arresto;Conducente;M;Rifiuta cure immediate;0;NON DECEDUTO;Non accertato;Esploso
4101150;8;21/11/2018 21:30:00;Strada Urbana;VIA LAERTE;da specificare;;;;altezza rotatoria centro commerciale;Tamponamento Multiplo;Curva a visuale libera;Una carreggiata a senso unico di marcia;Bagnato (umidità in atto);Asfaltata;Verticale ed orizzontale;Nuvoloso;Scarso;Sufficiente;Sufficiente;1;0;0;2;12.6156;41.8696;-1;3;Autovettura privata;In marcia / fermata / arresto;Conducente;M;Illeso;0;;Non accertato;Esploso
4101154;8;21/11/2018 08:45:00;Strada Urbana;VIA DEL CASALONE;in prossimità;;del civico n.;1;;Infortunio per sola frenata improvvisa;Rettilineo;Una carreggiata a doppio senso;Bagnato (umidità in atto);Asfaltata;Verticale ed orizzontale;Nuvoloso;Normale;Buona;Ore Diurne;1;0;0;1;12.6774;41.922;-1;1;Autovettura privata;In marcia / fermata / arresto;Conducente;M;Illeso;0;;Non accertato;Inesploso
4101154;8;21/11/2018 08:45:00;Strada Urbana;VIA DEL CASALONE;in prossimità;;del civico n.;1;;Infortunio per sola frenata improvvisa;Rettilineo;Una carreggiata a doppio senso;Bagnato (umidità in atto);Asfaltata;Verticale ed orizzontale;Nuvoloso;Normale;Buona;Ore Diurne;1;0;0;1;12.6774;41.922;-1;2;Motociclo a solo;In marcia / fermata / arresto;Conducente;M;Rimandato;0;NON DECEDUTO;Non accertato;
4101157;2;21/11/2018 17:00:00;Strada Urbana;CIRCONVALLAZIONE SALARIA;da specificare;;;;dir. Stadio altezza Svincolo Via Salaria G.R.A.;Veicolo in marcia contro ostacolo accidentale;Rettilineo;Più di due carreggiate;Bagnato (pioggia);Asfaltata;Verticale ed orizzontale;Pioggia in atto;Intenso;Sufficiente;Sufficiente;0;0;0;1;12.5091;41.9379;-1;1;Autovettura privata;In marcia / fermata / arresto;Conducente;M;Illeso;0;;;
4101158;7;22/11/2018 05:30:00;Strada Urbana;VIA PRENESTINA;da specificare;;;;altezza palo luce 23;Tamponamento Multiplo;Rettilineo;Una carreggiata a doppio senso;Bagnato (pioggia);Asfaltata;Verticale ed orizzontale;Nuvoloso;Normale;Buona;Sufficiente;1;0;0;2;12.5763;41.8946;-1;1;Autobus di linea;In marcia / fermata / arresto;Conducente;M;Illeso;0;;Esente;Inesploso
4101158;7;22/11/2018 05:30:00;Strada Urbana;VIA PRENESTINA;da specificare;;;;altezza palo luce 23;Tamponamento Multiplo;Rettilineo;Una carreggiata a doppio senso;Bagnato (pioggia);Asfaltata;Verticale ed orizzontale;Nuvoloso;Normale;Buona;Sufficiente;1;0;0;2;12.5763;41.8946;-1;2;Autovettura privata;In marcia / fermata / arresto;Conducente;M;Rimandato;0;NON DECEDUTO;Non accertato;Esploso
4101158;7;22/11/2018 05:30:00;Strada Urbana;VIA PRENESTINA;da specificare;;;;altezza palo luce 23;Tamponamento Multiplo;Rettilineo;Una carreggiata a doppio senso;Bagnato (pioggia);Asfaltata;Verticale ed orizzontale;Nuvoloso;Normale;Buona;Sufficiente;1;0;0;2;12.5763;41.8946;-1;3;Autobus di linea;In marcia / fermata / arresto;Conducente;M;Illeso;0;;Non accertato;Inesploso
4101159;8;21/11/2018 20:35:00;Provinciale entro l'abitato;VIA PRENESTINA;in corrispondenza;;del civico n.;1110;;Scontro laterale fra veicoli in marcia;Rettilineo;Una carreggiata a doppio senso;Bagnato (umidità in atto);Asfaltata;Assente;Nuvoloso;Scarso;Sufficiente;Sufficiente;0;0;0;2;12.6167;41.8932;-1;1;Autovettura privata;In marcia / fermata / arresto;Conducente;M;Illeso;0;;Non accertato;Inesploso
4101159;8;21/11/2018 20:35:00;Provinciale entro l'abitato;VIA PRENESTINA;in corrispondenza;;del civico n.;1110;;Scontro laterale fra veicoli in marcia;Rettilineo;Una carreggiata a doppio senso;Bagnato (umidità in atto);Asfaltata;Assente;Nuvoloso;Scarso;Sufficiente;Sufficiente;0;0;0;2;12.6167;41.8932;-1;2;Autoveicolo trasp.promisc.;In marcia / fermata / arresto;Conducente;M;Illeso;0;;Non accertato;Inesploso
4101181;5;22/11/2018 05:30:00;Strada Urbana;VIA CRESCENZIO CONTE DI SABINA;all'intersezione con;VIA TERSILIA LA DIVINA;VIA TERSILIA LA DIVINA;;;Scontro frontale/laterale SX fra veicoli in marcia;Incrocio;Due carreggiate;Bagnato (pioggia);Asfaltata;Verticale ed orizzontale;Nuvoloso;Scarso;Sufficiente;Sufficiente;0;0;0;2;12.6006;41.9484;-1;1;Motociclo a solo;In marcia / fermata / arresto;Conducente;M;Illeso;0;;Non accertato;
4101181;5;22/11/2018 05:30:00;Strada Urbana;VIA CRESCENZIO CONTE DI SABINA;all'intersezione con;VIA TERSILIA LA DIVINA;VIA TERSILIA LA DIVINA;;;Scontro frontale/laterale SX fra veicoli in marcia;Incrocio;Due carreggiate;Bagnato (pioggia);Asfaltata;Verticale ed orizzontale;Nuvoloso;Scarso;Sufficiente;Sufficiente;0;0;0;2;12.6006;41.9484;-1;2;Motociclo a solo;In marcia / fermata / arresto;Conducente;M;Illeso;0;;Non accertato;
4101182;4;21/11/2018 07:45:00;Strada Urbana;VIA MONTE RESEGONE;all'intersezione con;VIA CAPRAIA;VIA CAPRAIA;;;Investimento di pedone;Intersezione non regolata/non segnalata;Una carreggiata a doppio senso;Bagnato (umidità in atto);Asfaltata;Orizzontale;Sereno;Normale;Buona;Ore Diurne;1;0;0;2;12.5363;41.9519;-1;;;;Pedone;F;Rimandato;0;NON DECEDUTO;;
4101182;4;21/11/2018 07:45:00;Strada Urbana;VIA MONTE RESEGONE;all'intersezione con;VIA CAPRAIA;VIA CAPRAIA;;;Investimento di pedone;Intersezione non regolata/non segnalata;Una carreggiata a doppio senso;Bagnato (umidità in atto);Asfaltata;Orizzontale;Sereno;Normale;Buona;Ore Diurne;1;0;0;2;12.5363;41.9519;-1;1;Autovettura privata;In marcia / fermata / arresto;Conducente;F;Illeso;0;;;
4101182;4;21/11/2018 07:45:00;Strada Urbana;VIA MONTE RESEGONE;all'intersezione con;VIA CAPRAIA;VIA CAPRAIA;;;Investimento di pedone;Intersezione non regolata/non segnalata;Una carreggiata a doppio senso;Bagnato (umidità in atto);Asfaltata;Orizzontale;Sereno;Normale;Buona;Ore Diurne;1;0;0;2;12.5363;41.9519;-1;1;Autovettura privata;In marcia / fermata / arresto;Passeggero;M;Illeso;0;;;
4101198;4;21/11/2018 18:30:00;Strada Urbana;VIA CASALE REDICICOLI;da specificare;;;;interno parcheggio Porta di Roma piano -1 zona 023;Scontro frontale/laterale DX fra veicoli in marcia;Rettilineo;Una carreggiata a senso unico di marcia;Asciutto;Asfaltata;Assente;Sereno;Intenso;Buona;Ore Diurne;4;0;0;1;12.5393;41.9724;-1;1;Autovettura privata;In marcia / fermata / arresto;Conducente;M;Illeso;0;;Non accertato;Inesploso
4101198;4;21/11/2018 18:30:00;Strada Urbana;VIA CASALE REDICICOLI;da specificare;;;;interno parcheggio Porta di Roma piano -1 zona 023;Scontro frontale/laterale DX fra veicoli in marcia;Rettilineo;Una carreggiata a senso unico di marcia;Asciutto;Asfaltata;Assente;Sereno;Intenso;Buona;Ore Diurne;4;0;0;1;12.5393;41.9724;-1;2;Autovettura privata;In marcia / fermata / arresto;Conducente;M;Rimandato;0;NON DECEDUTO;;
4101198;4;21/11/2018 18:30:00;Strada Urbana;VIA CASALE REDICICOLI;da specificare;;;;interno parcheggio Porta di Roma piano -1 zona 023;Scontro frontale/laterale DX fra veicoli in marcia;Rettilineo;Una carreggiata a senso unico di marcia;Asciutto;Asfaltata;Assente;Sereno;Intenso;Buona;Ore Diurne;4;0;0;1;12.5393;41.9724;-1;2;Autovettura privata;In marcia / fermata / arresto;Passeggero;F;Rimandato;0;NON DECEDUTO;;
4101198;4;21/11/2018 18:30:00;Strada Urbana;VIA CASALE REDICICOLI;da specificare;;;;interno parcheggio Porta di Roma piano -1 zona 023;Scontro frontale/laterale DX fra veicoli in marcia;Rettilineo;Una carreggiata a senso unico di marcia;Asciutto;Asfaltata;Assente;Sereno;Intenso;Buona;Ore Diurne;4;0;0;1;12.5393;41.9724;-1;2;Autovettura privata;In marcia / fermata / arresto;Passeggero;F;Rimandato;0;NON DECEDUTO;;
4101198;4;21/11/2018 18:30:00;Strada Urbana;VIA CASALE REDICICOLI;da specificare;;;;interno parcheggio Porta di Roma piano -1 zona 023;Scontro frontale/laterale DX fra veicoli in marcia;Rettilineo;Una carreggiata a senso unico di marcia;Asciutto;Asfaltata;Assente;Sereno;Intenso;Buona;Ore Diurne;4;0;0;1;12.5393;41.9724;-1;2;Autovettura privata;In marcia / fermata / arresto;Passeggero;F;Rimandato;0;NON DECEDUTO;;
4101202;7;21/11/2018 21:15:00;Strada Urbana;VIA APPIA NUOVA;all'intersezione con;VIA DELLE CAPANNELLE;VIA DELLE CAPANNELLE;;;Tamponamento Multiplo;Incrocio;Due carreggiate;Bagnato (pioggia);Asfaltata;Verticale ed orizzontale;Nuvoloso;Normale;Buona;Sufficiente;1;0;0;3;12.571;41.8351;-1;1;Autovettura privata;In marcia / fermata / arresto;Conducente;M;Illeso;0;;;
4101202;7;21/11/2018 21:15:00;Strada Urbana;VIA APPIA NUOVA;all'intersezione con;VIA DELLE CAPANNELLE;VIA DELLE CAPANNELLE;;;Tamponamento Multiplo;Incrocio;Due carreggiate;Bagnato (pioggia);Asfaltata;Verticale ed orizzontale;Nuvoloso;Normale;Buona;Sufficiente;1;0;0;3;12.571;41.8351;-1;2;Autovettura privata;In marcia / fermata / arresto;Conducente;M;Rimandato;0;NON DECEDUTO;Non accertato;Inesploso
4101202;7;21/11/2018 21:15:00;Strada Urbana;VIA APPIA NUOVA;all'intersezione con;VIA DELLE CAPANNELLE;VIA DELLE CAPANNELLE;;;Tamponamento Multiplo;Incrocio;Due carreggiate;Bagnato (pioggia);Asfaltata;Verticale ed orizzontale;Nuvoloso;Normale;Buona;Sufficiente;1;0;0;3;12.571;41.8351;-1;3;Autovettura privata;In marcia / fermata / arresto;Conducente;F;Illeso;0;;;
4101202;7;21/11/2018 21:15:00;Strada Urbana;VIA APPIA NUOVA;all'intersezione con;VIA DELLE CAPANNELLE;VIA DELLE CAPANNELLE;;;Tamponamento Multiplo;Incrocio;Due carreggiate;Bagnato (pioggia);Asfaltata;Verticale ed orizzontale;Nuvoloso;Normale;Buona;Sufficiente;1;0;0;3;12.571;41.8351;-1;3;Autovettura privata;In marcia / fermata / arresto;Passeggero;F;Illeso;0;;;
4101206;16;19/11/2018 20:30:00;Strada Urbana;VIA GIUSEPPE SPINA;all'intersezione con;VIA AURELIA ANTICA;VIA AURELIA ANTICA;;;Veicolo in marcia contro ostacolo accidentale;Incrocio;Una carreggiata a doppio senso;Bagnato (pioggia);Asfaltata;Verticale ed orizzontale;Pioggia in atto;Normale;Sufficiente;Sufficiente;0;0;0;1;12.4408;41.8886;-1;1;Autovettura privata;In marcia / fermata / arresto;Conducente;M;Illeso;0;;Non accertato;Inesploso
4101208;13;21/11/2018 16:30:00;Strada Urbana;VIA OSTIENSE;in prossimità;;del civico n.;1713;;Veicolo in marcia contro ostacolo fisso;Rettilineo;Una carreggiata a doppio senso;Bagnato (umidità in atto);Asfaltata;Assente;Nuvoloso;Normale;Sufficiente;Inesistente;0;0;0;3;12.3702;41.7872;0;1;Autovettura privata;In marcia / fermata / arresto;Conducente;F;Illeso;0;;;Inesploso
4101208;13;21/11/2018 16:30:00;Strada Urbana;VIA OSTIENSE;in prossimità;;del civico n.;1713;;Veicolo in marcia contro ostacolo fisso;Rettilineo;Una carreggiata a doppio senso;Bagnato (umidità in atto);Asfaltata;Assente;Nuvoloso;Normale;Sufficiente;Inesistente;0;0;0;3;12.3702;41.7872;0;1;Autovettura privata;In marcia / fermata / arresto;Passeggero;M;Illeso;0;;Non accertato;Inesploso
4101208;13;21/11/2018 16:30:00;Strada Urbana;VIA OSTIENSE;in prossimità;;del civico n.;1713;;Veicolo in marcia contro ostacolo fisso;Rettilineo;Una carreggiata a doppio senso;Bagnato (umidità in atto);Asfaltata;Assente;Nuvoloso;Normale;Sufficiente;Inesistente;0;0;0;3;12.3702;41.7872;0;1;Autovettura privata;In marcia / fermata / arresto;Passeggero;M;Illeso;0;;Non accertato;Inesploso
4101212;7;21/11/2018 08:00:00;Strada Urbana;VIALE PALMIRO TOGLIATTI;all'intersezione con;VIA PRENESTINA;VIA PRENESTINA;;;Tamponamento;Intersezione semaforizzata;Più di due carreggiate;Bagnato (umidità in atto);Asfaltata;Verticale ed orizzontale;Sereno;Normale;Buona;Ore Diurne;0;0;0;2;12.5733;41.8872;-1;1;Autovettura privata;In marcia / fermata / arresto;Conducente;M;Illeso;0;;Non accertato;Inesploso
4101212;7;21/11/2018 08:00:00;Strada Urbana;VIALE PALMIRO TOGLIATTI;all'intersezione con;VIA PRENESTINA;VIA PRENESTINA;;;Tamponamento;Intersezione semaforizzata;Più di due carreggiate;Bagnato (umidità in atto);Asfaltata;Verticale ed orizzontale;Sereno;Normale;Buona;Ore Diurne;0;0;0;2;12.5733;41.8872;-1;2;Autovettura privata;In marcia / fermata / arresto;Conducente;M;Illeso;0;;Non accertato;Inesploso