Protocollo;Gruppo;DataOraIncidente;Localizzazione1;STRADA1;Localizzazione2;STRADA2;Strada02;Chilometrica;DaSpecificare;NaturaIncidente;particolaritastrade;TipoStrada;FondoStradale;Pavimentazione;Segnaletica;CondizioneAtmosferica;Traffico;Visibilita;Illuminazione;NUM_FERITI;NUM_RISERVATA;NUM_MORTI;NUM_ILLESI;Longitudine;Latitudine;Confermato;Progressivo;TipoVeicolo;StatoVeicolo;TipoPersona;Sesso;Tipolesione;Deceduto;DecedutoDopo;CinturaCascoUtilizzato;Airbag;
4102759;8;22/11/2018 12:00:00;Strada Urbana;VIA CASILINA;in corrispondenza;;del civico n.;1890;;Investimento di pedone;Rettilineo;Una carreggiata a doppio senso;Asciutto;Asfaltata;Verticale ed orizzontale;Nuvoloso;Normale;Buona;Ore Diurne;1;0;0;2;12.6908;41.8633;-1;;;;Pedone;F;Rimandato;0;NON DECEDUTO;;
4102759;8;22/11/2018 12:00:00;Strada Urbana;VIA CASILINA;in corrispondenza;;del civico n.;1890;;Investimento di pedone;Rettilineo;Una carreggiata a doppio senso;Asciutto;Asfaltata;Verticale ed orizzontale;Nuvoloso;Normale;Buona;Ore Diurne;1;0;0;2;12.6908;41.8633;-1;1;Autocarro inferiore 35 q.;In marcia / fermata / arresto;Conducente;M;Illeso;0;;;
4102759;8;22/11/2018 12:00:00;Strada Urbana;VIA CASILINA;in corrispondenza;;del civico n.;1890;;Investimento di pedone;Rettilineo;Una carreggiata a doppio senso;Asciutto;Asfaltata;Verticale ed orizzontale;Nuvoloso;Normale;Buona;Ore Diurne;1;0;0;2;12.6908;41.8633;-1;1;Autocarro inferiore 35 q.;In marcia / fermata / arresto;Passeggero;M;Illeso;0;;;
4102763;4;22/11/2018 07:50:00;Strada Urbana;VIA CONCA D'ORO;in corrispondenza;;del civico n.;180;;Tamponamento;Rettilineo;Una carreggiata a senso unico di marcia;Asciutto;Asfaltata;Orizzontale;Sereno;Normale;Buona;Ore Diurne;0;0;0;2;12.5248;41.9402;-1;1;Autovettura privata;In marcia / fermata / arresto;Conducente;F;Illeso;0;;Non accertato;Inesploso
4102763;4;22/11/2018 07:50:00;Strada Urbana;VIA CONCA D'ORO;in corrispondenza;;del civico n.;180;;Tamponamento;Rettilineo;Una carreggiata a senso unico di marcia;Asciutto;Asfaltata;Orizzontale;Sereno;Normale;Buona;Ore Diurne;0;0;0;2;12.5248;41.9402;-1;2;Autovettura privata;In marcia / fermata / arresto;Conducente;F;Illeso;0;;Non accertato;
4102767;5;22/11/2018 05:50:00;Strada Urbana;VIA CORCOLLE;da specificare;;;;ALTEZZA CIVICO 16;Scontro frontale/laterale DX fra veicoli in marcia;Rettilineo;Una carreggiata a doppio senso;Bagnato (pioggia);Asfaltata;Verticale;Sereno;Scarso;Buona;Inesistente;0;0;0;2;12.6181;41.9315;-1;1;Autovettura privata;In marcia / fermata / arresto;Conducente;F;Illeso;0;;Non accertato;
4102767;5;22/11/2018 05:50:00;Strada Urbana;VIA CORCOLLE;da specificare;;;;ALTEZZA CIVICO 16;Scontro frontale/laterale DX fra veicoli in marcia;Rettilineo;Una carreggiata a doppio senso;Bagnato (pioggia);Asfaltata;Verticale;Sereno;Scarso;Buona;Inesistente;0;0;0;2;12.6181;41.9315;-1;2;Trattore stradale;In marcia / fermata / arresto;Conducente;M;Illeso;0;;Non accertato;
4102772;20;22/11/2018 09:15:00;Regionale entro l'abitato;VIA CASSIA;in corrispondenza;;del civico n.;1541;;Tamponamento;Rettilineo;Due carreggiate;Asciutto;Asfaltata;Verticale ed orizzontale;Sereno;Normale;Buona;Ore Diurne;1;0;0;2;12.3879;41.9979;-1;1;Autovettura privata;In marcia / fermata / arresto;Conducente;M;Illeso;0;;;
4102772;20;22/11/2018 09:15:00;Regionale entro l'abitato;VIA CASSIA;in corrispondenza;;del civico n.;1541;;Tamponamento;Rettilineo;Due carreggiate;Asciutto;Asfaltata;Verticale ed orizzontale;Sereno;Normale;Buona;Ore Diurne;1;0;0;2;12.3879;41.9979;-1;1;Autovettura privata;In marcia / fermata / arresto;Passeggero;F;Rimandato;0;NON DECEDUTO;;
4102772;20;22/11/2018 09:15:00;Regionale entro l'abitato;VIA CASSIA;in corrispondenza;;del civico n.;1541;;Tamponamento;Rettilineo;Due carreggiate;Asciutto;Asfaltata;Verticale ed orizzontale;Sereno;Normale;Buona;Ore Diurne;1;0;0;2;12.3879;41.9979;-1;2;Autoveicolo trasp.promisc.;In marcia / fermata / arresto;Conducente;M;Illeso;0;;;
4102774;20;22/11/2018 14:45:00;Strada Urbana;VIA CASSIA;in prossimità;;del civico n.;1697;;Veicolo in marcia contro ostacolo accidentale;Rettilineo;Una carreggiata a doppio senso;Asciutto;Asfaltata;Orizzontale;Sereno;Normale;Buona;Ore Diurne;0;0;0;1;12.3798;42.0063;-1;1;Autobus di linea;In marcia / fermata / arresto;Conducente;M;Illeso;0;;;
4102778;13;22/11/2018 17:30:00;Strada Urbana;VIA PIETRO ROSA;in corrispondenza;;del civico n.;16/18;;Veicolo in marcia contro veicolo in sosta;Rettilineo;Una carreggiata a doppio senso;Asciutto;Asfaltata;Orizzontale;Sereno;Normale;Buona;Sufficiente;0;0;0;1;12.2848;41.7299;0;2;Autovettura privata;In marcia / fermata / arresto;Conducente;M;Illeso;0;;Non accertato;Inesploso
4102790;19;22/11/2018 06:40:00;Strada Urbana;VIA APPIANO;all'intersezione con;VIA LATTANZIO;VIA LATTANZIO;;;Tamponamento;Incrocio;Una carreggiata a doppio senso;Bagnato (umidità in atto);Asfaltata;Verticale;Sereno;Normale;Buona;Ore Diurne;0;0;0;5;12.425;41.924;-1;1;Autovettura privata;In marcia / fermata / arresto;Conducente;F;Illeso;0;;;
4102790;19;22/11/2018 06:40:00;Strada Urbana;VIA APPIANO;all'intersezione con;VIA LATTANZIO;VIA LATTANZIO;;;Tamponamento;Incrocio;Una carreggiata a doppio senso;Bagnato (umidità in atto);Asfaltata;Verticale;Sereno;Normale;Buona;Ore Diurne;0;0;0;5;12.425;41.924;-1;2;Autovettura privata;In marcia / fermata / arresto;Conducente;M;Illeso;0;;;
4102790;19;22/11/2018 06:40:00;Strada Urbana;VIA APPIANO;all'intersezione con;VIA LATTANZIO;VIA LATTANZIO;;;Tamponamento;Incrocio;Una carreggiata a doppio senso;Bagnato (umidità in atto);Asfaltata;Verticale;Sereno;Normale;Buona;Ore Diurne;0;0;0;5;12.425;41.924;-1;2;Autovettura privata;In marcia / fermata / arresto;Passeggero;M;Illeso;0;;;
4102790;19;22/11/2018 06:40:00;Strada Urbana;VIA APPIANO;all'intersezione con;VIA LATTANZIO;VIA LATTANZIO;;;Tamponamento;Incrocio;Una carreggiata a doppio senso;Bagnato (umidità in atto);Asfaltata;Verticale;Sereno;Normale;Buona;Ore Diurne;0;0;0;5;12.425;41.924;-1;2;Autovettura privata;In marcia / fermata / arresto;Passeggero;F;Illeso;0;;;
4102790;19;22/11/2018 06:40:00;Strada Urbana;VIA APPIANO;all'intersezione con;VIA LATTANZIO;VIA LATTANZIO;;;Tamponamento;Incrocio;Una carreggiata a doppio senso;Bagnato (umidità in atto);Asfaltata;Verticale;Sereno;Normale;Buona;Ore Diurne;0;0;0;5;12.425;41.924;-1;2;Autovettura privata;In marcia / fermata / arresto;Passeggero;M;Illeso;0;;;
4102801;5;22/11/2018 15:05:00;Strada Urbana;VIA DELLA TENUTA DEL CAVALIERE;da specificare;;;;altezza ponte ferro ANIENE;Scontro laterale fra veicoli in marcia;Rettilineo;Una carreggiata a doppio senso;Asciutto;Asfaltata;Verticale ed orizzontale;Nuvoloso;Normale;Buona;Ore Diurne;0;0;0;3;12.6676;41.9273;-1;1;Autovettura privata;In marcia / fermata / arresto;Conducente;M;Illeso;0;;Non accertato;
4102801;5;22/11/2018 15:05:00;Strada Urbana;VIA DELLA TENUTA DEL CAVALIERE;da specificare;;;;altezza ponte ferro ANIENE;Scontro laterale fra veicoli in marcia;Rettilineo;Una carreggiata a doppio senso;Asciutto;Asfaltata;Verticale ed orizzontale;Nuvoloso;Normale;Buona;Ore Diurne;0;0;0;3;12.6676;41.9273;-1;1;Autovettura privata;In marcia / fermata / arresto;Passeggero;M;Illeso;0;;Non accertato;
4102801;5;22/11/2018 15:05:00;Strada Urbana;VIA DELLA TENUTA DEL CAVALIERE;da specificare;;;;altezza ponte ferro ANIENE;Scontro laterale fra veicoli in marcia;Rettilineo;Una carreggiata a doppio senso;Asciutto;Asfaltata;Verticale ed orizzontale;Nuvoloso;Normale;Buona;Ore Diurne;0;0;0;3;12.6676;41.9273;-1;2;Autovettura privata;In marcia / fermata / arresto;Conducente;F;Illeso;0;;Non accertato;
4102802;4;22/11/2018 14:45:00;Strada Urbana;VIA DELLE VIGNE NUOVE;da specificare;;;;fr via giovanni conti;Scontro laterale fra veicoli in marcia;Rettilineo;Due carreggiate;Asciutto;Asfaltata;Verticale ed orizzontale;Sereno;Normale;Buona;Ore Diurne;1;0;0;1;12.5358;41.9554;-1;1;Autovettura privata;In marcia / fermata / arresto;Conducente;M;Rifiuta cure immediate;0;NON DECEDUTO;Non accertato;Inesploso
4102802;4;22/11/2018 14:45:00;Strada Urbana;VIA DELLE VIGNE NUOVE;da specificare;;;;fr via giovanni conti;Scontro laterale fra veicoli in marcia;Rettilineo;Due carreggiate;Asciutto;Asfaltata;Verticale ed orizzontale;Sereno;Normale;Buona;Ore Diurne;1;0;0;1;12.5358;41.9554;-1;2;Autovettura privata;In marcia / fermata / arresto;Conducente;M;Illeso;0;;Non accertato;Inesploso
4102820;4;22/11/2018 20:00:00;Strada Urbana;VIA MONTE EPOMEO;in corrispondenza;;del civico n.;23;;Investimento di pedone;Rettilineo;Una carreggiata a doppio senso;Bagnato (umidità in atto);Asfaltata;Assente;Sereno;Scarso;Sufficiente;Sufficiente;1;0;0;1;12.5315;41.9507;-1;;;;Pedone;M;Rimandato;0;NON DECEDUTO;;
4102820;4;22/11/2018 20:00:00;Strada Urbana;VIA MONTE EPOMEO;in corrispondenza;;del civico n.;23;;Investimento di pedone;Rettilineo;Una carreggiata a doppio senso;Bagnato (umidità in atto);Asfaltata;Assente;Sereno;Scarso;Sufficiente;Sufficiente;1;0;0;1;12.5315;41.9507;-1;1;Autovettura privata;In marcia / fermata / arresto;Conducente;F;Illeso;0;;Non accertato;
4102823;17;22/11/2018 14:05:00;Strada Urbana;VIA DELLA TRASPONTINA;in corrispondenza;;del civico n.;18;;Tamponamento;Rettilineo;Una carreggiata a senso unico di marcia;Asciutto;In cubetti di porfido;Verticale ed orizzontale;Sereno;Normale;Buona;Ore Diurne;0;0;0;2;12.4632;41.9032;-1;1;Autovettura privata;In marcia / fermata / arresto;Conducente;F;Illeso;0;;;
4102823;17;22/11/2018 14:05:00;Strada Urbana;VIA DELLA TRASPONTINA;in corrispondenza;;del civico n.;18;;Tamponamento;Rettilineo;Una carreggiata a senso unico di marcia;Asciutto;In cubetti di porfido;Verticale ed orizzontale;Sereno;Normale;Buona;Ore Diurne;0;0;0;2;12.4632;41.9032;-1;2;Autovettura privata;In marcia / fermata / arresto;Conducente;M;Illeso;0;;;
4102825;11;23/11/2018 07:20:00;Strada Urbana;CIRCONVALLAZIONE OSTIENSE;da specificare;;;;altezza Via Caffaro;Scontro laterale fra veicoli in marcia;Rettilineo;Due carreggiate;Bagnato (pioggia);Asfaltata;Verticale ed orizzontale;Nuvoloso;Intenso;Buona;Ore Diurne;1;0;0;1;12.4861;41.8672;-1;1;Autovettura privata;In marcia / fermata / arresto;Conducente;M;Illeso;0;;Non accertato;Inesploso
4102825;11;23/11/2018 07:20:00;Strada Urbana;CIRCONVALLAZIONE OSTIENSE;da specificare;;;;altezza Via Caffaro;Scontro laterale fra veicoli in marcia;Rettilineo;Due carreggiate;Bagnato (pioggia);Asfaltata;Verticale ed orizzontale;Nuvoloso;Intenso;Buona;Ore Diurne;1;0;0;1;12.4861;41.8672;-1;2;Motociclo a solo;In marcia / fermata / arresto;Conducente;M;Rimandato;0;NON DECEDUTO;Non accertato;
4102837;4;22/11/2018 07:05:00;Strada Urbana;VIA DELLE VIGNE NUOVE;all'intersezione con;VIA GIOVANNI CONTI;VIA GIOVANNI CONTI;;;Scontro frontale/laterale SX fra veicoli in marcia;Incrocio;Una carreggiata a senso unico di marcia;Bagnato (umidità in atto);Asfaltata;Verticale ed orizzontale;Sereno;Normale;Buona;Ore Diurne;0;0;0;4;12.5358;41.9554;-1;1;Autovettura privata;In marcia / fermata / arresto;Conducente;M;Illeso;0;;Non accertato;Inesploso
4102837;4;22/11/2018 07:05:00;Strada Urbana;VIA DELLE VIGNE NUOVE;all'intersezione con;VIA GIOVANNI CONTI;VIA GIOVANNI CONTI;;;Scontro frontale/laterale SX fra veicoli in marcia;Incrocio;Una carreggiata a senso unico di marcia;Bagnato (umidità in atto);Asfaltata;Verticale ed orizzontale;Sereno;Normale;Buona;Ore Diurne;0;0;0;4;12.5358;41.9554;-1;1;Autovettura privata;In marcia / fermata / arresto;Passeggero;F;Illeso;0;;Non accertato;Inesploso
4102837;4;22/11/2018 07:05:00;Strada Urbana;VIA DELLE VIGNE NUOVE;all'intersezione con;VIA GIOVANNI CONTI;VIA GIOVANNI CONTI;;;Scontro frontale/laterale SX fra veicoli in marcia;Incrocio;Una carreggiata a senso unico di marcia;Bagnato (umidità in atto);Asfaltata;Verticale ed orizzontale;Sereno;Normale;Buona;Ore Diurne;0;0;0;4;12.5358;41.9554;-1;1;Autovettura privata;In marcia / fermata / arresto;Passeggero;M;Illeso;0;;Non accertato;Inesploso
4102837;4;22/11/2018 07:05:00;Strada Urbana;VIA DELLE VIGNE NUOVE;all'intersezione con;VIA GIOVANNI CONTI;VIA GIOVANNI CONTI;;;Scontro frontale/laterale SX fra veicoli in marcia;Incrocio;Una carreggiata a senso unico di marcia;Bagnato (umidità in atto);Asfaltata;Verticale ed orizzontale;Sereno;Normale;Buona;Ore Diurne;0;0;0;4;12.5358;41.9554;-1;2;Motociclo a solo;In marcia / fermata / arresto;Conducente;M;Illeso;0;;Non accertato;
4102840;13;22/11/2018 17:00:00;Strada Urbana;VIA DI PRATO CORNELIO;in prossimità;;del civico n.;98;;Scontro frontale/laterale SX fra veicoli in marcia;Rettilineo;Una carreggiata a senso unico di marcia;Asciutto;Asfaltata;Assente;Sereno;Intenso;Buona;Ore Diurne;0;0;0;3;12.3628;41.774;-1;1;Autovettura privata;In marcia / fermata / arresto;Conducente;F;Illeso;0;;Non accertato;Inesploso
4102840;13;22/11/2018 17:00:00;Strada Urbana;VIA DI PRATO CORNELIO;in prossimità;;del civico n.;98;;Scontro frontale/laterale SX fra veicoli in marcia;Rettilineo;Una carreggiata a senso unico di marcia;Asciutto;Asfaltata;Assente;Sereno;Intenso;Buona;Ore Diurne;0;0;0;3;12.3628;41.774;-1;1;Autovettura privata;In marcia / fermata / arresto;Passeggero;F;Illeso;0;;Non accertato;Inesploso
4102840;13;22/11/2018 17:00:00;Strada Urbana;VIA DI PRATO CORNELIO;in prossimità;;del civico n.;98;;Scontro frontale/laterale SX fra veicoli in marcia;Rettilineo;Una carreggiata a senso unico di marcia;Asciutto;Asfaltata;Assente;Sereno;Intenso;Buona;Ore Diurne;0;0;0;3;12.3628;41.774;-1;2;Autovettura privata;In marcia / fermata / arresto;Conducente;M;Illeso;0;;Non accertato;Inesploso
4102856;10;23/11/2018 08:20:00;Strada Urbana;VIA TUSCOLANA;in prossimità;;del civico n.;983;;Veicolo in marcia contro veicolo fermo;Rettilineo;Una carreggiata a senso unico di marcia;Bagnato (umidità in atto);Asfaltata;Orizzontale;Nuvoloso;Normale;Buona;Ore Diurne;0;0;0;3;12.5661;41.8548;-1;1;Autovettura privata;In marcia / fermata / arresto;Conducente;M;Illeso;0;;Non accertato;Inesploso
4102856;10;23/11/2018 08:20:00;Strada Urbana;VIA TUSCOLANA;in prossimità;;del civico n.;983;;Veicolo in marcia contro veicolo fermo;Rettilineo;Una carreggiata a senso unico di marcia;Bagnato (umidità in atto);Asfaltata;Orizzontale;Nuvoloso;Normale;Buona;Ore Diurne;0;0;0;3;12.5661;41.8548;-1;1;Autovettura privata;In marcia / fermata / arresto;Passeggero;M;Illeso;0;;Non accertato;Inesploso
4102856;10;23/11/2018 08:20:00;Strada Urbana;VIA TUSCOLANA;in prossimità;;del civico n.;983;;Veicolo in marcia contro veicolo fermo;Rettilineo;Una carreggiata a senso unico di marcia;Bagnato (umidità in atto);Asfaltata;Orizzontale;Nuvoloso;Normale;Buona;Ore Diurne;0;0;0;3;12.5661;41.8548;-1;2;Autovettura privata;In marcia / fermata / arresto;Conducente;M;Illeso;0;;Non accertato;Inesploso
4102865;20;23/11/2018 05:30:00;Strada Urbana;VIA DELLA STORTA;in prossimità;;del civico n.;727;;Ribaltamento senza urto contro ostacolo fisso;Rettilineo;Una carreggiata a doppio senso;Bagnato (pioggia);Asfaltata;Verticale ed orizzontale;Pioggia in atto;Scarso;Insufficiente;Inesistente;1;0;0;0;12.37;41.9874;-1;1;Autovettura privata;In marcia / fermata / arresto;Conducente;M;Rimandato;0;NON DECEDUTO;Non accertato;
4102866;16;22/11/2018 10:15:00;Strada Urbana;PIAZZA CARLO ALBERTO SCOTTI;all'intersezione con;VIA EDOARDO JENNER;VIA EDOARDO JENNER;;;Tamponamento;Intersezione stradale segnalata;Una carreggiata a doppio senso;Asciutto;Asfaltata;Verticale ed orizzontale;Sereno;Normale;Buona;Ore Diurne;1;0;0;1;12.4459;41.8697;-1;1;Autovettura privata;In marcia / fermata / arresto;Conducente;F;Rimandato;0;NON DECEDUTO;Non accertato;Inesploso
4102866;16;22/11/2018 10:15:00;Strada Urbana;PIAZZA CARLO ALBERTO SCOTTI;all'intersezione con;VIA EDOARDO JENNER;VIA EDOARDO JENNER;;;Tamponamento;Intersezione stradale segnalata;Una carreggiata a doppio senso;Asciutto;Asfaltata;Verticale ed orizzontale;Sereno;Normale;Buona;Ore Diurne;1;0;0;1;12.4459;41.8697;-1;2;Autovettura privata;In marcia / fermata / arresto;Conducente;F;Illeso;0;;Non accertato;
4102895;19;22/11/2018 14:00:00;Strada Urbana;VIA TRIONFALE;da specificare;;;;prossimità civ. 8000-carreggiata direzione G.R.A.;Scontro laterale fra veicoli in marcia;Curva a visuale libera;Più di due carreggiate;Asciutto;Asfaltata;Verticale ed orizzontale;Sereno;Intenso;Buona;Ore Diurne;0;0;0;2;12.4229;41.9409;-1;1;Autovettura privata;In marcia / fermata / arresto;Conducente;M;Illeso;0;;;
4102895;19;22/11/2018 14:00:00;Strada Urbana;VIA TRIONFALE;da specificare;;;;prossimità civ. 8000-carreggiata direzione G.R.A.;Scontro laterale fra veicoli in marcia;Curva a visuale libera;Più di due carreggiate;Asciutto;Asfaltata;Verticale ed orizzontale;Sereno;Intenso;Buona;Ore Diurne;0;0;0;2;12.4229;41.9409;-1;2;Motociclo a solo;In marcia / fermata / arresto;Conducente;M;Illeso;0;;;
4102932;18;22/11/2018 16:30:00;Strada Urbana;VIA DI ACQUAFREDDA;in prossimità;;del civico n.;70;;Fuoriuscita dalla sede stradale;Rettilineo;Una carreggiata a doppio senso;Asciutto;Asfaltata;Verticale ed orizzontale;Sereno;Normale;Buona;Ore Diurne;0;0;0;1;12.392;41.8897;-1;1;Autocarro inferiore 35 q.;In marcia / fermata / arresto;Conducente;M;Illeso;0;;;
4102959;13;22/11/2018 18:00:00;Strada Urbana;VIA MAURICE RAVEL;all'intersezione con;VIA MANUEL DE FALLA;VIA MANUEL DE FALLA;;;Scontro frontale/laterale DX fra veicoli in marcia;Incrocio;Una carreggiata a doppio senso;Asciutto;Asfaltata;Verticale;Sereno;Normale;Sufficiente;Sufficiente;3;0;0;1;12.371;41.7502;-1;;;;Pedone;M;Rimandato;0;NON DECEDUTO;;
4102959;13;22/11/2018 18:00:00;Strada Urbana;VIA MAURICE RAVEL;all'intersezione con;VIA MANUEL DE FALLA;VIA MANUEL DE FALLA;;;Scontro frontale/laterale DX fra veicoli in marcia;Incrocio;Una carreggiata a doppio senso;Asciutto;Asfaltata;Verticale;Sereno;Normale;Sufficiente;Sufficiente;3;0;0;1;12.371;41.7502;-1;;;;Pedone;F;Rimandato;0;NON DECEDUTO;;
4102959;13;22/11/2018 18:00:00;Strada Urbana;VIA MAURICE RAVEL;all'intersezione con;VIA MANUEL DE FALLA;VIA MANUEL DE FALLA;;;Scontro frontale/laterale DX fra veicoli in marcia;Incrocio;Una carreggiata a doppio senso;Asciutto;Asfaltata;Verticale;Sereno;Normale;Sufficiente;Sufficiente;3;0;0;1;12.371;41.7502;-1;1;Autovettura privata;In marcia / fermata / arresto;Conducente;F;Rimandato;0;NON DECEDUTO;Non accertato;Inesploso
4102959;13;22/11/2018 18:00:00;Strada Urbana;VIA MAURICE RAVEL;all'intersezione con;VIA MANUEL DE FALLA;VIA MANUEL DE FALLA;;;Scontro frontale/laterale DX fra veicoli in marcia;Incrocio;Una carreggiata a doppio senso;Asciutto;Asfaltata;Verticale;Sereno;Normale;Sufficiente;Sufficiente;3;0;0;1;12.371;41.7502;-1;2;Autovettura privata;In marcia / fermata / arresto;Conducente;M;Illeso;0;;Non accertato;Inesploso
4102970;1;22/11/2018 18:00:00;Strada Urbana;VIA CERNAIA;all'intersezione con;VIA GIUSEPPE ROMITA;VIA GIUSEPPE ROMITA;;;Investimento di pedone;Incrocio;Una carreggiata a senso unico di marcia;Asciutto;Asfaltata;Orizzontale;Sereno;Intenso;Buona;Sufficiente;1;0;0;1;12.4986;41.9054;-1;;;;Pedone;F;Rimandato;0;NON DECEDUTO;;
4102970;1;22/11/2018 18:00:00;Strada Urbana;VIA CERNAIA;all'intersezione con;VIA GIUSEPPE ROMITA;VIA GIUSEPPE ROMITA;;;Investimento di pedone;Incrocio;Una carreggiata a senso unico di marcia;Asciutto;Asfaltata;Orizzontale;Sereno;Intenso;Buona;Sufficiente;1;0;0;1;12.4986;41.9054;-1;1;Autocarro inferiore 35 q.;In marcia / fermata / arresto;Conducente;M;Illeso;0;;Non accertato;Inesploso
4102975;2;22/11/2018 15:30:00;Strada Urbana;VIALE REGINA MARGHERITA;da specificare;;;;pross. via Adda dir. piazza Regina Margherita ;Veicolo in marcia contro ostacolo accidentale;Rettilineo;Una carreggiata a doppio senso;Asciutto;Asfaltata;Verticale ed orizzontale;Sereno;Normale;Buona;Ore Diurne;0;0;0;1;12.5017;41.9169;-1;1;Autovettura privata;In marcia / fermata / arresto;Conducente;F;Illeso;0;;;
4102979;18;23/11/2018 08:45:00;Strada Urbana;VIA DEL FORTE BRASCHI;in prossimità;;del civico n.;69/C;;Scontro frontale/laterale DX fra veicoli in marcia;Rettilineo;Una carreggiata a doppio senso;Bagnato (umidità in atto);Asfaltata;Verticale ed orizzontale;Nuvoloso;Normale;Buona;Ore Diurne;0;0;0;2;12.421;41.9144;-1;1;Autovettura pubblica;In marcia / fermata / arresto;Conducente;M;Illeso;0;;Non accertato;Inesploso
4102979;18;23/11/2018 08:45:00;Strada Urbana;VIA DEL FORTE BRASCHI;in prossimità;;del civico n.;69/C;;Scontro frontale/laterale DX fra veicoli in marcia;Rettilineo;Una carreggiata a doppio senso;Bagnato (umidità in atto);Asfaltata;Verticale ed orizzontale;Nuvoloso;Normale;Buona;Ore Diurne;0;0;0;2;12.421;41.9144;-1;2;Autocarro inferiore 35 q.;In marcia / fermata / arresto;Conducente;M;Illeso;0;;Non accertato;Inesploso
4103015;17;22/11/2018 17:20:00;Strada Urbana;VIA CRESCENZIO;all'intersezione con;VIA VARRONE;VIA VARRONE;;;Scontro frontale/laterale SX fra veicoli in marcia;Incrocio;Una carreggiata a doppio senso;Asciutto;In cubetti di porfido;Verticale ed orizzontale;Sereno;Normale;Buona;Sufficiente;1;0;0;3;12.4602;41.9059;-1;1;Autovettura privata;In marcia / fermata / arresto;Conducente;F;Illeso;0;;;
4103015;17;22/11/2018 17:20:00;Strada Urbana;VIA CRESCENZIO;all'intersezione con;VIA VARRONE;VIA VARRONE;;;Scontro frontale/laterale SX fra veicoli in marcia;Incrocio;Una carreggiata a doppio senso;Asciutto;In cubetti di porfido;Verticale ed orizzontale;Sereno;Normale;Buona;Sufficiente;1;0;0;3;12.4602;41.9059;-1;2;Autovettura privata;In marcia / fermata / arresto;Conducente;F;Illeso;0;;;
4103015;17;22/11/2018 17:20:00;Strada Urbana;VIA CRESCENZIO;all'intersezione con;VIA VARRONE;VIA VARRONE;;;Scontro frontale/laterale SX fra veicoli in marcia;Incrocio;Una carreggiata a doppio senso;Asciutto;In cubetti di porfido;Verticale ed orizzontale;Sereno;Normale;Buona;Sufficiente;1;0;0;3;12.4602;41.9059;-1;3;Motociclo con passeggero;In marcia / fermata / arresto;Conducente;F;Rifiuta cure immediate;0;NON DECEDUTO;;
4103015;17;22/11/2018 17:20:00;Strada Urbana;VIA CRESCENZIO;all'intersezione con;VIA VARRONE;VIA VARRONE;;;Scontro frontale/laterale SX fra veicoli in marcia;Incrocio;Una carreggiata a doppio senso;Asciutto;In cubetti di porfido;Verticale ed orizzontale;Sereno;Normale;Buona;Sufficiente;1;0;0;3;12.4602;41.9059;-1;3;Motociclo con passeggero;In marcia / fermata / arresto;Passeggero;F;Illeso;0;;;
4103058;18;22/11/2018 23:40:00;Strada Urbana;VIA DELLA PINETA SACCHETTI;all'intersezione con;VIA EUGENIO IV;VIA EUGENIO IV;;;Scontro laterale fra veicoli in marcia;Incrocio;Una carreggiata a doppio senso;Asciutto;Asfaltata;Verticale ed orizzontale;Sereno;Scarso;Buona;Sufficiente;0;0;0;1;12.425;41.924;-1;1;Autovettura privata;In marcia / fermata / arresto;Conducente;F;Illeso;0;;;
4103112;12;23/11/2018 08:40:00;Provinciale entro l'abitato;VIA LAURENTINA;all'intersezione semaforizzata con;VIA CELINE;VIA CELINE;;;Veicolo in marcia contro veicolo arresto;Intersezione semaforizzata;Più di due carreggiate;Bagnato (umidità in atto);Asfaltata;Verticale ed orizzontale;Nuvoloso;Intenso;Buona;Ore Diurne;0;0;0;3;12.4853;41.8102;-1;1;Motociclo a solo;In marcia / fermata / arresto;Conducente;M;Illeso;0;;Non accertato;
4103112;12;23/11/2018 08:40:00;Provinciale entro l'abitato;VIA LAURENTINA;all'intersezione semaforizzata con;VIA CELINE;VIA CELINE;;;Veicolo in marcia contro veicolo arresto;Intersezione semaforizzata;Più di due carreggiate;Bagnato (umidità in atto);Asfaltata;Verticale ed orizzontale;Nuvoloso;Intenso;Buona;Ore Diurne;0;0;0;3;12.4853;41.8102;-1;2;Autovettura privata;In marcia / fermata / arresto;Conducente;F;Illeso;0;;Non accertato;Inesploso
4103112;12;23/11/2018 08:40:00;Provinciale entro l'abitato;VIA LAURENTINA;all'intersezione semaforizzata con;VIA CELINE;VIA CELINE;;;Veicolo in marcia contro veicolo arresto;Intersezione semaforizzata;Più di due carreggiate;Bagnato (umidità in atto);Asfaltata;Verticale ed orizzontale;Nuvoloso;Intenso;Buona;Ore Diurne;0;0;0;3;12.4853;41.8102;-1;2;Autovettura privata;In marcia / fermata / arresto;Passeggero;F;Illeso;0;;Non accertato;Inesploso
4103149;2;22/11/2018 18:15:00;Strada Urbana;VIA FRANCESCO CARRARA;in prossimità;;del civico n.;3;;Investimento di pedone;Rettilineo;Una carreggiata a senso unico di marcia;Asciutto;Asfaltata;Verticale ed orizzontale;Sereno;Normale;Buona;Sufficiente;1;0;0;2;12.4741;41.9122;-1;;;;Pedone;F;Rimandato;0;NON DECEDUTO;;
4103149;2;22/11/2018 18:15:00;Strada Urbana;VIA FRANCESCO CARRARA;in prossimità;;del civico n.;3;;Investimento di pedone;Rettilineo;Una carreggiata a senso unico di marcia;Asciutto;Asfaltata;Verticale ed orizzontale;Sereno;Normale;Buona;Sufficiente;1;0;0;2;12.4741;41.9122;-1;1;Autovettura privata;In marcia / fermata / arresto;Conducente;F;Illeso;0;;;