Protocollo;Gruppo;DataOraIncidente;Localizzazione1;STRADA1;Localizzazione2;STRADA2;Strada02;Chilometrica;DaSpecificare;NaturaIncidente;particolaritastrade;TipoStrada;FondoStradale;Pavimentazione;Segnaletica;CondizioneAtmosferica;Traffico;Visibilita;Illuminazione;NUM_FERITI;NUM_RISERVATA;NUM_MORTI;NUM_ILLESI;Longitudine;Latitudine;Confermato;Progressivo;TipoVeicolo;StatoVeicolo;TipoPersona;Sesso;Tipolesione;Deceduto;DecedutoDopo;CinturaCascoUtilizzato;Airbag;
4103149;2;22/11/2018 18:15:00;Strada Urbana;VIA FRANCESCO CARRARA;in prossimità;;del civico n.;3;;Investimento di pedone;Rettilineo;Una carreggiata a senso unico di marcia;Asciutto;Asfaltata;Verticale ed orizzontale;Sereno;Normale;Buona;Sufficiente;1;0;0;2;12.4741;41.9122;-1;1;Autovettura privata;In marcia / fermata / arresto;Passeggero;F;Illeso;0;;;
4103164;2;22/11/2018 22:20:00;Strada Urbana;VIALE SOMALIA;all'intersezione con;VIA GIOVANNI ANIMUCCIA;VIA GIOVANNI ANIMUCCIA;;;Scontro frontale/laterale DX fra veicoli in marcia;Incrocio;Una carreggiata a doppio senso;Asciutto;Asfaltata;Verticale ed orizzontale;Sereno;Normale;Sufficiente;Sufficiente;4;0;0;0;12.5172;41.9356;-1;1;Motociclo a solo;In marcia / fermata / arresto;Conducente;M;Rimandato;0;NON DECEDUTO;Non accertato;
4103164;2;22/11/2018 22:20:00;Strada Urbana;VIALE SOMALIA;all'intersezione con;VIA GIOVANNI ANIMUCCIA;VIA GIOVANNI ANIMUCCIA;;;Scontro frontale/laterale DX fra veicoli in marcia;Incrocio;Una carreggiata a doppio senso;Asciutto;Asfaltata;Verticale ed orizzontale;Sereno;Normale;Sufficiente;Sufficiente;4;0;0;0;12.5172;41.9356;-1;1;Motociclo a solo;In marcia / fermata / arresto;Passeggero;M;Rimandato;0;NON DECEDUTO;;
4103164;2;22/11/2018 22:20:00;Strada Urbana;VIALE SOMALIA;all'intersezione con;VIA GIOVANNI ANIMUCCIA;VIA GIOVANNI ANIMUCCIA;;;Scontro frontale/laterale DX fra veicoli in marcia;Incrocio;Una carreggiata a doppio senso;Asciutto;Asfaltata;Verticale ed orizzontale;Sereno;Normale;Sufficiente;Sufficiente;4;0;0;0;12.5172;41.9356;-1;2;Autovettura privata;In marcia / fermata / arresto;Conducente;M;Rifiuta cure immediate;0;NON DECEDUTO;;
4103164;2;22/11/2018 22:20:00;Strada Urbana;VIALE SOMALIA;all'intersezione con;VIA GIOVANNI ANIMUCCIA;VIA GIOVANNI ANIMUCCIA;;;Scontro frontale/laterale DX fra veicoli in marcia;Incrocio;Una carreggiata a doppio senso;Asciutto;Asfaltata;Verticale ed orizzontale;Sereno;Normale;Sufficiente;Sufficiente;4;0;0;0;12.5172;41.9356;-1;2;Autovettura privata;In marcia / fermata / arresto;Passeggero;F;Rifiuta cure immediate;0;NON DECEDUTO;;
4103169;18;23/11/2018 09:30:00;Strada Urbana;VIA DI TORREVECCHIA;all'intersezione con;VIA CAMPOMORONE;VIA CAMPOMORONE;;;Scontro frontale/laterale SX fra veicoli in marcia;Intersezione stradale segnalata;Due carreggiate;Asciutto;Asfaltata;Verticale ed orizzontale;Nuvoloso;Normale;Buona;Ore Diurne;0;0;0;2;12.4123;41.9234;-1;1;Autocarro inferiore 35 q.;In marcia / fermata / arresto;Conducente;M;Illeso;0;;Non accertato;Inesploso
4103169;18;23/11/2018 09:30:00;Strada Urbana;VIA DI TORREVECCHIA;all'intersezione con;VIA CAMPOMORONE;VIA CAMPOMORONE;;;Scontro frontale/laterale SX fra veicoli in marcia;Intersezione stradale segnalata;Due carreggiate;Asciutto;Asfaltata;Verticale ed orizzontale;Nuvoloso;Normale;Buona;Ore Diurne;0;0;0;2;12.4123;41.9234;-1;2;Motociclo a solo;In marcia / fermata / arresto;Conducente;M;Illeso;0;;Non accertato;
4103175;2;22/11/2018 23:05:00;Strada Urbana;PIAZZA BUENOS AIRES;da specificare;;;;fronte chiesa;Tamponamento;Rettilineo;Una carreggiata a doppio senso;Bagnato (umidità in atto);Asfaltata;Verticale ed orizzontale;Sereno;Scarso;Sufficiente;Sufficiente;1;0;0;2;12.5003;41.9182;-1;1;Autovettura privata;In marcia / fermata / arresto;Conducente;F;Illeso;0;;;
4103175;2;22/11/2018 23:05:00;Strada Urbana;PIAZZA BUENOS AIRES;da specificare;;;;fronte chiesa;Tamponamento;Rettilineo;Una carreggiata a doppio senso;Bagnato (umidità in atto);Asfaltata;Verticale ed orizzontale;Sereno;Scarso;Sufficiente;Sufficiente;1;0;0;2;12.5003;41.9182;-1;1;Autovettura privata;In marcia / fermata / arresto;Passeggero;F;Illeso;0;;;
4103175;2;22/11/2018 23:05:00;Strada Urbana;PIAZZA BUENOS AIRES;da specificare;;;;fronte chiesa;Tamponamento;Rettilineo;Una carreggiata a doppio senso;Bagnato (umidità in atto);Asfaltata;Verticale ed orizzontale;Sereno;Scarso;Sufficiente;Sufficiente;1;0;0;2;12.5003;41.9182;-1;2;Motociclo con passeggero;In marcia / fermata / arresto;Conducente;M;Rimandato;0;NON DECEDUTO;;
4103188;10;23/11/2018 11:10:00;Strada Urbana;VIA TUSCOLANA;in corrispondenza;;del civico n.;797;;Tamponamento;Rettilineo;Una carreggiata a senso unico di marcia;Asciutto;Asfaltata;Assente;Nuvoloso;Intenso;Buona;Ore Diurne;0;0;0;6;12.5578;41.8595;-1;1;Autovettura privata;In marcia / fermata / arresto;Conducente;M;Illeso;0;;Non accertato;Inesploso
4103188;10;23/11/2018 11:10:00;Strada Urbana;VIA TUSCOLANA;in corrispondenza;;del civico n.;797;;Tamponamento;Rettilineo;Una carreggiata a senso unico di marcia;Asciutto;Asfaltata;Assente;Nuvoloso;Intenso;Buona;Ore Diurne;0;0;0;6;12.5578;41.8595;-1;1;Autovettura privata;In marcia / fermata / arresto;Passeggero;M;Illeso;0;;Non accertato;Inesploso
4103188;10;23/11/2018 11:10:00;Strada Urbana;VIA TUSCOLANA;in corrispondenza;;del civico n.;797;;Tamponamento;Rettilineo;Una carreggiata a senso unico di marcia;Asciutto;Asfaltata;Assente;Nuvoloso;Intenso;Buona;Ore Diurne;0;0;0;6;12.5578;41.8595;-1;1;Autovettura privata;In marcia / fermata / arresto;Passeggero;M;Illeso;0;;Non accertato;Inesploso
4103188;10;23/11/2018 11:10:00;Strada Urbana;VIA TUSCOLANA;in corrispondenza;;del civico n.;797;;Tamponamento;Rettilineo;Una carreggiata a senso unico di marcia;Asciutto;Asfaltata;Assente;Nuvoloso;Intenso;Buona;Ore Diurne;0;0;0;6;12.5578;41.8595;-1;1;Autovettura privata;In marcia / fermata / arresto;Passeggero;F;Illeso;0;;Non accertato;Inesploso
4103188;10;23/11/2018 11:10:00;Strada Urbana;VIA TUSCOLANA;in corrispondenza;;del civico n.;797;;Tamponamento;Rettilineo;Una carreggiata a senso unico di marcia;Asciutto;Asfaltata;Assente;Nuvoloso;Intenso;Buona;Ore Diurne;0;0;0;6;12.5578;41.8595;-1;2;Autovettura privata;In marcia / fermata / arresto;Conducente;F;Illeso;0;;Non accertato;Inesploso
4103188;10;23/11/2018 11:10:00;Strada Urbana;VIA TUSCOLANA;in corrispondenza;;del civico n.;797;;Tamponamento;Rettilineo;Una carreggiata a senso unico di marcia;Asciutto;Asfaltata;Assente;Nuvoloso;Intenso;Buona;Ore Diurne;0;0;0;6;12.5578;41.8595;-1;2;Autovettura privata;In marcia / fermata / arresto;Passeggero;F;Illeso;0;;Non accertato;Inesploso
4103189;2;23/11/2018 05:50:00;Strada Urbana;VIA DEL FORO ITALICO;da specificare;;;;altezza CORSO FRANCIA - dir. S Giovanni;Scontro laterale fra veicoli in marcia;Rettilineo;Due carreggiate;Bagnato (pioggia);Asfaltata;Verticale ed orizzontale;Pioggia in atto;Normale;Sufficiente;Sufficiente;0;0;0;2;12.4697;41.9408;-1;1;Autovettura privata;In marcia / fermata / arresto;Conducente;M;Illeso;0;;Non accertato;Inesploso
4103189;2;23/11/2018 05:50:00;Strada Urbana;VIA DEL FORO ITALICO;da specificare;;;;altezza CORSO FRANCIA - dir. S Giovanni;Scontro laterale fra veicoli in marcia;Rettilineo;Due carreggiate;Bagnato (pioggia);Asfaltata;Verticale ed orizzontale;Pioggia in atto;Normale;Sufficiente;Sufficiente;0;0;0;2;12.4697;41.9408;-1;2;Autovettura pubblica;In marcia / fermata / arresto;Conducente;M;Illeso;0;;Non accertato;Inesploso
4103190;2;22/11/2018 17:30:00;Strada Urbana;LUNGOTEVERE FLAMINIO;all'intersezione con;PONTE DUCA D'AOSTA;PONTE DUCA D'AOSTA;;;Scontro laterale fra veicoli in marcia;Incrocio;Una carreggiata a doppio senso;Asciutto;Asfaltata;Verticale ed orizzontale;Sereno;Normale;Sufficiente;Sufficiente;0;0;0;2;12.4622;41.9306;-1;1;Autovettura privata;In marcia / fermata / arresto;Conducente;F;Illeso;0;;;
4103190;2;22/11/2018 17:30:00;Strada Urbana;LUNGOTEVERE FLAMINIO;all'intersezione con;PONTE DUCA D'AOSTA;PONTE DUCA D'AOSTA;;;Scontro laterale fra veicoli in marcia;Incrocio;Una carreggiata a doppio senso;Asciutto;Asfaltata;Verticale ed orizzontale;Sereno;Normale;Sufficiente;Sufficiente;0;0;0;2;12.4622;41.9306;-1;2;Autovettura privata;In marcia / fermata / arresto;Conducente;M;Illeso;0;;;
4103260;2;22/11/2018 08:20:00;Strada Urbana;VIA SEBENICO;all'intersezione con;VIA MALTA;VIA MALTA;;;Veicolo in marcia contro veicolo arresto;Incrocio;Una carreggiata a senso unico di marcia;Bagnato (umidità in atto);Asfaltata;Verticale;Sereno;Normale;Buona;Ore Diurne;0;0;0;2;12.5068;41.918;-1;1;Autovettura privata;In marcia / fermata / arresto;Conducente;M;Illeso;0;;;
4103260;2;22/11/2018 08:20:00;Strada Urbana;VIA SEBENICO;all'intersezione con;VIA MALTA;VIA MALTA;;;Veicolo in marcia contro veicolo arresto;Incrocio;Una carreggiata a senso unico di marcia;Bagnato (umidità in atto);Asfaltata;Verticale;Sereno;Normale;Buona;Ore Diurne;0;0;0;2;12.5068;41.918;-1;2;Autovettura privata;In marcia / fermata / arresto;Conducente;M;Illeso;0;;;Inesploso
4103342;9;23/11/2018 11:15:00;Strada Urbana;VIA TOMMASO FORTIFIOCCA;da specificare;;;;FRONTE CIVICO 74;Tamponamento;Rettilineo;Una carreggiata a doppio senso;Asciutto;Asfaltata;Verticale ed orizzontale;Nuvoloso;Normale;Buona;Ore Diurne;0;0;0;2;12.5224;41.871;-1;1;Autovettura privata;In marcia / fermata / arresto;Conducente;F;Illeso;0;;Non accertato;Inesploso
4103342;9;23/11/2018 11:15:00;Strada Urbana;VIA TOMMASO FORTIFIOCCA;da specificare;;;;FRONTE CIVICO 74;Tamponamento;Rettilineo;Una carreggiata a doppio senso;Asciutto;Asfaltata;Verticale ed orizzontale;Nuvoloso;Normale;Buona;Ore Diurne;0;0;0;2;12.5224;41.871;-1;2;Autovettura privata;In marcia / fermata / arresto;Conducente;F;Illeso;0;;Non accertato;Inesploso
4103353;3;22/11/2018 15:50:00;Strada Urbana;PIAZZALE DEL VERANO;da specificare;;;;prossimità Piazzale di San Lorenzo;Scontro laterale fra veicoli in marcia;Rettilineo;Una carreggiata a senso unico di marcia;Asciutto;Asfaltata;Verticale ed orizzontale;Sereno;Normale;Buona;Ore Diurne;0;0;0;2;12.5197;41.9027;0;1;Autovettura privata;In marcia / fermata / arresto;Conducente;F;Illeso;0;;Non accertato;
4103353;3;22/11/2018 15:50:00;Strada Urbana;PIAZZALE DEL VERANO;da specificare;;;;prossimità Piazzale di San Lorenzo;Scontro laterale fra veicoli in marcia;Rettilineo;Una carreggiata a senso unico di marcia;Asciutto;Asfaltata;Verticale ed orizzontale;Sereno;Normale;Buona;Ore Diurne;0;0;0;2;12.5197;41.9027;0;2;Autocarro inferiore 35 q.;In marcia / fermata / arresto;Conducente;M;Illeso;0;;Non accertato;
4103397;1;23/11/2018 08:20:00;Strada Urbana;VIA GARIBALDI;in corrispondenza;;del civico n.;3;;Veicolo in marcia contro ostacolo fisso;Rettilineo;Una carreggiata a doppio senso;Viscido da liquidi oleosi;In cubetti di porfido;Verticale ed orizzontale;Nuvoloso;Normale;Buona;Ore Diurne;1;0;0;0;12.4674;41.8917;-1;1;Motociclo a solo;In marcia / fermata / arresto;Conducente;F;Rifiuta cure immediate;0;NON DECEDUTO;Non accertato;
4103398;2;22/11/2018 09:15:00;Strada Urbana;CIRCONVALLAZIONE SALARIA;da specificare;;;;DIR. TOR DI QUINTO;Tamponamento Multiplo;Rettilineo;Una carreggiata a senso unico di marcia;Asciutto;Asfaltata;Orizzontale;Sereno;Intenso;Buona;Ore Diurne;1;0;0;2;12.5207;41.9347;-1;1;Autovettura privata;In marcia / fermata / arresto;Conducente;M;Illeso;0;;;
4103398;2;22/11/2018 09:15:00;Strada Urbana;CIRCONVALLAZIONE SALARIA;da specificare;;;;DIR. TOR DI QUINTO;Tamponamento Multiplo;Rettilineo;Una carreggiata a senso unico di marcia;Asciutto;Asfaltata;Orizzontale;Sereno;Intenso;Buona;Ore Diurne;1;0;0;2;12.5207;41.9347;-1;2;Autovettura privata;In marcia / fermata / arresto;Conducente;M;Rimandato;0;NON DECEDUTO;;
4103398;2;22/11/2018 09:15:00;Strada Urbana;CIRCONVALLAZIONE SALARIA;da specificare;;;;DIR. TOR DI QUINTO;Tamponamento Multiplo;Rettilineo;Una carreggiata a senso unico di marcia;Asciutto;Asfaltata;Orizzontale;Sereno;Intenso;Buona;Ore Diurne;1;0;0;2;12.5207;41.9347;-1;3;Autovettura privata;In marcia / fermata / arresto;Conducente;M;Illeso;0;;;
4103400;3;22/11/2018 14:00:00;Strada Urbana;LARGO RODOLFO LANCIANI;da specificare;;;;pross.tà Via R. Lanciani;Scontro laterale fra veicoli in marcia;Rettilineo;Più di due carreggiate;Asciutto;Asfaltata;Verticale ed orizzontale;Sereno;Normale;Buona;Ore Diurne;0;0;0;2;12.5258;41.9213;-1;1;Autocarro inferiore 35 q.;In marcia / fermata / arresto;Conducente;M;Illeso;0;;Non accertato;Inesploso
4103400;3;22/11/2018 14:00:00;Strada Urbana;LARGO RODOLFO LANCIANI;da specificare;;;;pross.tà Via R. Lanciani;Scontro laterale fra veicoli in marcia;Rettilineo;Più di due carreggiate;Asciutto;Asfaltata;Verticale ed orizzontale;Sereno;Normale;Buona;Ore Diurne;0;0;0;2;12.5258;41.9213;-1;2;Autovettura privata;In marcia / fermata / arresto;Conducente;M;Illeso;0;;Non accertato;Inesploso
4103410;20;23/11/2018 13:00:00;Regionale entro l'abitato;VIA CASSIA;in corrispondenza;;del civico n.;26;;Scontro laterale fra veicoli in marcia;Rettilineo;Una carreggiata a senso unico di marcia;Asciutto;Asfaltata;Verticale ed orizzontale;Nuvoloso;Normale;Buona;Ore Diurne;1;0;0;1;12.4662;41.9396;-1;1;Autovettura privata;In marcia / fermata / arresto;Conducente;M;Illeso;0;;Non accertato;Inesploso
4103410;20;23/11/2018 13:00:00;Regionale entro l'abitato;VIA CASSIA;in corrispondenza;;del civico n.;26;;Scontro laterale fra veicoli in marcia;Rettilineo;Una carreggiata a senso unico di marcia;Asciutto;Asfaltata;Verticale ed orizzontale;Nuvoloso;Normale;Buona;Ore Diurne;1;0;0;1;12.4662;41.9396;-1;2;Motociclo a solo;In marcia / fermata / arresto;Conducente;M;Rimandato;0;NON DECEDUTO;Non accertato;
4103411;1;23/11/2018 11:15:00;Strada Urbana;PASSEGGIATA DEL GIANICOLO;da specificare;;;;in prossimità dell' albero n. 230;Veicolo in marcia contro ostacolo accidentale;Rettilineo;Una carreggiata a doppio senso;Asciutto;Asfaltata;Assente;Nuvoloso;Normale;Buona;Ore Diurne;0;0;0;1;12.4603;41.8928;-1;1;Motociclo a solo;In marcia / fermata / arresto;Conducente;M;Illeso;0;;Non accertato;
4103437;12;22/11/2018 09:05:00;Strada Urbana;VIA CRISTOFORO COLOMBO;da specificare;;;;civ. 552 dir GRA;Veicolo in marcia contro ostacolo fisso;Rettilineo;Più di due carreggiate;Asciutto;Asfaltata;Verticale ed orizzontale;Sereno;Normale;Buona;Ore Diurne;1;0;0;1;12.4121;41.786;-1;1;Autovettura privata;In marcia / fermata / arresto;Conducente;M;Illeso;0;;Utilizzato;Inesploso
4103437;12;22/11/2018 09:05:00;Strada Urbana;VIA CRISTOFORO COLOMBO;da specificare;;;;civ. 552 dir GRA;Veicolo in marcia contro ostacolo fisso;Rettilineo;Più di due carreggiate;Asciutto;Asfaltata;Verticale ed orizzontale;Sereno;Normale;Buona;Ore Diurne;1;0;0;1;12.4121;41.786;-1;2;Motociclo a solo;In marcia / fermata / arresto;Conducente;M;Rimandato;0;NON DECEDUTO;Utilizzato;
4103497;18;23/11/2018 14:25:00;Strada Urbana;VIA NAZARETH;da specificare;;;;in prossimità di Via Boccea;Veicolo in marcia contro ostacolo accidentale;Curva senza visuale libera;Una carreggiata a doppio senso;Asciutto;Asfaltata;Verticale ed orizzontale;Nuvoloso;Normale;Buona;Ore Diurne;0;0;0;1;12.407;41.9076;-1;1;Autovettura privata;In marcia / fermata / arresto;Conducente;F;Illeso;0;;Non accertato;Inesploso
4103529;20;23/11/2018 12:45:00;Strada Urbana;CORSO DI FRANCIA;in corrispondenza;;del civico n.;124;;Scontro laterale fra veicoli in marcia;Rettilineo;Due carreggiate;Asciutto;Asfaltata;Verticale ed orizzontale;Nuvoloso;Normale;Buona;Ore Diurne;0;0;0;2;12.4713;41.942;-1;1;Autocarro superiore 35 q.;In marcia / fermata / arresto;Conducente;M;Illeso;0;;Non accertato;Inesistente
4103529;20;23/11/2018 12:45:00;Strada Urbana;CORSO DI FRANCIA;in corrispondenza;;del civico n.;124;;Scontro laterale fra veicoli in marcia;Rettilineo;Due carreggiate;Asciutto;Asfaltata;Verticale ed orizzontale;Nuvoloso;Normale;Buona;Ore Diurne;0;0;0;2;12.4713;41.942;-1;2;Autovettura privata;In marcia / fermata / arresto;Conducente;M;Illeso;0;;Non accertato;Inesploso
4103560;15;23/11/2018 15:00:00;Strada Urbana;VIALE DI PESCINA GAGLIARDA;all'intersezione con;VIA FENESTRELLE;VIA FENESTRELLE;;;Scontro laterale fra veicoli in marcia;Incrocio;Una carreggiata a doppio senso;Asciutto;Asfaltata;Assente;Nuvoloso;Scarso;Buona;Ore Diurne;0;0;0;2;12.3042;41.825;-1;1;Autovettura privata;In marcia / fermata / arresto;Conducente;M;Illeso;0;;Non accertato;Inesploso
4103560;15;23/11/2018 15:00:00;Strada Urbana;VIALE DI PESCINA GAGLIARDA;all'intersezione con;VIA FENESTRELLE;VIA FENESTRELLE;;;Scontro laterale fra veicoli in marcia;Incrocio;Una carreggiata a doppio senso;Asciutto;Asfaltata;Assente;Nuvoloso;Scarso;Buona;Ore Diurne;0;0;0;2;12.3042;41.825;-1;2;Autovettura privata;In marcia / fermata / arresto;Conducente;M;Illeso;0;;;
4103620;18;23/11/2018 11:00:00;Strada Urbana;VIA DEI MONTI DI CRETA;in prossimità;;del civico n.;55;;Veicolo in marcia contro veicoli in sosta;Rettilineo;Una carreggiata a senso unico di marcia;Bagnato (umidità in atto);Asfaltata;Verticale ed orizzontale;Nuvoloso;Normale;Buona;Ore Diurne;1;0;0;0;12.4288;41.9017;-1;1;Autovettura privata;In marcia / fermata / arresto;Conducente;M;Ricoverato;0;NON DECEDUTO;Non accertato;Inesploso
4103711;13;23/11/2018 16:00:00;Strada Urbana;VIA DI DRAGONE;all'intersezione con;VIA NICOLO' BALANZANO;VIA NICOLO' BALANZANO;;;Scontro frontale/laterale DX fra veicoli in marcia;Incrocio;Una carreggiata a doppio senso;Asciutto;Asfaltata;Verticale;Nuvoloso;Normale;Buona;Ore Diurne;0;0;0;3;12.3326;41.7834;-1;1;Autovettura privata;In marcia / fermata / arresto;Conducente;F;Illeso;0;;Non accertato;Inesploso
4103711;13;23/11/2018 16:00:00;Strada Urbana;VIA DI DRAGONE;all'intersezione con;VIA NICOLO' BALANZANO;VIA NICOLO' BALANZANO;;;Scontro frontale/laterale DX fra veicoli in marcia;Incrocio;Una carreggiata a doppio senso;Asciutto;Asfaltata;Verticale;Nuvoloso;Normale;Buona;Ore Diurne;0;0;0;3;12.3326;41.7834;-1;1;Autovettura privata;In marcia / fermata / arresto;Passeggero;M;Illeso;0;;Non accertato;Inesploso
4103711;13;23/11/2018 16:00:00;Strada Urbana;VIA DI DRAGONE;all'intersezione con;VIA NICOLO' BALANZANO;VIA NICOLO' BALANZANO;;;Scontro frontale/laterale DX fra veicoli in marcia;Incrocio;Una carreggiata a doppio senso;Asciutto;Asfaltata;Verticale;Nuvoloso;Normale;Buona;Ore Diurne;0;0;0;3;12.3326;41.7834;-1;2;Autovettura privata;In marcia / fermata / arresto;Conducente;F;Illeso;0;;Non accertato;Inesploso
4103811;18;23/11/2018 17:30:00;Strada Urbana;VIA DI BOCCEA;all'intersezione con;VIA VEROLENGO;VIA VEROLENGO;;;Veicolo in marcia contro veicoli in sosta;Intersezione stradale segnalata;Due carreggiate;Asciutto;Asfaltata;Verticale;Sereno;Normale;Sufficiente;Sufficiente;1;0;0;0;12.3847;41.9149;-1;1;Motociclo a solo;In marcia / fermata / arresto;Conducente;M;Rimandato;0;NON DECEDUTO;Non accertato;
4103827;9;23/11/2018 08:35:00;Strada Urbana;VIA GABI;in corrispondenza;;del civico n.;33;;Infortunio per caduta del veicolo;Rettilineo;Una carreggiata a senso unico di marcia;Asciutto;Asfaltata;Assente;Sereno;Normale;Buona;Ore Diurne;1;0;0;3;12.5096;41.8813;-1;1;Autovettura privata;In marcia / fermata / arresto;Conducente;M;Illeso;0;;Non accertato;Inesploso
4103827;9;23/11/2018 08:35:00;Strada Urbana;VIA GABI;in corrispondenza;;del civico n.;33;;Infortunio per caduta del veicolo;Rettilineo;Una carreggiata a senso unico di marcia;Asciutto;Asfaltata;Assente;Sereno;Normale;Buona;Ore Diurne;1;0;0;3;12.5096;41.8813;-1;1;Autovettura privata;In marcia / fermata / arresto;Passeggero;M;Illeso;0;;Non accertato;Inesploso
4103827;9;23/11/2018 08:35:00;Strada Urbana;VIA GABI;in corrispondenza;;del civico n.;33;;Infortunio per caduta del veicolo;Rettilineo;Una carreggiata a senso unico di marcia;Asciutto;Asfaltata;Assente;Sereno;Normale;Buona;Ore Diurne;1;0;0;3;12.5096;41.8813;-1;1;Autovettura privata;In marcia / fermata / arresto;Passeggero;M;Illeso;0;;Non accertato;Inesploso
4103827;9;23/11/2018 08:35:00;Strada Urbana;VIA GABI;in corrispondenza;;del civico n.;33;;Infortunio per caduta del veicolo;Rettilineo;Una carreggiata a senso unico di marcia;Asciutto;Asfaltata;Assente;Sereno;Normale;Buona;Ore Diurne;1;0;0;3;12.5096;41.8813;-1;2;Motociclo a solo;In marcia / fermata / arresto;Conducente;M;Rimandato;0;NON DECEDUTO;Non accertato;
4103836;10;23/11/2018 18:45:00;Strada Urbana;VIA TUSCOLANA;in corrispondenza;;del civico n.;1788;;Scontro laterale fra veicoli in marcia;Rettilineo;Più di due carreggiate;Asciutto;Asfaltata;Verticale;Nuvoloso;Normale;Sufficiente;Sufficiente;0;0;0;2;12.5841;41.8427;-1;1;Autovettura privata;In marcia / fermata / arresto;Conducente;M;Illeso;0;;Non accertato;Inesploso
4103836;10;23/11/2018 18:45:00;Strada Urbana;VIA TUSCOLANA;in corrispondenza;;del civico n.;1788;;Scontro laterale fra veicoli in marcia;Rettilineo;Più di due carreggiate;Asciutto;Asfaltata;Verticale;Nuvoloso;Normale;Sufficiente;Sufficiente;0;0;0;2;12.5841;41.8427;-1;2;Autovettura privata;In marcia / fermata / arresto;Conducente;M;Illeso;0;;Non accertato;Inesploso
4103851;3;19/11/2018 18:35:00;Strada Urbana;VIA DEGLI AURUNCI;in prossimità;;del civico n.;25;;Investimento di pedone;Rettilineo;Una carreggiata a senso unico di marcia;Asciutto;Asfaltata;Verticale ed orizzontale;Nuvoloso;Scarso;Sufficiente;Sufficiente;1;0;0;0;12.5142;41.8961;0;;;;Pedone;F;Rimandato;0;NON DECEDUTO;;
4103877;12;19/11/2018 21:55:00;Strada Urbana;VIA ETTORE ROLLI;all'intersezione semaforizzata con;VIA DEGLI STRADIVARI;VIA DEGLI STRADIVARI;;;Scontro frontale/laterale SX fra veicoli in marcia;Intersezione semaforizzata;Una carreggiata a doppio senso;Bagnato (pioggia);Asfaltata;Verticale ed orizzontale;Nuvoloso;Normale;Buona;Sufficiente;2;0;0;2;12.4676;41.8743;-1;1;Autovettura privata;In marcia / fermata / arresto;Conducente;M;Illeso;0;;Utilizzato;Inesploso
4103877;12;19/11/2018 21:55:00;Strada Urbana;VIA ETTORE ROLLI;all'intersezione semaforizzata con;VIA DEGLI STRADIVARI;VIA DEGLI STRADIVARI;;;Scontro frontale/laterale SX fra veicoli in marcia;Intersezione semaforizzata;Una carreggiata a doppio senso;Bagnato (pioggia);Asfaltata;Verticale ed orizzontale;Nuvoloso;Normale;Buona;Sufficiente;2;0;0;2;12.4676;41.8743;-1;1;Autovettura privata;In marcia / fermata / arresto;Passeggero;M;Rimandato;0;NON DECEDUTO;Utilizzato;Inesploso
4103877;12;19/11/2018 21:55:00;Strada Urbana;VIA ETTORE ROLLI;all'intersezione semaforizzata con;VIA DEGLI STRADIVARI;VIA DEGLI STRADIVARI;;;Scontro frontale/laterale SX fra veicoli in marcia;Intersezione semaforizzata;Una carreggiata a doppio senso;Bagnato (pioggia);Asfaltata;Verticale ed orizzontale;Nuvoloso;Normale;Buona;Sufficiente;2;0;0;2;12.4676;41.8743;-1;2;Autovettura privata;In marcia / fermata / arresto;Conducente;M;Illeso;0;;Utilizzato;Inesploso
4103877;12;19/11/2018 21:55:00;Strada Urbana;VIA ETTORE ROLLI;all'intersezione semaforizzata con;VIA DEGLI STRADIVARI;VIA DEGLI STRADIVARI;;;Scontro frontale/laterale SX fra veicoli in marcia;Intersezione semaforizzata;Una carreggiata a doppio senso;Bagnato (pioggia);Asfaltata;Verticale ed orizzontale;Nuvoloso;Normale;Buona;Sufficiente;2;0;0;2;12.4676;41.8743;-1;2;Autovettura privata;In marcia / fermata / arresto;Passeggero;F;Rimandato;0;NON DECEDUTO;Utilizzato;Inesploso
4104231;11;23/11/2018 14:00:00;Strada Urbana;VIALE GUGLIELMO MARCONI;all'intersezione semaforizzata con;PIAZZALE TOMMASO EDISON;PIAZZALE TOMMASO EDISON;;;Scontro frontale/laterale DX fra veicoli in marcia;Intersezione semaforizzata;Due carreggiate;Asciutto;Asfaltata;Verticale ed orizzontale;Nuvoloso;Normale;Buona;Ore Diurne;0;0;0;2;12.4709;41.8589;-1;1;Autovettura di polizia;In marcia / fermata / arresto;Conducente;M;Illeso;0;;Non accertato;
4104231;11;23/11/2018 14:00:00;Strada Urbana;VIALE GUGLIELMO MARCONI;all'intersezione semaforizzata con;PIAZZALE TOMMASO EDISON;PIAZZALE TOMMASO EDISON;;;Scontro frontale/laterale DX fra veicoli in marcia;Intersezione semaforizzata;Due carreggiate;Asciutto;Asfaltata;Verticale ed orizzontale;Nuvoloso;Normale;Buona;Ore Diurne;0;0;0;2;12.4709;41.8589;-1;2;Motociclo a solo;In marcia / fermata / arresto;Conducente;M;Illeso;0;;Non accertato;
4104239;11;23/11/2018 17:00:00;Strada Urbana;VIALE GIUSTINIANO IMPERATORE;in corrispondenza;;del civico n.;258;;Veicolo in marcia contro veicolo in sosta;Rettilineo;Una carreggiata a senso unico di marcia;Asciutto;Asfaltata;Verticale ed orizzontale;Nuvoloso;Normale;Sufficiente;Ore Diurne;0;0;0;2;12.4871;41.8551;-1;1;Autovettura privata;Sosta;Passeggero;F;Illeso;0;;Non accertato;