Protocollo;Gruppo;DataOraIncidente;Localizzazione1;STRADA1;Localizzazione2;STRADA2;Strada02;Chilometrica;DaSpecificare;NaturaIncidente;particolaritastrade;TipoStrada;FondoStradale;Pavimentazione;Segnaletica;CondizioneAtmosferica;Traffico;Visibilita;Illuminazione;NUM_FERITI;NUM_RISERVATA;NUM_MORTI;NUM_ILLESI;Longitudine;Latitudine;Confermato;Progressivo;TipoVeicolo;StatoVeicolo;TipoPersona;Sesso;Tipolesione;Deceduto;DecedutoDopo;CinturaCascoUtilizzato;Airbag;
4104512;17;23/11/2018 07:00:00;Strada Urbana;PIAZZALE MARESCIALLO GIARDINO;da specificare;;;;IN PROSSIMITA' VIA N. BUCCHI ;Scontro laterale fra veicoli in marcia;Curva a visuale libera;Due carreggiate;Bagnato (pioggia);Asfaltata;Verticale ed orizzontale;Pioggia in atto;Scarso;Buona;Ore Diurne;0;0;0;2;12.4581;41.9229;-1;2;Autovettura privata;In marcia / fermata / arresto;Conducente;F;Illeso;0;;;
4104531;1;22/11/2018 12:55:00;Strada Urbana;VIA DRUSO;in prossimità;;del civico n.;2;;Tamponamento;Rettilineo;Una carreggiata a doppio senso;Asciutto;Asfaltata;Assente;Nuvoloso;Intenso;Buona;Ore Diurne;0;0;0;3;12.4977;41.8822;-1;1;Autocarro inferiore 35 q.;In marcia / fermata / arresto;Conducente;M;Illeso;0;;Non accertato;Inesploso
4104531;1;22/11/2018 12:55:00;Strada Urbana;VIA DRUSO;in prossimità;;del civico n.;2;;Tamponamento;Rettilineo;Una carreggiata a doppio senso;Asciutto;Asfaltata;Assente;Nuvoloso;Intenso;Buona;Ore Diurne;0;0;0;3;12.4977;41.8822;-1;1;Autocarro inferiore 35 q.;In marcia / fermata / arresto;Passeggero;F;Illeso;0;;Non accertato;Inesploso
4104531;1;22/11/2018 12:55:00;Strada Urbana;VIA DRUSO;in prossimità;;del civico n.;2;;Tamponamento;Rettilineo;Una carreggiata a doppio senso;Asciutto;Asfaltata;Assente;Nuvoloso;Intenso;Buona;Ore Diurne;0;0;0;3;12.4977;41.8822;-1;2;Motociclo a solo;In marcia / fermata / arresto;Conducente;M;Illeso;0;;;
4104536;12;21/11/2018 07:20:00;Strada Urbana;VIA DI TOR PAGNOTTA;all'intersezione semaforizzata con;VIA ARTURO D'ASPRO;VIA ARTURO D'ASPRO;;;Veicolo in marcia contro ostacolo fisso;Intersezione semaforizzata;Una carreggiata a doppio senso;Bagnato (umidità in atto);Asfaltata;Temporanea di cantiere;Sereno;Scarso;Buona;Ore Diurne;0;0;0;1;12.4864;41.8023;-1;1;Autovettura privata;In marcia / fermata / arresto;Conducente;M;Illeso;0;;Non accertato;Esploso
4104542;12;20/11/2018 19:40:00;Strada Urbana;VIALE AMERICA;da specificare;;;;alt. distributore Eni Agip;Investimento di pedone;Rettilineo;Una carreggiata a doppio senso;Bagnato (pioggia);Asfaltata;Verticale ed orizzontale;Nuvoloso;Normale;Sufficiente;Sufficiente;1;0;0;1;12.4672;41.83;-1;;;;Pedone;F;Rimandato;0;NON DECEDUTO;;
4104542;12;20/11/2018 19:40:00;Strada Urbana;VIALE AMERICA;da specificare;;;;alt. distributore Eni Agip;Investimento di pedone;Rettilineo;Una carreggiata a doppio senso;Bagnato (pioggia);Asfaltata;Verticale ed orizzontale;Nuvoloso;Normale;Sufficiente;Sufficiente;1;0;0;1;12.4672;41.83;-1;1;Autovettura privata;In marcia / fermata / arresto;Conducente;M;Illeso;0;;;
4104552;20;23/11/2018 19:30:00;Statale;VIA FLAMINIA;in prossimità;;della chilometrica;17.4;;Scontro frontale/laterale SX fra veicoli in marcia;Rettilineo;Una carreggiata a doppio senso;Asciutto;Asfaltata;Verticale ed orizzontale;Sereno;Intenso;Sufficiente;Inesistente;1;0;0;1;12.4718;41.9419;-1;1;Motociclo a solo;In marcia / fermata / arresto;Conducente;M;Ricoverato;0;NON DECEDUTO;Non accertato;
4104552;20;23/11/2018 19:30:00;Statale;VIA FLAMINIA;in prossimità;;della chilometrica;17.4;;Scontro frontale/laterale SX fra veicoli in marcia;Rettilineo;Una carreggiata a doppio senso;Asciutto;Asfaltata;Verticale ed orizzontale;Sereno;Intenso;Sufficiente;Inesistente;1;0;0;1;12.4718;41.9419;-1;2;Autovettura privata;In marcia / fermata / arresto;Conducente;M;Illeso;0;;Non accertato;
4104553;12;21/11/2018 11:00:00;Strada Urbana;VIA GIAN PIETRO TALAMINI;all'intersezione con;VIA GIOVANNI ZIBORDI;VIA GIOVANNI ZIBORDI;;;Scontro frontale/laterale DX fra veicoli in marcia;Intersezione stradale segnalata;Una carreggiata a doppio senso;Asciutto;Strada pavimentata dissestata;Verticale ed orizzontale;Sereno;Normale;Buona;Ore Diurne;1;0;0;2;12.4806;41.7629;-1;1;Autovettura privata;In marcia / fermata / arresto;Conducente;F;Rimandato;0;NON DECEDUTO;Non accertato;
4104553;12;21/11/2018 11:00:00;Strada Urbana;VIA GIAN PIETRO TALAMINI;all'intersezione con;VIA GIOVANNI ZIBORDI;VIA GIOVANNI ZIBORDI;;;Scontro frontale/laterale DX fra veicoli in marcia;Intersezione stradale segnalata;Una carreggiata a doppio senso;Asciutto;Strada pavimentata dissestata;Verticale ed orizzontale;Sereno;Normale;Buona;Ore Diurne;1;0;0;2;12.4806;41.7629;-1;2;Autovettura privata;In marcia / fermata / arresto;Conducente;M;Illeso;0;;;
4104553;12;21/11/2018 11:00:00;Strada Urbana;VIA GIAN PIETRO TALAMINI;all'intersezione con;VIA GIOVANNI ZIBORDI;VIA GIOVANNI ZIBORDI;;;Scontro frontale/laterale DX fra veicoli in marcia;Intersezione stradale segnalata;Una carreggiata a doppio senso;Asciutto;Strada pavimentata dissestata;Verticale ed orizzontale;Sereno;Normale;Buona;Ore Diurne;1;0;0;2;12.4806;41.7629;-1;2;Autovettura privata;In marcia / fermata / arresto;Passeggero;M;Illeso;0;;;
4104555;12;21/11/2018 12:15:00;Strada Urbana;VIALE CITTA' D'EUROPA;all'intersezione con;VIA ROTTERDAM;VIA ROTTERDAM;;;Scontro frontale/laterale SX fra veicoli in marcia;Intersezione stradale segnalata;Due carreggiate;Asciutto;Asfaltata;Verticale ed orizzontale;Sereno;Normale;Buona;Ore Diurne;1;0;0;1;12.4506;41.8224;-1;1;Autovettura privata;In marcia / fermata / arresto;Conducente;M;Illeso;0;;Utilizzato;Inesploso
4104555;12;21/11/2018 12:15:00;Strada Urbana;VIALE CITTA' D'EUROPA;all'intersezione con;VIA ROTTERDAM;VIA ROTTERDAM;;;Scontro frontale/laterale SX fra veicoli in marcia;Intersezione stradale segnalata;Due carreggiate;Asciutto;Asfaltata;Verticale ed orizzontale;Sereno;Normale;Buona;Ore Diurne;1;0;0;1;12.4506;41.8224;-1;2;Motociclo a solo;In marcia / fermata / arresto;Conducente;M;Rimandato;0;NON DECEDUTO;Utilizzato;
4104557;1;22/11/2018 13:00:00;Strada Urbana;LARGO DI S. SUSANNA;all'intersezione semaforizzata con;VIA VENTI SETTEMBRE;VIA VENTI SETTEMBRE;;;Scontro laterale fra veicoli in marcia;Intersezione semaforizzata;Due carreggiate;Asciutto;Asfaltata;Verticale ed orizzontale;;Normale;Buona;Ore Diurne;0;0;0;2;;;0;1;Autovettura privata;In marcia / fermata / arresto;Conducente;M;Illeso;0;;Non accertato;Inesploso
4104557;1;22/11/2018 13:00:00;Strada Urbana;LARGO DI S. SUSANNA;all'intersezione semaforizzata con;VIA VENTI SETTEMBRE;VIA VENTI SETTEMBRE;;;Scontro laterale fra veicoli in marcia;Intersezione semaforizzata;Due carreggiate;Asciutto;Asfaltata;Verticale ed orizzontale;;Normale;Buona;Ore Diurne;0;0;0;2;;;0;2;Autocarro superiore 35 q.;In marcia / fermata / arresto;Conducente;M;Illeso;0;;Non accertato;Inesploso
4104563;12;21/11/2018 08:00:00;Provinciale;VIA LAURENTINA;da specificare;;;;km 12,100 dir. Roma;Tamponamento;Rettilineo;Due carreggiate;Asciutto;Asfaltata;Verticale ed orizzontale;Sereno;Normale;Buona;Ore Diurne;1;0;0;1;12.4845;41.7728;-1;1;Autovettura privata;In marcia / fermata / arresto;Conducente;M;Rimandato;0;NON DECEDUTO;;
4104563;12;21/11/2018 08:00:00;Provinciale;VIA LAURENTINA;da specificare;;;;km 12,100 dir. Roma;Tamponamento;Rettilineo;Due carreggiate;Asciutto;Asfaltata;Verticale ed orizzontale;Sereno;Normale;Buona;Ore Diurne;1;0;0;1;12.4845;41.7728;-1;2;Autovettura privata;In marcia / fermata / arresto;Conducente;M;Illeso;0;;;
4104567;12;21/11/2018 19:00:00;Strada Urbana;VIA CAMILLO MASTROCINQUE;in prossimità;;del civico n.;73;;Veicolo in marcia contro veicolo in sosta;Rettilineo;Una carreggiata a doppio senso;Asciutto;Asfaltata;Assente;Nuvoloso;Scarso;Buona;Sufficiente;0;0;0;1;12.4344;41.7796;-1;2;Autocarro inferiore 35 q.;In marcia / fermata / arresto;Conducente;M;Illeso;0;;;
4104573;12;21/11/2018 22:50:00;Strada Urbana;VIA CRISTOFORO COLOMBO;da specificare;;;;ALT. P.ZZA DEI NAVIGATORI DIR. CENTRO;Fuoriuscita dalla sede stradale;Curva a visuale libera;Due carreggiate;Bagnato (pioggia);Asfaltata;Verticale ed orizzontale;Pioggia in atto;Scarso;Sufficiente;Sufficiente;0;0;0;1;12.4983;41.86;-1;1;Autovettura privata;In marcia / fermata / arresto;Conducente;M;Illeso;0;;Non accertato;
4104583;1;24/11/2018 07:35:00;Strada Urbana;LARGO AMERIGO PETRUCCI;in prossimità;;del civico n.;2;;Tamponamento;Rettilineo;Una carreggiata a senso unico di marcia;Bagnato (pioggia);Asfaltata;Verticale ed orizzontale;Pioggia in atto;Normale;Buona;Ore Diurne;0;0;0;2;12.4809;41.8883;-1;1;Autovettura privata;In marcia / fermata / arresto;Conducente;M;Illeso;0;;Non accertato;Inesploso
4104583;1;24/11/2018 07:35:00;Strada Urbana;LARGO AMERIGO PETRUCCI;in prossimità;;del civico n.;2;;Tamponamento;Rettilineo;Una carreggiata a senso unico di marcia;Bagnato (pioggia);Asfaltata;Verticale ed orizzontale;Pioggia in atto;Normale;Buona;Ore Diurne;0;0;0;2;12.4809;41.8883;-1;2;Autovettura privata;In marcia / fermata / arresto;Conducente;M;Illeso;0;;Non accertato;Inesploso
4104595;12;22/11/2018 15:20:00;Strada Urbana;VIA DEL PONTE DI PISCINA CUPA;da specificare;;;;parcheggio centro commerciale;Veicolo in marcia contro veicolo arresto;Rettilineo;Una carreggiata a doppio senso;Asciutto;Asfaltata;Verticale ed orizzontale;Sereno;Scarso;Buona;Ore Diurne;0;0;0;5;12.4462;41.717;-1;1;Autovettura privata;In marcia / fermata / arresto;Conducente;F;Illeso;0;;Non accertato;Inesploso
4104595;12;22/11/2018 15:20:00;Strada Urbana;VIA DEL PONTE DI PISCINA CUPA;da specificare;;;;parcheggio centro commerciale;Veicolo in marcia contro veicolo arresto;Rettilineo;Una carreggiata a doppio senso;Asciutto;Asfaltata;Verticale ed orizzontale;Sereno;Scarso;Buona;Ore Diurne;0;0;0;5;12.4462;41.717;-1;1;Autovettura privata;In marcia / fermata / arresto;Passeggero;F;Illeso;0;;Non accertato;Inesploso
4104595;12;22/11/2018 15:20:00;Strada Urbana;VIA DEL PONTE DI PISCINA CUPA;da specificare;;;;parcheggio centro commerciale;Veicolo in marcia contro veicolo arresto;Rettilineo;Una carreggiata a doppio senso;Asciutto;Asfaltata;Verticale ed orizzontale;Sereno;Scarso;Buona;Ore Diurne;0;0;0;5;12.4462;41.717;-1;1;Autovettura privata;In marcia / fermata / arresto;Passeggero;F;Illeso;0;;Utilizzato;Inesploso
4104595;12;22/11/2018 15:20:00;Strada Urbana;VIA DEL PONTE DI PISCINA CUPA;da specificare;;;;parcheggio centro commerciale;Veicolo in marcia contro veicolo arresto;Rettilineo;Una carreggiata a doppio senso;Asciutto;Asfaltata;Verticale ed orizzontale;Sereno;Scarso;Buona;Ore Diurne;0;0;0;5;12.4462;41.717;-1;2;Autovettura privata;In marcia / fermata / arresto;Conducente;F;Illeso;0;;Non accertato;Inesploso
4104595;12;22/11/2018 15:20:00;Strada Urbana;VIA DEL PONTE DI PISCINA CUPA;da specificare;;;;parcheggio centro commerciale;Veicolo in marcia contro veicolo arresto;Rettilineo;Una carreggiata a doppio senso;Asciutto;Asfaltata;Verticale ed orizzontale;Sereno;Scarso;Buona;Ore Diurne;0;0;0;5;12.4462;41.717;-1;2;Autovettura privata;In marcia / fermata / arresto;Passeggero;F;Illeso;0;;Non accertato;Inesploso
4104597;12;21/11/2018 23:10:00;Strada Urbana;VIA CRISTOFORO COLOMBO;all'intersezione semaforizzata con;PIAZZA DEI NAVIGATORI;PIAZZA DEI NAVIGATORI;;;Veicolo in marcia contro ostacolo fisso;Intersezione semaforizzata;Due carreggiate;Bagnato (pioggia);Asfaltata;Verticale ed orizzontale;Pioggia in atto;Scarso;Sufficiente;Sufficiente;0;0;0;1;12.4982;41.8606;-1;1;Autovettura privata;In marcia / fermata / arresto;Conducente;M;Illeso;0;;;
4104615;12;22/11/2018 10:45:00;Strada Urbana;VIA BIZET;in corrispondenza;;del civico n.;18;;Veicolo in marcia contro veicolo in sosta;Rettilineo;Una carreggiata a doppio senso;Bagnato (pioggia);Asfaltata;Verticale ed orizzontale;Nuvoloso;Normale;Buona;Ore Diurne;0;0;0;1;12.469;41.8349;-1;2;Autocarro superiore 35 q.;In marcia / fermata / arresto;Conducente;M;Illeso;0;;Utilizzato;Inesistente
4104619;17;24/11/2018 01:00:00;Strada Urbana;PIAZZA DEI TRIBUNALI;all'intersezione semaforizzata con;VIA ULPIANO;VIA ULPIANO;;;Scontro laterale fra veicoli in marcia;Intersezione semaforizzata;Una carreggiata a senso unico di marcia;Asciutto;Asfaltata;Verticale ed orizzontale;Nuvoloso;Normale;Buona;Sufficiente;0;0;0;2;12.472;41.9037;-1;1;Autovettura privata;In marcia / fermata / arresto;Conducente;F;Illeso;0;;;
4104619;17;24/11/2018 01:00:00;Strada Urbana;PIAZZA DEI TRIBUNALI;all'intersezione semaforizzata con;VIA ULPIANO;VIA ULPIANO;;;Scontro laterale fra veicoli in marcia;Intersezione semaforizzata;Una carreggiata a senso unico di marcia;Asciutto;Asfaltata;Verticale ed orizzontale;Nuvoloso;Normale;Buona;Sufficiente;0;0;0;2;12.472;41.9037;-1;2;Autovettura privata;In marcia / fermata / arresto;Conducente;F;Illeso;0;;;
4104621;12;22/11/2018 04:20:00;Strada Urbana;VIALE UMBERTO TUPINI;da specificare;;;;ALT. PALO ACEA 34;Veicolo in marcia contro ostacolo fisso;Curva a visuale libera;Una carreggiata a doppio senso;Bagnato (pioggia);Asfaltata;Verticale ed orizzontale;Pioggia in atto;Scarso;Sufficiente;Sufficiente;1;0;0;0;12.4618;41.8328;-1;1;Quadriciclo;In marcia / fermata / arresto;Conducente;M;Rimandato;0;NON DECEDUTO;;
4104636;12;23/11/2018 17:45:00;Provinciale;VIA DEGLI ASTRINI;all'intersezione con;VIA ARDEATINA;VIA ARDEATINA;;;Tamponamento;Incrocio;Una carreggiata a doppio senso;Asciutto;Asfaltata;Verticale ed orizzontale;Sereno;Normale;Buona;Ore Diurne;0;0;0;1;12.5854;41.7011;-1;1;Autovettura privata;In marcia / fermata / arresto;Conducente;M;Illeso;0;;Non accertato;Inesploso
4104639;12;23/11/2018 18:50:00;Provinciale entro l'abitato;VIA OSTIENSE;da specificare;;;;dir. RM centro alt.Via dell'Ippica;Investimento di pedone;Rettilineo;Una carreggiata a doppio senso;Asciutto;Asfaltata;Verticale ed orizzontale;Sereno;Normale;Sufficiente;Sufficiente;1;0;0;1;12.4359;41.8195;-1;;;;Pedone;M;Ricoverato;0;NON DECEDUTO;;
4104639;12;23/11/2018 18:50:00;Provinciale entro l'abitato;VIA OSTIENSE;da specificare;;;;dir. RM centro alt.Via dell'Ippica;Investimento di pedone;Rettilineo;Una carreggiata a doppio senso;Asciutto;Asfaltata;Verticale ed orizzontale;Sereno;Normale;Sufficiente;Sufficiente;1;0;0;1;12.4359;41.8195;-1;1;Autovettura privata;In marcia / fermata / arresto;Conducente;F;Illeso;0;;Non accertato;
4104641;20;22/11/2018 17:30:00;Strada Urbana;VIA CASSIA;all'intersezione con;VIA AGOSTINO SCALI;VIA AGOSTINO SCALI;;;Scontro frontale/laterale SX fra veicoli in marcia;Incrocio;Una carreggiata a doppio senso;Asciutto;Asfaltata;Orizzontale;Sereno;Intenso;Sufficiente;Sufficiente;0;0;0;4;12.4139;41.9827;-1;1;Autovettura privata;In marcia / fermata / arresto;Conducente;M;Illeso;0;;Non accertato;
4104641;20;22/11/2018 17:30:00;Strada Urbana;VIA CASSIA;all'intersezione con;VIA AGOSTINO SCALI;VIA AGOSTINO SCALI;;;Scontro frontale/laterale SX fra veicoli in marcia;Incrocio;Una carreggiata a doppio senso;Asciutto;Asfaltata;Orizzontale;Sereno;Intenso;Sufficiente;Sufficiente;0;0;0;4;12.4139;41.9827;-1;1;Autovettura privata;In marcia / fermata / arresto;Passeggero;F;Illeso;0;;Non accertato;
4104641;20;22/11/2018 17:30:00;Strada Urbana;VIA CASSIA;all'intersezione con;VIA AGOSTINO SCALI;VIA AGOSTINO SCALI;;;Scontro frontale/laterale SX fra veicoli in marcia;Incrocio;Una carreggiata a doppio senso;Asciutto;Asfaltata;Orizzontale;Sereno;Intenso;Sufficiente;Sufficiente;0;0;0;4;12.4139;41.9827;-1;2;Autovettura privata;In marcia / fermata / arresto;Conducente;M;Illeso;0;;Non accertato;
4104641;20;22/11/2018 17:30:00;Strada Urbana;VIA CASSIA;all'intersezione con;VIA AGOSTINO SCALI;VIA AGOSTINO SCALI;;;Scontro frontale/laterale SX fra veicoli in marcia;Incrocio;Una carreggiata a doppio senso;Asciutto;Asfaltata;Orizzontale;Sereno;Intenso;Sufficiente;Sufficiente;0;0;0;4;12.4139;41.9827;-1;2;Autovettura privata;In marcia / fermata / arresto;Passeggero;M;Illeso;0;;Non accertato;
4104653;12;23/11/2018 15:00:00;Strada Urbana;VIALE IGNAZIO SILONE;in corrispondenza;;del civico n.;120;;Scontro laterale fra veicoli in marcia;Rettilineo;Due carreggiate;Asciutto;Asfaltata;Verticale ed orizzontale;Nuvoloso;Normale;Buona;Ore Diurne;0;0;0;2;12.4784;41.8143;-1;1;Autovettura privata;In marcia / fermata / arresto;Conducente;M;Illeso;0;;;
4104653;12;23/11/2018 15:00:00;Strada Urbana;VIALE IGNAZIO SILONE;in corrispondenza;;del civico n.;120;;Scontro laterale fra veicoli in marcia;Rettilineo;Due carreggiate;Asciutto;Asfaltata;Verticale ed orizzontale;Nuvoloso;Normale;Buona;Ore Diurne;0;0;0;2;12.4784;41.8143;-1;2;Autovettura privata;In marcia / fermata / arresto;Conducente;M;Illeso;0;;;
4104655;12;23/11/2018 15:00:00;Strada Urbana;VIALE DEL PATTINAGGIO;da specificare;;;;rampa immissione viadotto magliana dir. Fiumicino;Scontro laterale fra veicoli in marcia;Rettilineo;Due carreggiate;Asciutto;Asfaltata;Verticale ed orizzontale;Nuvoloso;Intenso;Buona;Ore Diurne;1;0;0;1;12.4631;41.8417;-1;1;Autovettura privata;In marcia / fermata / arresto;Conducente;M;Illeso;0;;Utilizzato;Inesploso
4104655;12;23/11/2018 15:00:00;Strada Urbana;VIALE DEL PATTINAGGIO;da specificare;;;;rampa immissione viadotto magliana dir. Fiumicino;Scontro laterale fra veicoli in marcia;Rettilineo;Due carreggiate;Asciutto;Asfaltata;Verticale ed orizzontale;Nuvoloso;Intenso;Buona;Ore Diurne;1;0;0;1;12.4631;41.8417;-1;2;Motociclo a solo;In marcia / fermata / arresto;Conducente;F;Rimandato;0;NON DECEDUTO;Utilizzato;
4104660;12;23/11/2018 15:00:00;Provinciale entro l'abitato;VIA DELLA STAZIONE DI PAVONA;da specificare;;;;ALT. VIA PRATOLA SERRA;Veicolo in marcia contro ostacolo accidentale;Rettilineo;Una carreggiata a doppio senso;Asciutto;Asfaltata;Verticale ed orizzontale;Nuvoloso;Normale;Buona;Ore Diurne;0;0;0;1;12.5891;41.7192;-1;1;Autovettura privata;In marcia / fermata / arresto;Conducente;M;Illeso;0;;;
4104688;12;24/11/2018 02:00:00;Strada Urbana;PIAZZA DEL GAZOMETRO;all'intersezione con;VIA DEL GAZOMETRO;VIA DEL GAZOMETRO;;;Scontro frontale fra veicoli in marcia;Incrocio;Una carreggiata a doppio senso;Asciutto;Asfaltata;Verticale ed orizzontale;Sereno;Scarso;Buona;Sufficiente;4;0;0;0;12.4794;41.8706;-1;1;Autovettura privata;In marcia / fermata / arresto;Conducente;M;Rimandato;0;NON DECEDUTO;Non accertato;Esploso
4104688;12;24/11/2018 02:00:00;Strada Urbana;PIAZZA DEL GAZOMETRO;all'intersezione con;VIA DEL GAZOMETRO;VIA DEL GAZOMETRO;;;Scontro frontale fra veicoli in marcia;Incrocio;Una carreggiata a doppio senso;Asciutto;Asfaltata;Verticale ed orizzontale;Sereno;Scarso;Buona;Sufficiente;4;0;0;0;12.4794;41.8706;-1;2;Autovettura privata;In marcia / fermata / arresto;Conducente;M;Rimandato;0;NON DECEDUTO;Non accertato;Esploso
4104688;12;24/11/2018 02:00:00;Strada Urbana;PIAZZA DEL GAZOMETRO;all'intersezione con;VIA DEL GAZOMETRO;VIA DEL GAZOMETRO;;;Scontro frontale fra veicoli in marcia;Incrocio;Una carreggiata a doppio senso;Asciutto;Asfaltata;Verticale ed orizzontale;Sereno;Scarso;Buona;Sufficiente;4;0;0;0;12.4794;41.8706;-1;2;Autovettura privata;In marcia / fermata / arresto;Passeggero;M;Rimandato;0;NON DECEDUTO;Non accertato;Esploso
4104688;12;24/11/2018 02:00:00;Strada Urbana;PIAZZA DEL GAZOMETRO;all'intersezione con;VIA DEL GAZOMETRO;VIA DEL GAZOMETRO;;;Scontro frontale fra veicoli in marcia;Incrocio;Una carreggiata a doppio senso;Asciutto;Asfaltata;Verticale ed orizzontale;Sereno;Scarso;Buona;Sufficiente;4;0;0;0;12.4794;41.8706;-1;2;Autovettura privata;In marcia / fermata / arresto;Passeggero;F;Rimandato;0;NON DECEDUTO;Non accertato;Inesploso
4104823;6;24/11/2018 12:15:00;Strada Urbana;VIA DELLA MARRANELLA;all'intersezione con;VIA BARTOLOMEO PERESTRELLO;VIA BARTOLOMEO PERESTRELLO;;;Scontro frontale/laterale SX fra veicoli in marcia;Incrocio;Una carreggiata a senso unico di marcia;Bagnato (pioggia);Asfaltata;Verticale ed orizzontale;Nuvoloso;Normale;Buona;Ore Diurne;0;0;0;2;12.5423;41.8854;-1;1;Autovettura privata;In marcia / fermata / arresto;Conducente;M;Illeso;0;;Non accertato;Inesploso
4104823;6;24/11/2018 12:15:00;Strada Urbana;VIA DELLA MARRANELLA;all'intersezione con;VIA BARTOLOMEO PERESTRELLO;VIA BARTOLOMEO PERESTRELLO;;;Scontro frontale/laterale SX fra veicoli in marcia;Incrocio;Una carreggiata a senso unico di marcia;Bagnato (pioggia);Asfaltata;Verticale ed orizzontale;Nuvoloso;Normale;Buona;Ore Diurne;0;0;0;2;12.5423;41.8854;-1;2;Autovettura privata;In marcia / fermata / arresto;Conducente;F;Illeso;0;;Non accertato;Inesploso
4104956;15;23/11/2018 15:20:00;Strada Urbana;VIA GEROLAMO CARDANO;in corrispondenza;;del civico n.;132;;Veicolo in marcia contro veicolo in sosta;Rettilineo;Una carreggiata a doppio senso;Bagnato (umidità in atto);Asfaltata;Verticale ed orizzontale;Sereno;Normale;Buona;Ore Diurne;0;0;0;2;12.4655;41.8628;-1;2;Macchina operatrice;In marcia / fermata / arresto;Conducente;M;Illeso;0;;;
4104956;15;23/11/2018 15:20:00;Strada Urbana;VIA GEROLAMO CARDANO;in corrispondenza;;del civico n.;132;;Veicolo in marcia contro veicolo in sosta;Rettilineo;Una carreggiata a doppio senso;Bagnato (umidità in atto);Asfaltata;Verticale ed orizzontale;Sereno;Normale;Buona;Ore Diurne;0;0;0;2;12.4655;41.8628;-1;2;Macchina operatrice;In marcia / fermata / arresto;Passeggero;M;Illeso;0;;;
4104965;15;24/11/2018 11:20:00;Strada Urbana;VIA PIETRO MARONCELLI;all'intersezione con;VIA LUIGI ANGELONI;VIA LUIGI ANGELONI;;;Scontro frontale/laterale DX fra veicoli in marcia;Incrocio;Una carreggiata a senso unico di marcia;Bagnato (pioggia);Asfaltata;Verticale ed orizzontale;Pioggia in atto;Scarso;Buona;Ore Diurne;0;0;0;2;12.4494;41.8541;-1;1;Autovettura privata;In marcia / fermata / arresto;Conducente;M;Illeso;0;;Utilizzato;
4104965;15;24/11/2018 11:20:00;Strada Urbana;VIA PIETRO MARONCELLI;all'intersezione con;VIA LUIGI ANGELONI;VIA LUIGI ANGELONI;;;Scontro frontale/laterale DX fra veicoli in marcia;Incrocio;Una carreggiata a senso unico di marcia;Bagnato (pioggia);Asfaltata;Verticale ed orizzontale;Pioggia in atto;Scarso;Buona;Ore Diurne;0;0;0;2;12.4494;41.8541;-1;2;Autovettura privata;In marcia / fermata / arresto;Conducente;F;Illeso;0;;Utilizzato;
4104971;15;24/11/2018 05:40:00;Strada Urbana;VIA DELLA MAGLIANA;in prossimità;;del palo luce n.;97;;Scontro laterale fra veicoli in marcia;Rettilineo;Una carreggiata a doppio senso;Asciutto;Asfaltata;Verticale ed orizzontale;Sereno;Scarso;Buona;Sufficiente;2;0;0;0;12.4196;41.8317;-1;1;Autovettura privata;In marcia / fermata / arresto;Conducente;M;Ricoverato;0;NON DECEDUTO;Non accertato;Esploso
4104971;15;24/11/2018 05:40:00;Strada Urbana;VIA DELLA MAGLIANA;in prossimità;;del palo luce n.;97;;Scontro laterale fra veicoli in marcia;Rettilineo;Una carreggiata a doppio senso;Asciutto;Asfaltata;Verticale ed orizzontale;Sereno;Scarso;Buona;Sufficiente;2;0;0;0;12.4196;41.8317;-1;2;Autovettura privata;In marcia / fermata / arresto;Conducente;M;Rimandato;0;NON DECEDUTO;Non accertato;Esploso
4104979;15;23/11/2018 23:00:00;Strada Urbana;VIA FEDERICO OZANAM;in prossimità;;del civico n.;51;;Scontro frontale/laterale DX fra veicoli in marcia;Rettilineo;Una carreggiata a senso unico di marcia;Asciutto;Asfaltata;Verticale ed orizzontale;Nuvoloso;Scarso;Buona;Sufficiente;0;0;0;2;12.4483;41.8764;-1;1;Autovettura privata;In marcia / fermata / arresto;Conducente;F;Illeso;0;;;
4104979;15;23/11/2018 23:00:00;Strada Urbana;VIA FEDERICO OZANAM;in prossimità;;del civico n.;51;;Scontro frontale/laterale DX fra veicoli in marcia;Rettilineo;Una carreggiata a senso unico di marcia;Asciutto;Asfaltata;Verticale ed orizzontale;Nuvoloso;Scarso;Buona;Sufficiente;0;0;0;2;12.4483;41.8764;-1;2;Autocarro inferiore 35 q.;In marcia / fermata / arresto;Conducente;M;Illeso;0;;;
4105147;15;24/11/2018 13:10:00;Strada Urbana;LARGO GAETANO LA LOGGIA;all'intersezione con;VIALE GIUSEPPE SIRTORI;VIALE GIUSEPPE SIRTORI;;;Scontro frontale/laterale SX fra veicoli in marcia;Incrocio;Due carreggiate;Bagnato (umidità in atto);Asfaltata;Verticale ed orizzontale;Nuvoloso;Normale;Buona;Ore Diurne;0;0;0;3;12.4464;41.8559;-1;1;Autovettura privata;In marcia / fermata / arresto;Conducente;F;Illeso;0;;Non accertato;Inesploso
4105147;15;24/11/2018 13:10:00;Strada Urbana;LARGO GAETANO LA LOGGIA;all'intersezione con;VIALE GIUSEPPE SIRTORI;VIALE GIUSEPPE SIRTORI;;;Scontro frontale/laterale SX fra veicoli in marcia;Incrocio;Due carreggiate;Bagnato (umidità in atto);Asfaltata;Verticale ed orizzontale;Nuvoloso;Normale;Buona;Ore Diurne;0;0;0;3;12.4464;41.8559;-1;1;Autovettura privata;In marcia / fermata / arresto;Passeggero;M;Illeso;0;;;