Protocollo;Gruppo;DataOraIncidente;Localizzazione1;STRADA1;Localizzazione2;STRADA2;Strada02;Chilometrica;DaSpecificare;NaturaIncidente;particolaritastrade;TipoStrada;FondoStradale;Pavimentazione;Segnaletica;CondizioneAtmosferica;Traffico;Visibilita;Illuminazione;NUM_FERITI;NUM_RISERVATA;NUM_MORTI;NUM_ILLESI;Longitudine;Latitudine;Confermato;Progressivo;TipoVeicolo;StatoVeicolo;TipoPersona;Sesso;Tipolesione;Deceduto;DecedutoDopo;CinturaCascoUtilizzato;Airbag;
4110108;20;27/11/2018 06:50:00;Strada Urbana;VIA DEL FORO ITALICO;da specificare;;;;Galleria Fleming - Direzione Salaria;Tamponamento;Rettilineo;Due carreggiate;Bagnato (pioggia);Asfaltata;Verticale ed orizzontale;Pioggia in atto;Intenso;Buona;Ore Diurne;0;0;0;2;12.4828;41.94;-1;1;Autovettura privata;In marcia / fermata / arresto;Conducente;M;Illeso;0;;Non accertato;
4110108;20;27/11/2018 06:50:00;Strada Urbana;VIA DEL FORO ITALICO;da specificare;;;;Galleria Fleming - Direzione Salaria;Tamponamento;Rettilineo;Due carreggiate;Bagnato (pioggia);Asfaltata;Verticale ed orizzontale;Pioggia in atto;Intenso;Buona;Ore Diurne;0;0;0;2;12.4828;41.94;-1;2;Autovettura privata;In marcia / fermata / arresto;Conducente;M;Illeso;0;;Non accertato;
4110109;18;27/11/2018 08:15:00;Statale;VIA AURELIA;in prossimità;;della chilometrica;11;;Scontro laterale fra veicoli in marcia;Rettilineo;Due carreggiate;Bagnato (umidità in atto);Asfaltata;Verticale ed orizzontale;Nuvoloso;Normale;Buona;Ore Diurne;0;0;0;3;12.3752;41.8844;-1;1;Trattore stradale;In marcia / fermata / arresto;Conducente;M;Illeso;0;;Non accertato;Inesploso
4110109;18;27/11/2018 08:15:00;Statale;VIA AURELIA;in prossimità;;della chilometrica;11;;Scontro laterale fra veicoli in marcia;Rettilineo;Due carreggiate;Bagnato (umidità in atto);Asfaltata;Verticale ed orizzontale;Nuvoloso;Normale;Buona;Ore Diurne;0;0;0;3;12.3752;41.8844;-1;2;Autovettura privata;In marcia / fermata / arresto;Conducente;M;Illeso;0;;Non accertato;Inesploso
4110109;18;27/11/2018 08:15:00;Statale;VIA AURELIA;in prossimità;;della chilometrica;11;;Scontro laterale fra veicoli in marcia;Rettilineo;Due carreggiate;Bagnato (umidità in atto);Asfaltata;Verticale ed orizzontale;Nuvoloso;Normale;Buona;Ore Diurne;0;0;0;3;12.3752;41.8844;-1;2;Autovettura privata;In marcia / fermata / arresto;Passeggero;F;Illeso;0;;Non accertato;Inesploso
4110123;13;27/11/2018 08:30:00;Strada Urbana;VIA DEL MARE;da specificare;;;;altezza via delle Canarie;Tamponamento Multiplo;Rettilineo;Una carreggiata a doppio senso;Bagnato (pioggia);Asfaltata;Verticale ed orizzontale;Nuvoloso;Normale;Buona;Ore Diurne;2;0;0;2;12.4632;41.8403;-1;1;Autocarro inferiore 35 q.;In marcia / fermata / arresto;Conducente;F;Illeso;0;;Non accertato;Esploso
4110123;13;27/11/2018 08:30:00;Strada Urbana;VIA DEL MARE;da specificare;;;;altezza via delle Canarie;Tamponamento Multiplo;Rettilineo;Una carreggiata a doppio senso;Bagnato (pioggia);Asfaltata;Verticale ed orizzontale;Nuvoloso;Normale;Buona;Ore Diurne;2;0;0;2;12.4632;41.8403;-1;2;Autocarro inferiore 35 q.;In marcia / fermata / arresto;Conducente;M;Rimandato;0;NON DECEDUTO;Non accertato;Inesploso
4110123;13;27/11/2018 08:30:00;Strada Urbana;VIA DEL MARE;da specificare;;;;altezza via delle Canarie;Tamponamento Multiplo;Rettilineo;Una carreggiata a doppio senso;Bagnato (pioggia);Asfaltata;Verticale ed orizzontale;Nuvoloso;Normale;Buona;Ore Diurne;2;0;0;2;12.4632;41.8403;-1;2;Autocarro inferiore 35 q.;In marcia / fermata / arresto;Passeggero;F;Rimandato;0;NON DECEDUTO;Non accertato;Inesploso
4110123;13;27/11/2018 08:30:00;Strada Urbana;VIA DEL MARE;da specificare;;;;altezza via delle Canarie;Tamponamento Multiplo;Rettilineo;Una carreggiata a doppio senso;Bagnato (pioggia);Asfaltata;Verticale ed orizzontale;Nuvoloso;Normale;Buona;Ore Diurne;2;0;0;2;12.4632;41.8403;-1;3;Autovettura privata;In marcia / fermata / arresto;Conducente;M;Illeso;0;;Non accertato;Inesploso
4110125;13;27/11/2018 13:15:00;Strada Urbana;VIA CORRADO CAGLI;da specificare;;;;prox Via Di Saponara;Veicolo in marcia contro ostacolo accidentale;Rettilineo;Due carreggiate;Asciutto;Acciotolata;Assente;Nuvoloso;Normale;Buona;Ore Diurne;0;0;0;1;12.3458;41.7726;-1;1;Autovettura privata;In marcia / fermata / arresto;Conducente;F;Illeso;0;;Non accertato;Inesploso
4110128;13;27/11/2018 11:20:00;Strada Urbana;PIAZZA S. LEONARDO DA PORTO MAURIZIO;all'intersezione con;VIA DI ACILIA;VIA DI ACILIA;;;Scontro frontale/laterale SX fra veicoli in marcia;Incrocio;Una carreggiata a doppio senso;Asciutto;Asfaltata;Verticale;Nuvoloso;Intenso;Buona;Ore Diurne;0;0;0;2;12.3655;41.7832;-1;1;Autovettura privata;In marcia / fermata / arresto;Conducente;F;Illeso;0;;Non accertato;Inesploso
4110128;13;27/11/2018 11:20:00;Strada Urbana;PIAZZA S. LEONARDO DA PORTO MAURIZIO;all'intersezione con;VIA DI ACILIA;VIA DI ACILIA;;;Scontro frontale/laterale SX fra veicoli in marcia;Incrocio;Una carreggiata a doppio senso;Asciutto;Asfaltata;Verticale;Nuvoloso;Intenso;Buona;Ore Diurne;0;0;0;2;12.3655;41.7832;-1;2;Autovettura privata;In marcia / fermata / arresto;Conducente;M;Illeso;0;;Non accertato;Inesploso
4110136;8;27/11/2018 10:00:00;Strada Urbana;VIA TIFEO;da specificare;;;;intersezione VIA DI TORRENOVA;Veicolo in marcia contro ostacolo fisso;Rettilineo;Una carreggiata a senso unico di marcia;Bagnato (pioggia);Strada pavimentata dissestata;Verticale ed orizzontale;Nuvoloso;Normale;Buona;Ore Diurne;0;0;0;1;12.6174;41.8764;-1;1;Autovettura privata;In marcia / fermata / arresto;Conducente;M;Illeso;0;;Non accertato;
4110141;8;27/11/2018 11:45:00;Strada Urbana;VIA DI TOR BELLA MONACA;da specificare;;;;presso palo Acea 92 direzione G.R.A.;Scontro laterale fra veicoli in marcia;Rettilineo;Due carreggiate;Asciutto;Asfaltata;Verticale ed orizzontale;Nuvoloso;Normale;Buona;Ore Diurne;0;0;0;2;12.6282;41.8763;-1;1;Autovettura privata;In marcia / fermata / arresto;Conducente;M;Illeso;0;;Non accertato;Inesploso
4110141;8;27/11/2018 11:45:00;Strada Urbana;VIA DI TOR BELLA MONACA;da specificare;;;;presso palo Acea 92 direzione G.R.A.;Scontro laterale fra veicoli in marcia;Rettilineo;Due carreggiate;Asciutto;Asfaltata;Verticale ed orizzontale;Nuvoloso;Normale;Buona;Ore Diurne;0;0;0;2;12.6282;41.8763;-1;2;Autovettura privata;In marcia / fermata / arresto;Conducente;M;Illeso;0;;Non accertato;Inesploso
4110147;8;27/11/2018 14:20:00;Statale entro l'abitato;VIA CASILINA;in prossimità;;del civico n.;1791;;Scontro frontale/laterale DX fra veicoli in marcia;Rettilineo;Una carreggiata a doppio senso;Asciutto;Asfaltata;Verticale ed orizzontale;Nuvoloso;Normale;Buona;Ore Diurne;0;0;0;4;12.6811;41.8629;-1;1;Autovettura privata;In marcia / fermata / arresto;Conducente;F;Illeso;0;;Non accertato;Inesploso
4110147;8;27/11/2018 14:20:00;Statale entro l'abitato;VIA CASILINA;in prossimità;;del civico n.;1791;;Scontro frontale/laterale DX fra veicoli in marcia;Rettilineo;Una carreggiata a doppio senso;Asciutto;Asfaltata;Verticale ed orizzontale;Nuvoloso;Normale;Buona;Ore Diurne;0;0;0;4;12.6811;41.8629;-1;1;Autovettura privata;In marcia / fermata / arresto;Passeggero;F;Illeso;0;;Non accertato;Inesploso
4110147;8;27/11/2018 14:20:00;Statale entro l'abitato;VIA CASILINA;in prossimità;;del civico n.;1791;;Scontro frontale/laterale DX fra veicoli in marcia;Rettilineo;Una carreggiata a doppio senso;Asciutto;Asfaltata;Verticale ed orizzontale;Nuvoloso;Normale;Buona;Ore Diurne;0;0;0;4;12.6811;41.8629;-1;2;Autovettura privata;In marcia / fermata / arresto;Conducente;F;Illeso;0;;Non accertato;Inesploso
4110147;8;27/11/2018 14:20:00;Statale entro l'abitato;VIA CASILINA;in prossimità;;del civico n.;1791;;Scontro frontale/laterale DX fra veicoli in marcia;Rettilineo;Una carreggiata a doppio senso;Asciutto;Asfaltata;Verticale ed orizzontale;Nuvoloso;Normale;Buona;Ore Diurne;0;0;0;4;12.6811;41.8629;-1;2;Autovettura privata;In marcia / fermata / arresto;Passeggero;M;Illeso;0;;Non accertato;Inesploso
4110150;19;27/11/2018 18:30:00;Strada Urbana;VIA ANDERSEN;in corrispondenza;;del civico n.;160;;Veicolo in marcia contro ostacolo accidentale;Rettilineo;Una carreggiata a doppio senso;Asciutto;Asfaltata;Verticale;Nuvoloso;Normale;Buona;Sufficiente;0;0;0;1;12.3978;41.9209;-1;1;Motociclo a solo;In marcia / fermata / arresto;Conducente;M;Illeso;0;;Non accertato;
4110152;5;25/11/2018 18:30:00;Strada Urbana;NUOVA CIRCONVALLAZIONE INTERNA;da specificare;;;;USCITA LARGO CAMESENA- SPADOLINI DIREZIONE SALARIA;Tamponamento;Galleria illuminata;Due carreggiate;Bagnato (pioggia);Asfaltata;Verticale ed orizzontale;Pioggia in atto;Normale;Buona;Sufficiente;1;0;0;2;12.5337;41.9093;-1;1;Autovettura privata;In marcia / fermata / arresto;Conducente;M;Rimandato;0;NON DECEDUTO;Non accertato;Inesploso
4110152;5;25/11/2018 18:30:00;Strada Urbana;NUOVA CIRCONVALLAZIONE INTERNA;da specificare;;;;USCITA LARGO CAMESENA- SPADOLINI DIREZIONE SALARIA;Tamponamento;Galleria illuminata;Due carreggiate;Bagnato (pioggia);Asfaltata;Verticale ed orizzontale;Pioggia in atto;Normale;Buona;Sufficiente;1;0;0;2;12.5337;41.9093;-1;2;Autovettura privata;In marcia / fermata / arresto;Conducente;M;Illeso;0;;Non accertato;Inesploso
4110152;5;25/11/2018 18:30:00;Strada Urbana;NUOVA CIRCONVALLAZIONE INTERNA;da specificare;;;;USCITA LARGO CAMESENA- SPADOLINI DIREZIONE SALARIA;Tamponamento;Galleria illuminata;Due carreggiate;Bagnato (pioggia);Asfaltata;Verticale ed orizzontale;Pioggia in atto;Normale;Buona;Sufficiente;1;0;0;2;12.5337;41.9093;-1;2;Autovettura privata;In marcia / fermata / arresto;Passeggero;M;Illeso;0;;Non accertato;Inesploso
4110155;8;27/11/2018 15:50:00;Strada Urbana;VIA OSCAR ARNULFO ROMERO;in prossimità;;del civico n.;90;;Scontro frontale fra veicoli in marcia;Rettilineo;Una carreggiata a doppio senso;Asciutto;Asfaltata;Verticale ed orizzontale;Nuvoloso;Scarso;Buona;Ore Diurne;0;0;0;3;12.6686;41.8988;-1;1;Autovettura privata;In marcia / fermata / arresto;Conducente;F;Illeso;0;;Non accertato;Inesploso
4110155;8;27/11/2018 15:50:00;Strada Urbana;VIA OSCAR ARNULFO ROMERO;in prossimità;;del civico n.;90;;Scontro frontale fra veicoli in marcia;Rettilineo;Una carreggiata a doppio senso;Asciutto;Asfaltata;Verticale ed orizzontale;Nuvoloso;Scarso;Buona;Ore Diurne;0;0;0;3;12.6686;41.8988;-1;1;Autovettura privata;In marcia / fermata / arresto;Passeggero;M;Illeso;0;;;
4110155;8;27/11/2018 15:50:00;Strada Urbana;VIA OSCAR ARNULFO ROMERO;in prossimità;;del civico n.;90;;Scontro frontale fra veicoli in marcia;Rettilineo;Una carreggiata a doppio senso;Asciutto;Asfaltata;Verticale ed orizzontale;Nuvoloso;Scarso;Buona;Ore Diurne;0;0;0;3;12.6686;41.8988;-1;2;Autovettura privata;In marcia / fermata / arresto;Conducente;M;Illeso;0;;;
4110156;20;27/11/2018 08:15:00;Strada Urbana;VIA CASSIA;all'intersezione semaforizzata con;VIA MANFREDI AZZARITA;VIA MANFREDI AZZARITA;;;Investimento di pedone;Incrocio;Una carreggiata a doppio senso;Bagnato (pioggia);Asfaltata;Verticale ed orizzontale;Pioggia in atto;Intenso;Buona;Ore Diurne;0;0;0;3;12.4462;41.9612;-1;;;;Pedone;M;Illeso;0;;;
4110156;20;27/11/2018 08:15:00;Strada Urbana;VIA CASSIA;all'intersezione semaforizzata con;VIA MANFREDI AZZARITA;VIA MANFREDI AZZARITA;;;Investimento di pedone;Incrocio;Una carreggiata a doppio senso;Bagnato (pioggia);Asfaltata;Verticale ed orizzontale;Pioggia in atto;Intenso;Buona;Ore Diurne;0;0;0;3;12.4462;41.9612;-1;1;Autovettura privata;In marcia / fermata / arresto;Conducente;M;Illeso;0;;;
4110156;20;27/11/2018 08:15:00;Strada Urbana;VIA CASSIA;all'intersezione semaforizzata con;VIA MANFREDI AZZARITA;VIA MANFREDI AZZARITA;;;Investimento di pedone;Incrocio;Una carreggiata a doppio senso;Bagnato (pioggia);Asfaltata;Verticale ed orizzontale;Pioggia in atto;Intenso;Buona;Ore Diurne;0;0;0;3;12.4462;41.9612;-1;1;Autovettura privata;In marcia / fermata / arresto;Passeggero;M;Illeso;0;;;
4110159;8;27/11/2018 19:20:00;Strada Urbana;VIA CASILINA;in prossimità;;del civico n.;1585;;Tamponamento;Rettilineo;Una carreggiata a doppio senso;Asciutto;Asfaltata;Assente;Sereno;Normale;Buona;Sufficiente;0;0;0;2;12.6342;41.8637;-1;1;Autovettura privata;In marcia / fermata / arresto;Conducente;F;Illeso;0;;Non accertato;Inesploso
4110159;8;27/11/2018 19:20:00;Strada Urbana;VIA CASILINA;in prossimità;;del civico n.;1585;;Tamponamento;Rettilineo;Una carreggiata a doppio senso;Asciutto;Asfaltata;Assente;Sereno;Normale;Buona;Sufficiente;0;0;0;2;12.6342;41.8637;-1;2;Autovettura privata;In marcia / fermata / arresto;Conducente;F;Illeso;0;;Non accertato;Inesploso
4110161;18;28/11/2018 07:10:00;Strada Urbana;VIA DI CASAL DEL MARMO;all'intersezione con;VIA MONTE DEL MARMO;VIA MONTE DEL MARMO;;;Veicolo in marcia contro ostacolo accidentale;Rotatoria;Due carreggiate;Asciutto;Asfaltata;Verticale ed orizzontale;Sereno;Normale;Buona;Ore Diurne;0;0;0;1;12.389;41.9421;-1;1;Autovettura privata;In marcia / fermata / arresto;Conducente;M;Illeso;0;;Non utilizzato;Inesploso
4110162;19;27/11/2018 17:20:00;Strada Urbana;VIA LUZZANA;in prossimità;;del civico n.;2;;Veicolo in marcia contro ostacolo accidentale;Curva senza visuale libera;Una carreggiata a doppio senso;Asciutto;Asfaltata;Verticale;Sereno;Normale;Sufficiente;Sufficiente;0;0;0;1;12.3829;41.9431;-1;1;Autovettura privata;In marcia / fermata / arresto;Conducente;M;Illeso;0;;Non accertato;Inesploso
4110165;18;27/11/2018 11:30:00;Strada Urbana;VIA DI BOCCEA;all'intersezione con;VIA GREGORIO XI;VIA GREGORIO XI;;;Scontro frontale/laterale DX fra veicoli in marcia;Intersezione stradale segnalata;Una carreggiata a doppio senso;Asciutto;Asfaltata;Verticale ed orizzontale;Nuvoloso;Intenso;Buona;Ore Diurne;0;0;0;3;12.4219;41.9031;-1;1;Autovettura privata;In marcia / fermata / arresto;Conducente;M;Illeso;0;;Non accertato;Inesploso
4110165;18;27/11/2018 11:30:00;Strada Urbana;VIA DI BOCCEA;all'intersezione con;VIA GREGORIO XI;VIA GREGORIO XI;;;Scontro frontale/laterale DX fra veicoli in marcia;Intersezione stradale segnalata;Una carreggiata a doppio senso;Asciutto;Asfaltata;Verticale ed orizzontale;Nuvoloso;Intenso;Buona;Ore Diurne;0;0;0;3;12.4219;41.9031;-1;1;Autovettura privata;In marcia / fermata / arresto;Passeggero;F;Illeso;0;;Non accertato;Inesploso
4110165;18;27/11/2018 11:30:00;Strada Urbana;VIA DI BOCCEA;all'intersezione con;VIA GREGORIO XI;VIA GREGORIO XI;;;Scontro frontale/laterale DX fra veicoli in marcia;Intersezione stradale segnalata;Una carreggiata a doppio senso;Asciutto;Asfaltata;Verticale ed orizzontale;Nuvoloso;Intenso;Buona;Ore Diurne;0;0;0;3;12.4219;41.9031;-1;2;Motociclo a solo;In marcia / fermata / arresto;Conducente;M;Illeso;0;;Non accertato;
4110167;5;27/11/2018 17:30:00;Strada Urbana;VIA FABRIANO;in prossimità;;del civico n.;92;;Tamponamento Multiplo;Rettilineo;Una carreggiata a doppio senso;Asciutto;Asfaltata;Orizzontale;Nuvoloso;Normale;Buona;Sufficiente;1;0;0;6;12.5852;41.9414;-1;1;Autovettura privata;In marcia / fermata / arresto;Conducente;F;Illeso;0;;Non accertato;Inesploso
4110167;5;27/11/2018 17:30:00;Strada Urbana;VIA FABRIANO;in prossimità;;del civico n.;92;;Tamponamento Multiplo;Rettilineo;Una carreggiata a doppio senso;Asciutto;Asfaltata;Orizzontale;Nuvoloso;Normale;Buona;Sufficiente;1;0;0;6;12.5852;41.9414;-1;1;Autovettura privata;In marcia / fermata / arresto;Passeggero;F;Illeso;0;;Non accertato;Inesploso
4110167;5;27/11/2018 17:30:00;Strada Urbana;VIA FABRIANO;in prossimità;;del civico n.;92;;Tamponamento Multiplo;Rettilineo;Una carreggiata a doppio senso;Asciutto;Asfaltata;Orizzontale;Nuvoloso;Normale;Buona;Sufficiente;1;0;0;6;12.5852;41.9414;-1;1;Autovettura privata;In marcia / fermata / arresto;Passeggero;F;Illeso;0;;Non accertato;Inesploso
4110167;5;27/11/2018 17:30:00;Strada Urbana;VIA FABRIANO;in prossimità;;del civico n.;92;;Tamponamento Multiplo;Rettilineo;Una carreggiata a doppio senso;Asciutto;Asfaltata;Orizzontale;Nuvoloso;Normale;Buona;Sufficiente;1;0;0;6;12.5852;41.9414;-1;2;Autovettura privata;In marcia / fermata / arresto;Conducente;M;Illeso;0;;Non accertato;Inesploso
4110167;5;27/11/2018 17:30:00;Strada Urbana;VIA FABRIANO;in prossimità;;del civico n.;92;;Tamponamento Multiplo;Rettilineo;Una carreggiata a doppio senso;Asciutto;Asfaltata;Orizzontale;Nuvoloso;Normale;Buona;Sufficiente;1;0;0;6;12.5852;41.9414;-1;3;Autovettura privata;In marcia / fermata / arresto;Conducente;M;Illeso;0;;Non accertato;Inesploso
4110167;5;27/11/2018 17:30:00;Strada Urbana;VIA FABRIANO;in prossimità;;del civico n.;92;;Tamponamento Multiplo;Rettilineo;Una carreggiata a doppio senso;Asciutto;Asfaltata;Orizzontale;Nuvoloso;Normale;Buona;Sufficiente;1;0;0;6;12.5852;41.9414;-1;3;Autovettura privata;In marcia / fermata / arresto;Passeggero;M;Illeso;0;;Non accertato;Inesploso
4110167;5;27/11/2018 17:30:00;Strada Urbana;VIA FABRIANO;in prossimità;;del civico n.;92;;Tamponamento Multiplo;Rettilineo;Una carreggiata a doppio senso;Asciutto;Asfaltata;Orizzontale;Nuvoloso;Normale;Buona;Sufficiente;1;0;0;6;12.5852;41.9414;-1;3;Autovettura privata;In marcia / fermata / arresto;Passeggero;M;Rimandato;0;NON DECEDUTO;Non accertato;Inesploso
4110171;19;27/11/2018 19:30:00;Strada Urbana;VIA DI SELVA CANDIDA;in prossimità;;del civico n.;186;;Veicolo in marcia contro ostacolo accidentale;Rettilineo;Una carreggiata a doppio senso;Asciutto;Asfaltata;Assente;Sereno;Scarso;Sufficiente;Sufficiente;0;0;0;2;12.3768;41.9325;-1;1;Autovettura privata;In marcia / fermata / arresto;Passeggero;M;Illeso;0;;Non accertato;Inesploso
4110171;19;27/11/2018 19:30:00;Strada Urbana;VIA DI SELVA CANDIDA;in prossimità;;del civico n.;186;;Veicolo in marcia contro ostacolo accidentale;Rettilineo;Una carreggiata a doppio senso;Asciutto;Asfaltata;Assente;Sereno;Scarso;Sufficiente;Sufficiente;0;0;0;2;12.3768;41.9325;-1;1;Autovettura privata;In marcia / fermata / arresto;Conducente;M;Illeso;0;;Non accertato;Inesploso
4110181;13;27/11/2018 14:50:00;Strada Urbana;VIA DI DRAGONE;all'intersezione con;VIA BEDIZZOLE;VIA BEDIZZOLE;;;Scontro frontale/laterale SX fra veicoli in marcia;Incrocio;Una carreggiata a doppio senso;Asciutto;Asfaltata;Verticale;Nuvoloso;Normale;Buona;Ore Diurne;1;0;0;1;12.3326;41.7834;-1;1;Autovettura privata;In marcia / fermata / arresto;Conducente;F;Rimandato;0;NON DECEDUTO;Non accertato;Inesploso
4110181;13;27/11/2018 14:50:00;Strada Urbana;VIA DI DRAGONE;all'intersezione con;VIA BEDIZZOLE;VIA BEDIZZOLE;;;Scontro frontale/laterale SX fra veicoli in marcia;Incrocio;Una carreggiata a doppio senso;Asciutto;Asfaltata;Verticale;Nuvoloso;Normale;Buona;Ore Diurne;1;0;0;1;12.3326;41.7834;-1;2;Autovettura privata;In marcia / fermata / arresto;Conducente;M;Illeso;0;;Non accertato;Inesploso
4110193;20;27/11/2018 19:35:00;Strada Urbana;VIA FLAMINIA NUOVA;da specificare;;;;altezza Via Vitorchiano, Km 8,700;Tamponamento Multiplo;Rettilineo;Due carreggiate;Asciutto;Asfaltata;Verticale ed orizzontale;Sereno;Normale;Buona;Sufficiente;0;0;0;4;12.4855;41.9573;-1;1;Autovettura privata;In marcia / fermata / arresto;Conducente;M;Illeso;0;;;
4110193;20;27/11/2018 19:35:00;Strada Urbana;VIA FLAMINIA NUOVA;da specificare;;;;altezza Via Vitorchiano, Km 8,700;Tamponamento Multiplo;Rettilineo;Due carreggiate;Asciutto;Asfaltata;Verticale ed orizzontale;Sereno;Normale;Buona;Sufficiente;0;0;0;4;12.4855;41.9573;-1;1;Autovettura privata;In marcia / fermata / arresto;Passeggero;F;Illeso;0;;;
4110193;20;27/11/2018 19:35:00;Strada Urbana;VIA FLAMINIA NUOVA;da specificare;;;;altezza Via Vitorchiano, Km 8,700;Tamponamento Multiplo;Rettilineo;Due carreggiate;Asciutto;Asfaltata;Verticale ed orizzontale;Sereno;Normale;Buona;Sufficiente;0;0;0;4;12.4855;41.9573;-1;2;Autovettura privata;In marcia / fermata / arresto;Conducente;M;Illeso;0;;;
4110193;20;27/11/2018 19:35:00;Strada Urbana;VIA FLAMINIA NUOVA;da specificare;;;;altezza Via Vitorchiano, Km 8,700;Tamponamento Multiplo;Rettilineo;Due carreggiate;Asciutto;Asfaltata;Verticale ed orizzontale;Sereno;Normale;Buona;Sufficiente;0;0;0;4;12.4855;41.9573;-1;3;Autovettura privata;In marcia / fermata / arresto;Conducente;M;Illeso;0;;;
4110201;4;27/11/2018 19:15:00;Statale entro l'abitato;VIA SALARIA;in prossimità;;del civico n.;1045;;Scontro laterale fra veicoli in marcia;Rettilineo;Due carreggiate;Asciutto;Asfaltata;Verticale ed orizzontale;Nuvoloso;Normale;Sufficiente;Sufficiente;0;0;0;3;12.5039;41.9735;0;1;Autovettura privata;In marcia / fermata / arresto;Conducente;M;Illeso;0;;;
4110201;4;27/11/2018 19:15:00;Statale entro l'abitato;VIA SALARIA;in prossimità;;del civico n.;1045;;Scontro laterale fra veicoli in marcia;Rettilineo;Due carreggiate;Asciutto;Asfaltata;Verticale ed orizzontale;Nuvoloso;Normale;Sufficiente;Sufficiente;0;0;0;3;12.5039;41.9735;0;2;Autocarro inferiore 35 q.;In marcia / fermata / arresto;Conducente;M;Illeso;0;;;
4110201;4;27/11/2018 19:15:00;Statale entro l'abitato;VIA SALARIA;in prossimità;;del civico n.;1045;;Scontro laterale fra veicoli in marcia;Rettilineo;Due carreggiate;Asciutto;Asfaltata;Verticale ed orizzontale;Nuvoloso;Normale;Sufficiente;Sufficiente;0;0;0;3;12.5039;41.9735;0;2;Autocarro inferiore 35 q.;In marcia / fermata / arresto;Passeggero;M;Illeso;0;;;
4110202;20;27/11/2018 08:30:00;Strada Urbana;VIA DEL FORO ITALICO;da specificare;;;;pro.Rampa via A. San Giuliano, dir.SanGiovanni;Tamponamento Multiplo;Rettilineo;Due carreggiate;Bagnato (pioggia);Asfaltata;Verticale ed orizzontale;Pioggia in atto;Intenso;Buona;Ore Diurne;1;0;0;3;12.4828;41.94;-1;1;Autovettura privata;In marcia / fermata / arresto;Conducente;F;Illeso;0;;Non accertato;
4110202;20;27/11/2018 08:30:00;Strada Urbana;VIA DEL FORO ITALICO;da specificare;;;;pro.Rampa via A. San Giuliano, dir.SanGiovanni;Tamponamento Multiplo;Rettilineo;Due carreggiate;Bagnato (pioggia);Asfaltata;Verticale ed orizzontale;Pioggia in atto;Intenso;Buona;Ore Diurne;1;0;0;3;12.4828;41.94;-1;2;Autocarro inferiore 35 q.;In marcia / fermata / arresto;Conducente;M;Illeso;0;;Non accertato;
4110202;20;27/11/2018 08:30:00;Strada Urbana;VIA DEL FORO ITALICO;da specificare;;;;pro.Rampa via A. San Giuliano, dir.SanGiovanni;Tamponamento Multiplo;Rettilineo;Due carreggiate;Bagnato (pioggia);Asfaltata;Verticale ed orizzontale;Pioggia in atto;Intenso;Buona;Ore Diurne;1;0;0;3;12.4828;41.94;-1;2;Autocarro inferiore 35 q.;In marcia / fermata / arresto;Passeggero;M;Illeso;0;;Non accertato;
4110202;20;27/11/2018 08:30:00;Strada Urbana;VIA DEL FORO ITALICO;da specificare;;;;pro.Rampa via A. San Giuliano, dir.SanGiovanni;Tamponamento Multiplo;Rettilineo;Due carreggiate;Bagnato (pioggia);Asfaltata;Verticale ed orizzontale;Pioggia in atto;Intenso;Buona;Ore Diurne;1;0;0;3;12.4828;41.94;-1;3;Autovettura privata;In marcia / fermata / arresto;Conducente;M;Rimandato;0;NON DECEDUTO;Non accertato;
4110208;4;27/11/2018 13:50:00;Strada Urbana;VIA MONTE ROCCHETTA;in corrispondenza;;del civico n.;14;;Scontro frontale/laterale DX fra veicoli in marcia;Rettilineo;Una carreggiata a doppio senso;Asciutto;Asfaltata;Verticale ed orizzontale;Nuvoloso;Normale;Buona;Ore Diurne;0;0;0;2;12.5318;41.948;-1;1;Autovettura privata;In marcia / fermata / arresto;Conducente;M;Illeso;0;;;
4110208;4;27/11/2018 13:50:00;Strada Urbana;VIA MONTE ROCCHETTA;in corrispondenza;;del civico n.;14;;Scontro frontale/laterale DX fra veicoli in marcia;Rettilineo;Una carreggiata a doppio senso;Asciutto;Asfaltata;Verticale ed orizzontale;Nuvoloso;Normale;Buona;Ore Diurne;0;0;0;2;12.5318;41.948;-1;2;Autovettura privata;In marcia / fermata / arresto;Conducente;M;Illeso;0;;;
4110212;13;27/11/2018 17:00:00;Strada Urbana;VIA DI CASTEL FUSANO;da specificare;;;;prossimità Via Ostiense;Scontro laterale fra veicoli in marcia;Pendenza;Una carreggiata a doppio senso;Asciutto;Asfaltata;Verticale ed orizzontale;Nuvoloso;Normale;Sufficiente;Sufficiente;0;0;0;3;12.3043;41.759;-1;1;Autovettura privata;In marcia / fermata / arresto;Conducente;M;Illeso;0;;Non accertato;Inesploso
4110212;13;27/11/2018 17:00:00;Strada Urbana;VIA DI CASTEL FUSANO;da specificare;;;;prossimità Via Ostiense;Scontro laterale fra veicoli in marcia;Pendenza;Una carreggiata a doppio senso;Asciutto;Asfaltata;Verticale ed orizzontale;Nuvoloso;Normale;Sufficiente;Sufficiente;0;0;0;3;12.3043;41.759;-1;2;Autocarro inferiore 35 q.;In marcia / fermata / arresto;Conducente;M;Illeso;0;;Non accertato;Inesploso