Protocollo;Gruppo;DataOraIncidente;Localizzazione1;STRADA1;Localizzazione2;STRADA2;Strada02;Chilometrica;DaSpecificare;NaturaIncidente;particolaritastrade;TipoStrada;FondoStradale;Pavimentazione;Segnaletica;CondizioneAtmosferica;Traffico;Visibilita;Illuminazione;NUM_FERITI;NUM_RISERVATA;NUM_MORTI;NUM_ILLESI;Longitudine;Latitudine;Confermato;Progressivo;TipoVeicolo;StatoVeicolo;TipoPersona;Sesso;Tipolesione;Deceduto;DecedutoDopo;CinturaCascoUtilizzato;Airbag;
4110570;2;28/11/2018 02:30:00;Strada Urbana;VIALE MARESCIALLO PILSUDSKI;all'intersezione con;VIA DI S. VALENTINO;VIA DI S. VALENTINO;;;Scontro laterale fra veicoli in marcia;Intersezione semaforizzata;Due carreggiate;Asciutto;Asfaltata;Verticale ed orizzontale;Sereno;Scarso;Sufficiente;Sufficiente;0;0;0;3;12.475;41.9275;-1;2;Autovettura privata;In marcia / fermata / arresto;Conducente;M;Illeso;0;;;
4110623;1;27/11/2018 14:00:00;Strada Urbana;VIA DELLE TERME DI TRAIANO;all'intersezione con;VIA DEL MONTE OPPIO;VIA DEL MONTE OPPIO;;;Scontro frontale/laterale SX fra veicoli in marcia;Incrocio;Una carreggiata a doppio senso;Asciutto;Asfaltata;Assente;Nuvoloso;Scarso;Buona;Ore Diurne;0;0;0;2;12.4984;41.8928;-1;1;Autovettura privata;In marcia / fermata / arresto;Conducente;F;Illeso;0;;Non accertato;Inesploso
4110623;1;27/11/2018 14:00:00;Strada Urbana;VIA DELLE TERME DI TRAIANO;all'intersezione con;VIA DEL MONTE OPPIO;VIA DEL MONTE OPPIO;;;Scontro frontale/laterale SX fra veicoli in marcia;Incrocio;Una carreggiata a doppio senso;Asciutto;Asfaltata;Assente;Nuvoloso;Scarso;Buona;Ore Diurne;0;0;0;2;12.4984;41.8928;-1;2;Autovettura privata;In marcia / fermata / arresto;Conducente;M;Illeso;0;;Non accertato;Inesploso
4110669;5;28/11/2018 00:37:00;Strada Urbana;VIA DELLE CAPANNELLE;all'intersezione con;VIA LUCREZIA ROMANA;VIA LUCREZIA ROMANA;;;Veicolo in marcia contro ostacolo fisso;Incrocio;Una carreggiata a doppio senso;Asciutto;Asfaltata;Verticale ed orizzontale;Sereno;Scarso;Sufficiente;Sufficiente;0;1;0;0;12.5754;41.8353;-1;1;Motociclo con passeggero;In marcia / fermata / arresto;Conducente;M;Prognosi riservata;0;NON DECEDUTO;Non accertato;
4110693;18;27/11/2018 18:30:00;Strada Urbana;VIA DEL FORTE BRASCHI;da specificare;;;;FRONTE CIVICO 93;Investimento di pedone;Rettilineo;Una carreggiata a doppio senso;Asciutto;Asfaltata;Verticale ed orizzontale;Sereno;Normale;Sufficiente;Sufficiente;1;0;0;1;12.4201;41.9135;-1;;;;Pedone;F;Rimandato;0;NON DECEDUTO;;
4110693;18;27/11/2018 18:30:00;Strada Urbana;VIA DEL FORTE BRASCHI;da specificare;;;;FRONTE CIVICO 93;Investimento di pedone;Rettilineo;Una carreggiata a doppio senso;Asciutto;Asfaltata;Verticale ed orizzontale;Sereno;Normale;Sufficiente;Sufficiente;1;0;0;1;12.4201;41.9135;-1;1;Autovettura privata;In marcia / fermata / arresto;Conducente;M;Illeso;0;;Non accertato;Inesploso
4110699;1;27/11/2018 11:35:00;Strada Urbana;PIAZZA VITTORIO EMANUELE II;da specificare;;;;in prossimità del civ. 53;Veicolo in marcia contro veicolo fermo;Rettilineo;Una carreggiata a senso unico di marcia;Asciutto;Asfaltata;Verticale ed orizzontale;Nuvoloso;Normale;Buona;Ore Diurne;0;0;0;2;;;0;1;Autovettura privata;In marcia / fermata / arresto;Conducente;M;Illeso;0;;Non accertato;
4110699;1;27/11/2018 11:35:00;Strada Urbana;PIAZZA VITTORIO EMANUELE II;da specificare;;;;in prossimità del civ. 53;Veicolo in marcia contro veicolo fermo;Rettilineo;Una carreggiata a senso unico di marcia;Asciutto;Asfaltata;Verticale ed orizzontale;Nuvoloso;Normale;Buona;Ore Diurne;0;0;0;2;;;0;2;Autovettura privata;In marcia / fermata / arresto;Conducente;F;Illeso;0;;Non accertato;
4110724;16;27/11/2018 13:50:00;Strada Urbana;VIA DI BRAVETTA;all'intersezione con;LARGO GIACOMO GUIDI;LARGO GIACOMO GUIDI;;;Scontro frontale/laterale SX fra veicoli in marcia;Incrocio;Una carreggiata a doppio senso;Bagnato (pioggia);Asfaltata;Verticale;Nuvoloso;Normale;Buona;Ore Diurne;1;0;0;1;12.4257;41.8762;-1;1;Autovettura privata;In marcia / fermata / arresto;Conducente;F;Illeso;0;;Non accertato;Inesploso
4110724;16;27/11/2018 13:50:00;Strada Urbana;VIA DI BRAVETTA;all'intersezione con;LARGO GIACOMO GUIDI;LARGO GIACOMO GUIDI;;;Scontro frontale/laterale SX fra veicoli in marcia;Incrocio;Una carreggiata a doppio senso;Bagnato (pioggia);Asfaltata;Verticale;Nuvoloso;Normale;Buona;Ore Diurne;1;0;0;1;12.4257;41.8762;-1;2;Motociclo con passeggero;In marcia / fermata / arresto;Conducente;M;Rimandato;0;NON DECEDUTO;Non accertato;
4110732;17;28/11/2018 06:50:00;Strada Urbana;VIALE ANGELICO;all'intersezione con;VIALE GIUSEPPE MAZZINI;VIALE GIUSEPPE MAZZINI;;;Scontro laterale fra veicoli in marcia;Intersezione semaforizzata;Più di due carreggiate;Asciutto;Asfaltata;Verticale ed orizzontale;Sereno;Normale;Buona;Ore Diurne;1;0;0;2;12.4586;41.9172;-1;1;Autovettura privata;In marcia / fermata / arresto;Conducente;M;Illeso;0;;Non accertato;Inesistente
4110732;17;28/11/2018 06:50:00;Strada Urbana;VIALE ANGELICO;all'intersezione con;VIALE GIUSEPPE MAZZINI;VIALE GIUSEPPE MAZZINI;;;Scontro laterale fra veicoli in marcia;Intersezione semaforizzata;Più di due carreggiate;Asciutto;Asfaltata;Verticale ed orizzontale;Sereno;Normale;Buona;Ore Diurne;1;0;0;2;12.4586;41.9172;-1;1;Autovettura privata;In marcia / fermata / arresto;Passeggero;M;Illeso;0;;Non accertato;Inesistente
4110732;17;28/11/2018 06:50:00;Strada Urbana;VIALE ANGELICO;all'intersezione con;VIALE GIUSEPPE MAZZINI;VIALE GIUSEPPE MAZZINI;;;Scontro laterale fra veicoli in marcia;Intersezione semaforizzata;Più di due carreggiate;Asciutto;Asfaltata;Verticale ed orizzontale;Sereno;Normale;Buona;Ore Diurne;1;0;0;2;12.4586;41.9172;-1;2;Autovettura privata;In marcia / fermata / arresto;Conducente;M;Rimandato;0;NON DECEDUTO;Non accertato;Inesploso
4110760;9;25/11/2018 13:00:00;Strada Urbana;VIA CASILINA;in prossimità;;del civico n.;144;;Veicolo in marcia contro ostacolo accidentale;Rettilineo;Una carreggiata a doppio senso;Bagnato (pioggia);Asfaltata;Verticale ed orizzontale;Pioggia in atto;Normale;Sufficiente;Ore Diurne;0;0;0;2;12.5219;41.8882;-1;1;Autovettura privata;In marcia / fermata / arresto;Conducente;M;Illeso;0;;;
4110760;9;25/11/2018 13:00:00;Strada Urbana;VIA CASILINA;in prossimità;;del civico n.;144;;Veicolo in marcia contro ostacolo accidentale;Rettilineo;Una carreggiata a doppio senso;Bagnato (pioggia);Asfaltata;Verticale ed orizzontale;Pioggia in atto;Normale;Sufficiente;Ore Diurne;0;0;0;2;12.5219;41.8882;-1;1;Autovettura privata;In marcia / fermata / arresto;Passeggero;F;Illeso;0;;;
4110799;18;27/11/2018 23:55:00;Strada Urbana;VIA DI BOCCEA;all'intersezione con;VIA URBANO II;VIA URBANO II;;;Scontro frontale/laterale DX fra veicoli in marcia;Incrocio;Una carreggiata a doppio senso;Asciutto;Asfaltata;Verticale ed orizzontale;Sereno;Normale;Sufficiente;Sufficiente;1;0;0;1;12.4219;41.9032;-1;1;Autovettura privata;In marcia / fermata / arresto;Conducente;M;Illeso;0;;Non accertato;Inesploso
4110799;18;27/11/2018 23:55:00;Strada Urbana;VIA DI BOCCEA;all'intersezione con;VIA URBANO II;VIA URBANO II;;;Scontro frontale/laterale DX fra veicoli in marcia;Incrocio;Una carreggiata a doppio senso;Asciutto;Asfaltata;Verticale ed orizzontale;Sereno;Normale;Sufficiente;Sufficiente;1;0;0;1;12.4219;41.9032;-1;2;Motociclo a solo;In marcia / fermata / arresto;Conducente;M;Rimandato;0;NON DECEDUTO;Non accertato;
4110801;16;27/11/2018 14:15:00;Strada Urbana;VIA GUIDO CAVALCANTI;all'intersezione con;VIA DANIELLO BARTOLI;VIA DANIELLO BARTOLI;;;Scontro laterale fra veicoli in marcia;Incrocio;Una carreggiata a senso unico di marcia;Bagnato (umidità in atto);Asfaltata;Verticale ed orizzontale;Nuvoloso;Scarso;Buona;Ore Diurne;0;0;0;2;12.4604;41.8751;-1;1;Motociclo a solo;In marcia / fermata / arresto;Conducente;M;Illeso;0;;Non accertato;
4110801;16;27/11/2018 14:15:00;Strada Urbana;VIA GUIDO CAVALCANTI;all'intersezione con;VIA DANIELLO BARTOLI;VIA DANIELLO BARTOLI;;;Scontro laterale fra veicoli in marcia;Incrocio;Una carreggiata a senso unico di marcia;Bagnato (umidità in atto);Asfaltata;Verticale ed orizzontale;Nuvoloso;Scarso;Buona;Ore Diurne;0;0;0;2;12.4604;41.8751;-1;2;Autocarro inferiore 35 q.;In marcia / fermata / arresto;Conducente;M;Illeso;0;;Non accertato;
4110808;17;28/11/2018 10:15:00;Strada Urbana;PIAZZA ADRIANA;in prossimità;;del civico n.;22;;Investimento di pedone;Rettilineo;Una carreggiata a senso unico di marcia;Asciutto;Asfaltata;Verticale ed orizzontale;Sereno;Normale;Buona;Ore Diurne;2;0;0;0;12.4642;41.9035;-1;;;;Pedone;F;Rimandato;0;NON DECEDUTO;;
4110808;17;28/11/2018 10:15:00;Strada Urbana;PIAZZA ADRIANA;in prossimità;;del civico n.;22;;Investimento di pedone;Rettilineo;Una carreggiata a senso unico di marcia;Asciutto;Asfaltata;Verticale ed orizzontale;Sereno;Normale;Buona;Ore Diurne;2;0;0;0;12.4642;41.9035;-1;1;Motociclo a solo;In marcia / fermata / arresto;Conducente;M;Rimandato;0;NON DECEDUTO;Non accertato;
4110811;1;27/11/2018 14:50:00;Strada Urbana;VIA ELENIANA;all'intersezione con;VIA SEBASTIANO GRANDIS;VIA SEBASTIANO GRANDIS;;;Scontro frontale/laterale SX fra veicoli in marcia;Incrocio;Una carreggiata a doppio senso;Bagnato (umidità in atto);Asfaltata;Verticale ed orizzontale;Nuvoloso;Normale;Buona;Ore Diurne;0;0;0;2;12.515;41.89;-1;1;Autovettura privata;In marcia / fermata / arresto;Conducente;M;Illeso;0;;Non accertato;
4110811;1;27/11/2018 14:50:00;Strada Urbana;VIA ELENIANA;all'intersezione con;VIA SEBASTIANO GRANDIS;VIA SEBASTIANO GRANDIS;;;Scontro frontale/laterale SX fra veicoli in marcia;Incrocio;Una carreggiata a doppio senso;Bagnato (umidità in atto);Asfaltata;Verticale ed orizzontale;Nuvoloso;Normale;Buona;Ore Diurne;0;0;0;2;12.515;41.89;-1;2;Autovettura privata;In marcia / fermata / arresto;Conducente;M;Illeso;0;;Non accertato;
4110823;18;27/11/2018 18:20:00;Strada Urbana;CIRCONVALLAZIONE AURELIA;all'intersezione semaforizzata con;PIAZZA DI VILLA CARPEGNA;PIAZZA DI VILLA CARPEGNA;;;Tamponamento;Intersezione semaforizzata;Due carreggiate;Asciutto;Asfaltata;Verticale ed orizzontale;Nuvoloso;Normale;Sufficiente;Ore Diurne;0;0;0;2;12.4289;41.8957;-1;1;Autovettura privata;In marcia / fermata / arresto;Conducente;F;Illeso;0;;Non accertato;Inesploso
4110823;18;27/11/2018 18:20:00;Strada Urbana;CIRCONVALLAZIONE AURELIA;all'intersezione semaforizzata con;PIAZZA DI VILLA CARPEGNA;PIAZZA DI VILLA CARPEGNA;;;Tamponamento;Intersezione semaforizzata;Due carreggiate;Asciutto;Asfaltata;Verticale ed orizzontale;Nuvoloso;Normale;Sufficiente;Ore Diurne;0;0;0;2;12.4289;41.8957;-1;2;Autocarro inferiore 35 q.;In marcia / fermata / arresto;Conducente;M;Illeso;0;;Non accertato;Inesploso
4110825;16;27/11/2018 16:30:00;Strada Urbana;VIALE ISACCO NEWTON;all'intersezione con;VIA FELICE BELLOTTI;VIA FELICE BELLOTTI;;;Investimento di pedone;Incrocio;Due carreggiate;Asciutto;Asfaltata;Verticale ed orizzontale;Nuvoloso;Normale;Buona;Ore Diurne;1;0;0;1;12.4427;41.8481;-1;;;;Pedone;F;Rimandato;0;NON DECEDUTO;;
4110825;16;27/11/2018 16:30:00;Strada Urbana;VIALE ISACCO NEWTON;all'intersezione con;VIA FELICE BELLOTTI;VIA FELICE BELLOTTI;;;Investimento di pedone;Incrocio;Due carreggiate;Asciutto;Asfaltata;Verticale ed orizzontale;Nuvoloso;Normale;Buona;Ore Diurne;1;0;0;1;12.4427;41.8481;-1;1;Autovettura privata;In marcia / fermata / arresto;Conducente;F;Illeso;0;;Non accertato;
4110830;6;28/11/2018 13:10:00;Strada Urbana;VIA AUSONIA;in prossimità;;del civico n.;26;;Veicolo in marcia contro veicolo fermo;Rettilineo;Una carreggiata a senso unico di marcia;Asciutto;Asfaltata;Orizzontale;Sereno;Normale;Buona;Ore Diurne;0;0;0;2;12.559;41.8922;-1;1;Autovettura privata;In marcia / fermata / arresto;Conducente;M;Illeso;0;;Non accertato;Inesploso
4110830;6;28/11/2018 13:10:00;Strada Urbana;VIA AUSONIA;in prossimità;;del civico n.;26;;Veicolo in marcia contro veicolo fermo;Rettilineo;Una carreggiata a senso unico di marcia;Asciutto;Asfaltata;Orizzontale;Sereno;Normale;Buona;Ore Diurne;0;0;0;2;12.559;41.8922;-1;2;Autovettura privata;In marcia / fermata / arresto;Conducente;M;Illeso;0;;Non accertato;Inesploso
4110842;16;27/11/2018 20:45:00;Strada Urbana;CIRCONVALLAZIONE GIANICOLENSE;in corrispondenza;;del civico n.;216;;Scontro laterale fra veicoli in marcia;Rettilineo;Più di due carreggiate;Asciutto;Asfaltata;Verticale;Sereno;Normale;Sufficiente;Sufficiente;0;0;0;3;12.4507;41.8709;-1;1;Autovettura privata;In marcia / fermata / arresto;Conducente;M;Illeso;0;;Non accertato;Inesploso
4110842;16;27/11/2018 20:45:00;Strada Urbana;CIRCONVALLAZIONE GIANICOLENSE;in corrispondenza;;del civico n.;216;;Scontro laterale fra veicoli in marcia;Rettilineo;Più di due carreggiate;Asciutto;Asfaltata;Verticale;Sereno;Normale;Sufficiente;Sufficiente;0;0;0;3;12.4507;41.8709;-1;1;Autovettura privata;In marcia / fermata / arresto;Passeggero;M;Illeso;0;;Non accertato;Inesploso
4110842;16;27/11/2018 20:45:00;Strada Urbana;CIRCONVALLAZIONE GIANICOLENSE;in corrispondenza;;del civico n.;216;;Scontro laterale fra veicoli in marcia;Rettilineo;Più di due carreggiate;Asciutto;Asfaltata;Verticale;Sereno;Normale;Sufficiente;Sufficiente;0;0;0;3;12.4507;41.8709;-1;2;Autovettura privata;In marcia / fermata / arresto;Conducente;F;Illeso;0;;Non accertato;Inesploso
4110936;6;28/11/2018 14:00:00;Strada Urbana;VIA PRENESTINA;in prossimità;;del civico n.;319;;Tamponamento Multiplo;Rettilineo;Due carreggiate;Asciutto;Asfaltata;Verticale ed orizzontale;Sereno;Normale;Buona;Ore Diurne;1;0;0;2;12.55;41.8939;-1;1;Autovettura privata;In marcia / fermata / arresto;Conducente;F;Rimandato;0;NON DECEDUTO;Non accertato;Inesploso
4110936;6;28/11/2018 14:00:00;Strada Urbana;VIA PRENESTINA;in prossimità;;del civico n.;319;;Tamponamento Multiplo;Rettilineo;Due carreggiate;Asciutto;Asfaltata;Verticale ed orizzontale;Sereno;Normale;Buona;Ore Diurne;1;0;0;2;12.55;41.8939;-1;2;Autovettura privata;In marcia / fermata / arresto;Conducente;M;Illeso;0;;Non accertato;Inesploso
4110936;6;28/11/2018 14:00:00;Strada Urbana;VIA PRENESTINA;in prossimità;;del civico n.;319;;Tamponamento Multiplo;Rettilineo;Due carreggiate;Asciutto;Asfaltata;Verticale ed orizzontale;Sereno;Normale;Buona;Ore Diurne;1;0;0;2;12.55;41.8939;-1;3;Autovettura privata;In marcia / fermata / arresto;Conducente;M;Illeso;0;;Non accertato;Inesploso
4110937;13;28/11/2018 07:20:00;Strada Urbana;VIALE DEI PROMONTORI;in prossimità;;del civico n.;266;;Veicolo in marcia contro veicolo in sosta;Rettilineo;Due carreggiate;Asciutto;Asfaltata;Assente;Sereno;Normale;Buona;Ore Diurne;1;0;0;0;12.2945;41.7366;-1;1;Motociclo a solo;In marcia / fermata / arresto;Conducente;M;Rifiuta cure immediate;0;NON DECEDUTO;Utilizzato;
4110963;10;28/11/2018 13:40:00;Strada Urbana;VIA PUBLIO ELIO;all'intersezione con;VIA BOTRICELLO;VIA BOTRICELLO;;;Scontro frontale/laterale SX fra veicoli in marcia;Incrocio;Due carreggiate;Asciutto;Asfaltata;Verticale;Sereno;Scarso;Buona;Ore Diurne;0;0;0;2;12.6134;41.8275;-1;1;Autovettura privata;In marcia / fermata / arresto;Conducente;M;Illeso;0;;Non accertato;Inesploso
4110963;10;28/11/2018 13:40:00;Strada Urbana;VIA PUBLIO ELIO;all'intersezione con;VIA BOTRICELLO;VIA BOTRICELLO;;;Scontro frontale/laterale SX fra veicoli in marcia;Incrocio;Due carreggiate;Asciutto;Asfaltata;Verticale;Sereno;Scarso;Buona;Ore Diurne;0;0;0;2;12.6134;41.8275;-1;2;Autovettura privata;In marcia / fermata / arresto;Conducente;F;Illeso;0;;Non accertato;Esploso
4110978;20;28/11/2018 08:00:00;Strada Urbana;VIALE DI TOR DI QUINTO;in corrispondenza;;del civico n.;151;;Scontro laterale fra veicoli in marcia;Rettilineo;Più di due carreggiate;Asciutto;Asfaltata;Verticale ed orizzontale;Sereno;Intenso;Buona;Ore Diurne;0;0;0;3;12.4858;41.9476;-1;1;Motociclo a solo;In marcia / fermata / arresto;Conducente;M;Illeso;0;;Non accertato;
4110978;20;28/11/2018 08:00:00;Strada Urbana;VIALE DI TOR DI QUINTO;in corrispondenza;;del civico n.;151;;Scontro laterale fra veicoli in marcia;Rettilineo;Più di due carreggiate;Asciutto;Asfaltata;Verticale ed orizzontale;Sereno;Intenso;Buona;Ore Diurne;0;0;0;3;12.4858;41.9476;-1;2;Autovettura privata;In marcia / fermata / arresto;Conducente;M;Illeso;0;;Non accertato;Inesploso
4110978;20;28/11/2018 08:00:00;Strada Urbana;VIALE DI TOR DI QUINTO;in corrispondenza;;del civico n.;151;;Scontro laterale fra veicoli in marcia;Rettilineo;Più di due carreggiate;Asciutto;Asfaltata;Verticale ed orizzontale;Sereno;Intenso;Buona;Ore Diurne;0;0;0;3;12.4858;41.9476;-1;2;Autovettura privata;In marcia / fermata / arresto;Passeggero;F;Illeso;0;;Non accertato;Inesploso
4110985;19;28/11/2018 13:40:00;Strada Urbana;VIA GIOVANNI MARTINOTTI;da specificare;;;;area capolinea ATAC;Veicolo in marcia contro veicolo in sosta;Rettilineo;Una carreggiata a senso unico di marcia;Asciutto;Asfaltata;Verticale ed orizzontale;Sereno;Normale;Buona;Ore Diurne;0;0;0;1;12.4151;41.9472;-1;1;Autovettura di soccorso;In marcia / fermata / arresto;Conducente;M;Illeso;0;;Non accertato;Inesploso
4110993;18;28/11/2018 14:00:00;Strada Urbana;VIA MONCHIERO;in corrispondenza;;del civico n.;6;;Scontro frontale/laterale DX fra veicoli in marcia;Rettilineo;Una carreggiata a doppio senso;Asciutto;Asfaltata;Verticale;Sereno;Scarso;Buona;Ore Diurne;2;0;0;0;12.3746;41.9176;-1;1;Motociclo a solo;In marcia / fermata / arresto;Conducente;F;Rimandato;0;NON DECEDUTO;Non accertato;
4110993;18;28/11/2018 14:00:00;Strada Urbana;VIA MONCHIERO;in corrispondenza;;del civico n.;6;;Scontro frontale/laterale DX fra veicoli in marcia;Rettilineo;Una carreggiata a doppio senso;Asciutto;Asfaltata;Verticale;Sereno;Scarso;Buona;Ore Diurne;2;0;0;0;12.3746;41.9176;-1;2;Motociclo a solo;In marcia / fermata / arresto;Conducente;M;Rimandato;0;NON DECEDUTO;Non accertato;
4111052;20;28/11/2018 08:20:00;Strada Urbana;VIA CASSIA;da specificare;;;;prossimità Via Santi Cosma e Damiano;Investimento di pedone;Rettilineo;Una carreggiata a doppio senso;Asciutto;Asfaltata;Orizzontale;Sereno;Normale;Buona;Ore Diurne;1;0;0;1;12.4139;41.9827;-1;;;;Pedone;M;Rimandato;0;NON DECEDUTO;;
4111052;20;28/11/2018 08:20:00;Strada Urbana;VIA CASSIA;da specificare;;;;prossimità Via Santi Cosma e Damiano;Investimento di pedone;Rettilineo;Una carreggiata a doppio senso;Asciutto;Asfaltata;Orizzontale;Sereno;Normale;Buona;Ore Diurne;1;0;0;1;12.4139;41.9827;-1;1;Motociclo a solo;In marcia / fermata / arresto;Conducente;M;Illeso;0;;Non accertato;
4111057;15;27/11/2018 08:30:00;Strada Urbana;VIALE GUGLIELMO MARCONI;in corrispondenza;;del civico n.;232;;Scontro laterale fra veicoli in marcia;Rettilineo;Una carreggiata a doppio senso;Asciutto;Asfaltata;Orizzontale;Nuvoloso;Normale;Buona;Ore Diurne;0;0;0;2;12.4689;41.8648;0;1;Motociclo a solo;In marcia / fermata / arresto;Conducente;M;Illeso;0;;Non accertato;
4111057;15;27/11/2018 08:30:00;Strada Urbana;VIALE GUGLIELMO MARCONI;in corrispondenza;;del civico n.;232;;Scontro laterale fra veicoli in marcia;Rettilineo;Una carreggiata a doppio senso;Asciutto;Asfaltata;Orizzontale;Nuvoloso;Normale;Buona;Ore Diurne;0;0;0;2;12.4689;41.8648;0;2;Autovettura privata;In marcia / fermata / arresto;Conducente;F;Illeso;0;;Non accertato;
4111061;15;28/11/2018 08:30:00;Strada Urbana;VIA DELLA MAGLIANA;all'intersezione con;VIA DI S. PASSERA;VIA DI S. PASSERA;;;Scontro frontale fra veicoli in marcia;Incrocio;Una carreggiata a doppio senso;Asciutto;Asfaltata;Verticale ed orizzontale;Sereno;Intenso;Buona;Ore Diurne;1;0;0;1;12.4196;41.8317;-1;1;Autovettura privata;In marcia / fermata / arresto;Conducente;F;Illeso;0;;Utilizzato;
4111061;15;28/11/2018 08:30:00;Strada Urbana;VIA DELLA MAGLIANA;all'intersezione con;VIA DI S. PASSERA;VIA DI S. PASSERA;;;Scontro frontale fra veicoli in marcia;Incrocio;Una carreggiata a doppio senso;Asciutto;Asfaltata;Verticale ed orizzontale;Sereno;Intenso;Buona;Ore Diurne;1;0;0;1;12.4196;41.8317;-1;2;Motociclo con passeggero;In marcia / fermata / arresto;Conducente;M;Rimandato;0;NON DECEDUTO;Utilizzato;
4111072;15;28/11/2018 09:40:00;Strada Urbana;VIA PORTUENSE;in corrispondenza;;del civico n.;712/A;;Scontro laterale fra veicoli in marcia;Rettilineo;Una carreggiata a doppio senso;Asciutto;Asfaltata;Orizzontale;Sereno;Normale;Buona;Ore Diurne;0;0;0;4;12.4343;41.852;-1;1;Autocarro superiore 35 q.;In marcia / fermata / arresto;Conducente;M;Illeso;0;;Utilizzato;Inesploso
4111072;15;28/11/2018 09:40:00;Strada Urbana;VIA PORTUENSE;in corrispondenza;;del civico n.;712/A;;Scontro laterale fra veicoli in marcia;Rettilineo;Una carreggiata a doppio senso;Asciutto;Asfaltata;Orizzontale;Sereno;Normale;Buona;Ore Diurne;0;0;0;4;12.4343;41.852;-1;2;Autovettura privata;In marcia / fermata / arresto;Conducente;M;Illeso;0;;Utilizzato;Inesploso
4111072;15;28/11/2018 09:40:00;Strada Urbana;VIA PORTUENSE;in corrispondenza;;del civico n.;712/A;;Scontro laterale fra veicoli in marcia;Rettilineo;Una carreggiata a doppio senso;Asciutto;Asfaltata;Orizzontale;Sereno;Normale;Buona;Ore Diurne;0;0;0;4;12.4343;41.852;-1;3;Autovettura privata;In marcia / fermata / arresto;Conducente;F;Illeso;0;;Utilizzato;Inesploso
4111072;15;28/11/2018 09:40:00;Strada Urbana;VIA PORTUENSE;in corrispondenza;;del civico n.;712/A;;Scontro laterale fra veicoli in marcia;Rettilineo;Una carreggiata a doppio senso;Asciutto;Asfaltata;Orizzontale;Sereno;Normale;Buona;Ore Diurne;0;0;0;4;12.4343;41.852;-1;4;Autovettura privata;In marcia / fermata / arresto;Conducente;F;Illeso;0;;Utilizzato;Inesploso
4111099;3;27/11/2018 16:20:00;Strada Urbana;VIA LORENZO IL MAGNIFICO;all'intersezione con;VIA TEODORICO;VIA TEODORICO;;;Scontro frontale/laterale DX fra veicoli in marcia;Intersezione stradale segnalata;Una carreggiata a doppio senso;Asciutto;Asfaltata;Verticale ed orizzontale;Sereno;Normale;Buona;Ore Diurne;0;0;0;3;12.528;41.9112;-1;1;Autovettura privata;In marcia / fermata / arresto;Conducente;M;Illeso;0;;;
4111099;3;27/11/2018 16:20:00;Strada Urbana;VIA LORENZO IL MAGNIFICO;all'intersezione con;VIA TEODORICO;VIA TEODORICO;;;Scontro frontale/laterale DX fra veicoli in marcia;Intersezione stradale segnalata;Una carreggiata a doppio senso;Asciutto;Asfaltata;Verticale ed orizzontale;Sereno;Normale;Buona;Ore Diurne;0;0;0;3;12.528;41.9112;-1;2;Autovettura di polizia;In marcia / fermata / arresto;Conducente;M;Illeso;0;;;
4111099;3;27/11/2018 16:20:00;Strada Urbana;VIA LORENZO IL MAGNIFICO;all'intersezione con;VIA TEODORICO;VIA TEODORICO;;;Scontro frontale/laterale DX fra veicoli in marcia;Intersezione stradale segnalata;Una carreggiata a doppio senso;Asciutto;Asfaltata;Verticale ed orizzontale;Sereno;Normale;Buona;Ore Diurne;0;0;0;3;12.528;41.9112;-1;2;Autovettura di polizia;In marcia / fermata / arresto;Passeggero;M;Illeso;0;;;
4111105;2;28/11/2018 14:15:00;Strada Urbana;VIALE BRUNO BUOZZI;all'intersezione con;VIA DEI MONTI PARIOLI;VIA DEI MONTI PARIOLI;;;Scontro frontale/laterale DX fra veicoli in marcia;Incrocio;Una carreggiata a doppio senso;Asciutto;Asfaltata;Verticale ed orizzontale;Sereno;Normale;Buona;Ore Diurne;1;0;0;1;12.482;41.9216;-1;1;Motociclo a solo;In marcia / fermata / arresto;Conducente;M;Rimandato;0;NON DECEDUTO;Non accertato;
4111105;2;28/11/2018 14:15:00;Strada Urbana;VIALE BRUNO BUOZZI;all'intersezione con;VIA DEI MONTI PARIOLI;VIA DEI MONTI PARIOLI;;;Scontro frontale/laterale DX fra veicoli in marcia;Incrocio;Una carreggiata a doppio senso;Asciutto;Asfaltata;Verticale ed orizzontale;Sereno;Normale;Buona;Ore Diurne;1;0;0;1;12.482;41.9216;-1;2;Autovettura privata;In marcia / fermata / arresto;Conducente;M;Illeso;0;;Non accertato;
4111141;12;27/11/2018 08:40:00;Strada Urbana;VIA DI VALLERANO;da specificare;;;;civico 81;Scontro laterale fra veicoli in marcia;Rettilineo;Due carreggiate;Bagnato (umidità in atto);Asfaltata;Verticale ed orizzontale;Nuvoloso;Normale;Buona;Ore Diurne;0;0;0;2;12.4657;41.7865;-1;1;Autovettura privata;In marcia / fermata / arresto;Conducente;M;Illeso;0;;;
4111141;12;27/11/2018 08:40:00;Strada Urbana;VIA DI VALLERANO;da specificare;;;;civico 81;Scontro laterale fra veicoli in marcia;Rettilineo;Due carreggiate;Bagnato (umidità in atto);Asfaltata;Verticale ed orizzontale;Nuvoloso;Normale;Buona;Ore Diurne;0;0;0;2;12.4657;41.7865;-1;2;Autovettura privata;In marcia / fermata / arresto;Conducente;M;Illeso;0;;;