Protocollo;Gruppo;DataOraIncidente;Localizzazione1;STRADA1;Localizzazione2;STRADA2;Strada02;Chilometrica;DaSpecificare;NaturaIncidente;particolaritastrade;TipoStrada;FondoStradale;Pavimentazione;Segnaletica;CondizioneAtmosferica;Traffico;Visibilita;Illuminazione;NUM_FERITI;NUM_RISERVATA;NUM_MORTI;NUM_ILLESI;Longitudine;Latitudine;Confermato;Progressivo;TipoVeicolo;StatoVeicolo;TipoPersona;Sesso;Tipolesione;Deceduto;DecedutoDopo;CinturaCascoUtilizzato;Airbag;
4115383;8;30/11/2018 15:50:00;Strada Urbana;VIA CASILINA;in prossimità;;del civico n.;1118;;Scontro laterale fra veicoli in marcia;Rettilineo;Una carreggiata a doppio senso;Asciutto;Asfaltata;Orizzontale;Nuvoloso;Intenso;Buona;Ore Diurne;0;0;0;4;12.5983;41.8659;-1;2;Autovettura privata;In marcia / fermata / arresto;Passeggero;F;Illeso;0;;Non accertato;Inesploso
4115383;8;30/11/2018 15:50:00;Strada Urbana;VIA CASILINA;in prossimità;;del civico n.;1118;;Scontro laterale fra veicoli in marcia;Rettilineo;Una carreggiata a doppio senso;Asciutto;Asfaltata;Orizzontale;Nuvoloso;Intenso;Buona;Ore Diurne;0;0;0;4;12.5983;41.8659;-1;2;Autovettura privata;In marcia / fermata / arresto;Passeggero;M;Illeso;0;;Non accertato;Inesploso
4115386;8;30/11/2018 16:05:00;Strada Urbana;VIA DI CARCARICOLA;all'intersezione con;VIALE DELLA SORBONA;VIALE DELLA SORBONA;;;Tamponamento;Incrocio;Una carreggiata a senso unico di marcia;Asciutto;Asfaltata;Verticale ed orizzontale;Nuvoloso;Normale;Buona;Ore Diurne;0;0;0;4;12.6131;41.8554;-1;1;Autovettura privata;In marcia / fermata / arresto;Conducente;F;Illeso;0;;;
4115386;8;30/11/2018 16:05:00;Strada Urbana;VIA DI CARCARICOLA;all'intersezione con;VIALE DELLA SORBONA;VIALE DELLA SORBONA;;;Tamponamento;Incrocio;Una carreggiata a senso unico di marcia;Asciutto;Asfaltata;Verticale ed orizzontale;Nuvoloso;Normale;Buona;Ore Diurne;0;0;0;4;12.6131;41.8554;-1;1;Autovettura privata;In marcia / fermata / arresto;Passeggero;F;Illeso;0;;;
4115386;8;30/11/2018 16:05:00;Strada Urbana;VIA DI CARCARICOLA;all'intersezione con;VIALE DELLA SORBONA;VIALE DELLA SORBONA;;;Tamponamento;Incrocio;Una carreggiata a senso unico di marcia;Asciutto;Asfaltata;Verticale ed orizzontale;Nuvoloso;Normale;Buona;Ore Diurne;0;0;0;4;12.6131;41.8554;-1;2;Autovettura privata;In marcia / fermata / arresto;Conducente;M;Illeso;0;;;
4115386;8;30/11/2018 16:05:00;Strada Urbana;VIA DI CARCARICOLA;all'intersezione con;VIALE DELLA SORBONA;VIALE DELLA SORBONA;;;Tamponamento;Incrocio;Una carreggiata a senso unico di marcia;Asciutto;Asfaltata;Verticale ed orizzontale;Nuvoloso;Normale;Buona;Ore Diurne;0;0;0;4;12.6131;41.8554;-1;2;Autovettura privata;In marcia / fermata / arresto;Passeggero;M;Illeso;0;;;
4115389;8;30/11/2018 17:30:00;Strada Urbana;VIALE DELLA SORBONA;da specificare;;;;altezza Via di Carcaricola;Scontro laterale fra veicoli in marcia;Rettilineo;Due carreggiate;Bagnato (pioggia);Asfaltata;Orizzontale;Pioggia in atto;Normale;Buona;Sufficiente;0;0;0;6;12.612;41.8546;-1;1;Autovettura privata;In marcia / fermata / arresto;Passeggero;F;Illeso;0;;Non accertato;
4115389;8;30/11/2018 17:30:00;Strada Urbana;VIALE DELLA SORBONA;da specificare;;;;altezza Via di Carcaricola;Scontro laterale fra veicoli in marcia;Rettilineo;Due carreggiate;Bagnato (pioggia);Asfaltata;Orizzontale;Pioggia in atto;Normale;Buona;Sufficiente;0;0;0;6;12.612;41.8546;-1;1;Autovettura privata;In marcia / fermata / arresto;Passeggero;F;Illeso;0;;;
4115389;8;30/11/2018 17:30:00;Strada Urbana;VIALE DELLA SORBONA;da specificare;;;;altezza Via di Carcaricola;Scontro laterale fra veicoli in marcia;Rettilineo;Due carreggiate;Bagnato (pioggia);Asfaltata;Orizzontale;Pioggia in atto;Normale;Buona;Sufficiente;0;0;0;6;12.612;41.8546;-1;1;Autovettura privata;In marcia / fermata / arresto;Passeggero;F;Illeso;0;;;
4115389;8;30/11/2018 17:30:00;Strada Urbana;VIALE DELLA SORBONA;da specificare;;;;altezza Via di Carcaricola;Scontro laterale fra veicoli in marcia;Rettilineo;Due carreggiate;Bagnato (pioggia);Asfaltata;Orizzontale;Pioggia in atto;Normale;Buona;Sufficiente;0;0;0;6;12.612;41.8546;-1;1;Autovettura privata;In marcia / fermata / arresto;Conducente;M;Illeso;0;;Non accertato;Inesploso
4115389;8;30/11/2018 17:30:00;Strada Urbana;VIALE DELLA SORBONA;da specificare;;;;altezza Via di Carcaricola;Scontro laterale fra veicoli in marcia;Rettilineo;Due carreggiate;Bagnato (pioggia);Asfaltata;Orizzontale;Pioggia in atto;Normale;Buona;Sufficiente;0;0;0;6;12.612;41.8546;-1;2;Autovettura privata;In marcia / fermata / arresto;Conducente;M;Illeso;0;;;
4115389;8;30/11/2018 17:30:00;Strada Urbana;VIALE DELLA SORBONA;da specificare;;;;altezza Via di Carcaricola;Scontro laterale fra veicoli in marcia;Rettilineo;Due carreggiate;Bagnato (pioggia);Asfaltata;Orizzontale;Pioggia in atto;Normale;Buona;Sufficiente;0;0;0;6;12.612;41.8546;-1;3;Autobus di linea;Allontanatosi;Conducente;M;Illeso;0;;;
4115390;8;30/11/2018 18:40:00;Strada Urbana;VIA DEL TORRACCIO DI TORRENOVA;in prossimità;;del civico n.;132;;Scontro frontale/laterale DX fra veicoli in marcia;Rettilineo;Una carreggiata a doppio senso;Bagnato (pioggia);Asfaltata;Verticale;Pioggia in atto;Scarso;Sufficiente;Sufficiente;1;0;0;1;12.6237;41.8703;-1;1;Autovettura privata;In marcia / fermata / arresto;Conducente;M;Rifiuta cure immediate;0;NON DECEDUTO;Non accertato;Inesploso
4115390;8;30/11/2018 18:40:00;Strada Urbana;VIA DEL TORRACCIO DI TORRENOVA;in prossimità;;del civico n.;132;;Scontro frontale/laterale DX fra veicoli in marcia;Rettilineo;Una carreggiata a doppio senso;Bagnato (pioggia);Asfaltata;Verticale;Pioggia in atto;Scarso;Sufficiente;Sufficiente;1;0;0;1;12.6237;41.8703;-1;2;Autovettura privata;Sosta;Passeggero;F;Illeso;0;;Non accertato;
4115392;8;30/11/2018 20:45:00;Strada Urbana;VIA DI TOR BELLA MONACA;in prossimità;;del civico n.;349;;Veicolo in marcia contro ostacolo accidentale;Rettilineo;Due carreggiate;Asciutto;Con buche;Verticale ed orizzontale;Nuvoloso;Scarso;Buona;Sufficiente;0;0;0;4;12.6277;41.877;-1;1;Autovettura privata;In marcia / fermata / arresto;Conducente;M;Illeso;0;;Non accertato;Inesploso
4115392;8;30/11/2018 20:45:00;Strada Urbana;VIA DI TOR BELLA MONACA;in prossimità;;del civico n.;349;;Veicolo in marcia contro ostacolo accidentale;Rettilineo;Due carreggiate;Asciutto;Con buche;Verticale ed orizzontale;Nuvoloso;Scarso;Buona;Sufficiente;0;0;0;4;12.6277;41.877;-1;1;Autovettura privata;In marcia / fermata / arresto;Passeggero;F;Illeso;0;;Non accertato;Inesploso
4115392;8;30/11/2018 20:45:00;Strada Urbana;VIA DI TOR BELLA MONACA;in prossimità;;del civico n.;349;;Veicolo in marcia contro ostacolo accidentale;Rettilineo;Due carreggiate;Asciutto;Con buche;Verticale ed orizzontale;Nuvoloso;Scarso;Buona;Sufficiente;0;0;0;4;12.6277;41.877;-1;1;Autovettura privata;In marcia / fermata / arresto;Passeggero;M;Illeso;0;;Non accertato;Inesploso
4115392;8;30/11/2018 20:45:00;Strada Urbana;VIA DI TOR BELLA MONACA;in prossimità;;del civico n.;349;;Veicolo in marcia contro ostacolo accidentale;Rettilineo;Due carreggiate;Asciutto;Con buche;Verticale ed orizzontale;Nuvoloso;Scarso;Buona;Sufficiente;0;0;0;4;12.6277;41.877;-1;1;Autovettura privata;In marcia / fermata / arresto;Passeggero;F;Illeso;0;;Non accertato;Inesploso
4115395;8;30/11/2018 23:20:00;Strada Urbana;VIALE DEI ROMANISTI;in corrispondenza;;del civico n.;110;;Scontro laterale fra veicoli in marcia;Rettilineo;Due carreggiate;Bagnato (umidità in atto);Asfaltata;Verticale ed orizzontale;Nuvoloso;Scarso;Sufficiente;Sufficiente;5;0;0;0;12.5779;41.8673;-1;1;Autovettura privata;In marcia / fermata / arresto;Conducente;M;Ricoverato;0;NON DECEDUTO;Non accertato;Inesploso
4115395;8;30/11/2018 23:20:00;Strada Urbana;VIALE DEI ROMANISTI;in corrispondenza;;del civico n.;110;;Scontro laterale fra veicoli in marcia;Rettilineo;Due carreggiate;Bagnato (umidità in atto);Asfaltata;Verticale ed orizzontale;Nuvoloso;Scarso;Sufficiente;Sufficiente;5;0;0;0;12.5779;41.8673;-1;1;Autovettura privata;In marcia / fermata / arresto;Passeggero;F;Ricoverato;0;NON DECEDUTO;Non accertato;Esploso
4115395;8;30/11/2018 23:20:00;Strada Urbana;VIALE DEI ROMANISTI;in corrispondenza;;del civico n.;110;;Scontro laterale fra veicoli in marcia;Rettilineo;Due carreggiate;Bagnato (umidità in atto);Asfaltata;Verticale ed orizzontale;Nuvoloso;Scarso;Sufficiente;Sufficiente;5;0;0;0;12.5779;41.8673;-1;2;Autovettura privata;In marcia / fermata / arresto;Conducente;F;Rifiuta cure immediate;0;NON DECEDUTO;;
4115395;8;30/11/2018 23:20:00;Strada Urbana;VIALE DEI ROMANISTI;in corrispondenza;;del civico n.;110;;Scontro laterale fra veicoli in marcia;Rettilineo;Due carreggiate;Bagnato (umidità in atto);Asfaltata;Verticale ed orizzontale;Nuvoloso;Scarso;Sufficiente;Sufficiente;5;0;0;0;12.5779;41.8673;-1;2;Autovettura privata;In marcia / fermata / arresto;Passeggero;M;Rifiuta cure immediate;0;NON DECEDUTO;Non accertato;Inesploso
4115397;11;30/11/2018 15:30:00;Strada Urbana;VIALE PICO DELLA MIRANDOLA;all'intersezione con;VIA AUGUSTO VERA;VIA AUGUSTO VERA;;;Scontro frontale/laterale DX fra veicoli in marcia;Intersezione stradale segnalata;Due carreggiate;Asciutto;Asfaltata;Verticale ed orizzontale;Nuvoloso;Scarso;Buona;Ore Diurne;1;0;0;1;12.4862;41.8462;-1;1;Autovettura privata;In marcia / fermata / arresto;Conducente;M;Illeso;0;;Non accertato;
4115397;11;30/11/2018 15:30:00;Strada Urbana;VIALE PICO DELLA MIRANDOLA;all'intersezione con;VIA AUGUSTO VERA;VIA AUGUSTO VERA;;;Scontro frontale/laterale DX fra veicoli in marcia;Intersezione stradale segnalata;Due carreggiate;Asciutto;Asfaltata;Verticale ed orizzontale;Nuvoloso;Scarso;Buona;Ore Diurne;1;0;0;1;12.4862;41.8462;-1;2;Motociclo a solo;In marcia / fermata / arresto;Conducente;M;Rimandato;0;NON DECEDUTO;;
4115404;11;30/11/2018 19:00:00;Strada Urbana;VIA CRISTOFORO COLOMBO;in prossimità;;del civico n.;324;;Tamponamento Multiplo;Rettilineo;Più di due carreggiate;Asciutto;Asfaltata;Verticale ed orizzontale;Sereno;Normale;Sufficiente;Sufficiente;1;0;0;2;12.479;41.8462;-1;1;Autovettura privata;In marcia / fermata / arresto;Conducente;F;Illeso;0;;;
4115404;11;30/11/2018 19:00:00;Strada Urbana;VIA CRISTOFORO COLOMBO;in prossimità;;del civico n.;324;;Tamponamento Multiplo;Rettilineo;Più di due carreggiate;Asciutto;Asfaltata;Verticale ed orizzontale;Sereno;Normale;Sufficiente;Sufficiente;1;0;0;2;12.479;41.8462;-1;2;Autovettura privata;In marcia / fermata / arresto;Conducente;M;Rimandato;0;NON DECEDUTO;;
4115404;11;30/11/2018 19:00:00;Strada Urbana;VIA CRISTOFORO COLOMBO;in prossimità;;del civico n.;324;;Tamponamento Multiplo;Rettilineo;Più di due carreggiate;Asciutto;Asfaltata;Verticale ed orizzontale;Sereno;Normale;Sufficiente;Sufficiente;1;0;0;2;12.479;41.8462;-1;3;Autovettura privata;In marcia / fermata / arresto;Conducente;F;Illeso;0;;;
4115422;11;30/11/2018 19:00:00;Strada Urbana;VIALE GUGLIELMO MASSAIA;da specificare;;;;altezza fermata bus Massaia n. 74616;Investimento di pedone;Rettilineo;Una carreggiata a doppio senso;Bagnato (pioggia);Asfaltata;Verticale ed orizzontale;Nuvoloso;Scarso;Buona;Sufficiente;1;0;0;1;12.4926;41.8636;-1;;;;Pedone;M;Rimandato;0;NON DECEDUTO;;
4115422;11;30/11/2018 19:00:00;Strada Urbana;VIALE GUGLIELMO MASSAIA;da specificare;;;;altezza fermata bus Massaia n. 74616;Investimento di pedone;Rettilineo;Una carreggiata a doppio senso;Bagnato (pioggia);Asfaltata;Verticale ed orizzontale;Nuvoloso;Scarso;Buona;Sufficiente;1;0;0;1;12.4926;41.8636;-1;1;Autovettura privata;In marcia / fermata / arresto;Conducente;M;Illeso;0;;;
4115423;20;30/11/2018 18:00:00;Provinciale;VIA TIBERINA;in prossimità;;della chilometrica;7;;Scontro laterale fra veicoli in marcia;Rettilineo;Una carreggiata a doppio senso;Bagnato (pioggia);Asfaltata;Orizzontale;Pioggia in atto;Normale;Insufficiente;Inesistente;1;0;0;1;12.5051;42.0262;-1;1;Autovettura privata;In marcia / fermata / arresto;Conducente;F;Rimandato;0;NON DECEDUTO;Non accertato;Esploso
4115423;20;30/11/2018 18:00:00;Provinciale;VIA TIBERINA;in prossimità;;della chilometrica;7;;Scontro laterale fra veicoli in marcia;Rettilineo;Una carreggiata a doppio senso;Bagnato (pioggia);Asfaltata;Orizzontale;Pioggia in atto;Normale;Insufficiente;Inesistente;1;0;0;1;12.5051;42.0262;-1;2;Autocarro inferiore 35 q.;In marcia / fermata / arresto;Conducente;M;Illeso;0;;Non accertato;Inesistente
4115451;7;30/11/2018 19:00:00;Strada Urbana;VIA COLLATINA;all'intersezione con;VIA EMILIO LONGONI;VIA EMILIO LONGONI;;;Scontro frontale fra veicoli in marcia;Incrocio;Una carreggiata a doppio senso;Bagnato (pioggia);Asfaltata;Verticale ed orizzontale;Nuvoloso;Normale;Sufficiente;Sufficiente;0;0;0;4;12.6023;41.9048;-1;1;Autovettura privata;In marcia / fermata / arresto;Conducente;M;Illeso;0;;Non accertato;Inesploso
4115451;7;30/11/2018 19:00:00;Strada Urbana;VIA COLLATINA;all'intersezione con;VIA EMILIO LONGONI;VIA EMILIO LONGONI;;;Scontro frontale fra veicoli in marcia;Incrocio;Una carreggiata a doppio senso;Bagnato (pioggia);Asfaltata;Verticale ed orizzontale;Nuvoloso;Normale;Sufficiente;Sufficiente;0;0;0;4;12.6023;41.9048;-1;1;Autovettura privata;In marcia / fermata / arresto;Passeggero;F;Illeso;0;;Non utilizzato;Inesploso
4115451;7;30/11/2018 19:00:00;Strada Urbana;VIA COLLATINA;all'intersezione con;VIA EMILIO LONGONI;VIA EMILIO LONGONI;;;Scontro frontale fra veicoli in marcia;Incrocio;Una carreggiata a doppio senso;Bagnato (pioggia);Asfaltata;Verticale ed orizzontale;Nuvoloso;Normale;Sufficiente;Sufficiente;0;0;0;4;12.6023;41.9048;-1;1;Autovettura privata;In marcia / fermata / arresto;Passeggero;F;Illeso;0;;Non accertato;Inesploso
4115451;7;30/11/2018 19:00:00;Strada Urbana;VIA COLLATINA;all'intersezione con;VIA EMILIO LONGONI;VIA EMILIO LONGONI;;;Scontro frontale fra veicoli in marcia;Incrocio;Una carreggiata a doppio senso;Bagnato (pioggia);Asfaltata;Verticale ed orizzontale;Nuvoloso;Normale;Sufficiente;Sufficiente;0;0;0;4;12.6023;41.9048;-1;2;Autovettura privata;In marcia / fermata / arresto;Conducente;M;Illeso;0;;Non accertato;Inesploso
4115452;1;26/11/2018 10:20:00;Strada Urbana;PIAZZA DELLA BOCCA DELLA VERITA';da specificare;;;;SNC;Infortunio per sola frenata improvvisa;Rettilineo;Una carreggiata a senso unico di marcia;Bagnato (umidità in atto);Acciotolata;Assente;Nuvoloso;Scarso;Buona;Ore Diurne;1;0;0;0;;;0;1;Motociclo a solo;In marcia / fermata / arresto;Conducente;M;Rimandato;0;NON DECEDUTO;;
4115458;17;30/11/2018 17:45:00;Strada Urbana;VIA GIOVANNI VITELLESCHI;in prossimità;;del civico n.;15/17;;Scontro laterale fra veicoli in marcia;Rettilineo;Una carreggiata a senso unico di marcia;Bagnato (pioggia);Asfaltata;Verticale ed orizzontale;Pioggia in atto;Intenso;Sufficiente;Sufficiente;0;0;0;3;12.4625;41.9044;-1;1;Autovettura privata;In marcia / fermata / arresto;Conducente;M;Illeso;0;;;
4115458;17;30/11/2018 17:45:00;Strada Urbana;VIA GIOVANNI VITELLESCHI;in prossimità;;del civico n.;15/17;;Scontro laterale fra veicoli in marcia;Rettilineo;Una carreggiata a senso unico di marcia;Bagnato (pioggia);Asfaltata;Verticale ed orizzontale;Pioggia in atto;Intenso;Sufficiente;Sufficiente;0;0;0;3;12.4625;41.9044;-1;1;Autovettura privata;In marcia / fermata / arresto;Passeggero;F;Illeso;0;;;
4115458;17;30/11/2018 17:45:00;Strada Urbana;VIA GIOVANNI VITELLESCHI;in prossimità;;del civico n.;15/17;;Scontro laterale fra veicoli in marcia;Rettilineo;Una carreggiata a senso unico di marcia;Bagnato (pioggia);Asfaltata;Verticale ed orizzontale;Pioggia in atto;Intenso;Sufficiente;Sufficiente;0;0;0;3;12.4625;41.9044;-1;2;Autovettura privata;In marcia / fermata / arresto;Conducente;F;Illeso;0;;;
4115490;1;29/11/2018 14:00:00;Strada Urbana;VIA DELL'AMBA ARADAM;all'intersezione con;VIA DEI VALERI;VIA DEI VALERI;;;Scontro frontale/laterale DX fra veicoli in marcia;Incrocio;Una carreggiata a doppio senso;Asciutto;Asfaltata;Verticale ed orizzontale;Sereno;Normale;Buona;Ore Diurne;1;0;0;1;12.4994;41.8832;-1;1;Autovettura privata;In marcia / fermata / arresto;Conducente;F;Illeso;0;;Non accertato;Inesploso
4115490;1;29/11/2018 14:00:00;Strada Urbana;VIA DELL'AMBA ARADAM;all'intersezione con;VIA DEI VALERI;VIA DEI VALERI;;;Scontro frontale/laterale DX fra veicoli in marcia;Incrocio;Una carreggiata a doppio senso;Asciutto;Asfaltata;Verticale ed orizzontale;Sereno;Normale;Buona;Ore Diurne;1;0;0;1;12.4994;41.8832;-1;2;Motociclo a solo;In marcia / fermata / arresto;Conducente;M;Rimandato;0;NON DECEDUTO;Non accertato;
4115514;17;30/11/2018 22:00:00;Strada Urbana;VIA SABOTINO;all'intersezione con;VIA MONTE SANTO;VIA MONTE SANTO;;;Scontro frontale/laterale DX fra veicoli in marcia;Incrocio;Una carreggiata a doppio senso;Bagnato (pioggia);Asfaltata;Verticale ed orizzontale;Nuvoloso;Normale;Sufficiente;Insufficiente;0;0;0;5;12.4602;41.9168;-1;1;Autovettura pubblica;In marcia / fermata / arresto;Conducente;M;Illeso;0;;;
4115514;17;30/11/2018 22:00:00;Strada Urbana;VIA SABOTINO;all'intersezione con;VIA MONTE SANTO;VIA MONTE SANTO;;;Scontro frontale/laterale DX fra veicoli in marcia;Incrocio;Una carreggiata a doppio senso;Bagnato (pioggia);Asfaltata;Verticale ed orizzontale;Nuvoloso;Normale;Sufficiente;Insufficiente;0;0;0;5;12.4602;41.9168;-1;1;Autovettura pubblica;In marcia / fermata / arresto;Passeggero;M;Illeso;0;;;
4115514;17;30/11/2018 22:00:00;Strada Urbana;VIA SABOTINO;all'intersezione con;VIA MONTE SANTO;VIA MONTE SANTO;;;Scontro frontale/laterale DX fra veicoli in marcia;Incrocio;Una carreggiata a doppio senso;Bagnato (pioggia);Asfaltata;Verticale ed orizzontale;Nuvoloso;Normale;Sufficiente;Insufficiente;0;0;0;5;12.4602;41.9168;-1;2;Autovettura privata;In marcia / fermata / arresto;Conducente;M;Illeso;0;;;
4115514;17;30/11/2018 22:00:00;Strada Urbana;VIA SABOTINO;all'intersezione con;VIA MONTE SANTO;VIA MONTE SANTO;;;Scontro frontale/laterale DX fra veicoli in marcia;Incrocio;Una carreggiata a doppio senso;Bagnato (pioggia);Asfaltata;Verticale ed orizzontale;Nuvoloso;Normale;Sufficiente;Insufficiente;0;0;0;5;12.4602;41.9168;-1;3;Autovettura privata;In marcia / fermata / arresto;Conducente;M;Illeso;0;;;
4115514;17;30/11/2018 22:00:00;Strada Urbana;VIA SABOTINO;all'intersezione con;VIA MONTE SANTO;VIA MONTE SANTO;;;Scontro frontale/laterale DX fra veicoli in marcia;Incrocio;Una carreggiata a doppio senso;Bagnato (pioggia);Asfaltata;Verticale ed orizzontale;Nuvoloso;Normale;Sufficiente;Insufficiente;0;0;0;5;12.4602;41.9168;-1;3;Autovettura privata;In marcia / fermata / arresto;Passeggero;M;Illeso;0;;;
4115536;1;30/11/2018 17:55:00;Strada Urbana;PIAZZA VENEZIA;da specificare;;;;ALT. PZA S. MARCO;Infortunio per sola frenata improvvisa;Curva a visuale libera;Una carreggiata a doppio senso;Bagnato (pioggia);In cubetti di porfido;Verticale ed orizzontale;Pioggia in atto;Normale;Sufficiente;Sufficiente;1;0;0;0;12.4826;41.8958;-1;1;Motociclo a solo;In marcia / fermata / arresto;Conducente;M;Ricoverato;0;NON DECEDUTO;;
4115564;15;30/11/2018 16:05:00;Strada Urbana;VIA DELLA MAGLIANA;in prossimità;;del civico n.;422;;Scontro laterale fra veicoli in marcia;Rettilineo;Una carreggiata a doppio senso;Asciutto;Asfaltata;Orizzontale;Nuvoloso;Intenso;Buona;Ore Diurne;0;0;0;3;12.4461;41.8337;-1;1;Autovettura privata;In marcia / fermata / arresto;Conducente;M;Illeso;0;;Utilizzato;Inesploso
4115564;15;30/11/2018 16:05:00;Strada Urbana;VIA DELLA MAGLIANA;in prossimità;;del civico n.;422;;Scontro laterale fra veicoli in marcia;Rettilineo;Una carreggiata a doppio senso;Asciutto;Asfaltata;Orizzontale;Nuvoloso;Intenso;Buona;Ore Diurne;0;0;0;3;12.4461;41.8337;-1;2;Autocarro inferiore 35 q.;In marcia / fermata / arresto;Conducente;M;Illeso;0;;Utilizzato;Inesploso
4115564;15;30/11/2018 16:05:00;Strada Urbana;VIA DELLA MAGLIANA;in prossimità;;del civico n.;422;;Scontro laterale fra veicoli in marcia;Rettilineo;Una carreggiata a doppio senso;Asciutto;Asfaltata;Orizzontale;Nuvoloso;Intenso;Buona;Ore Diurne;0;0;0;3;12.4461;41.8337;-1;2;Autocarro inferiore 35 q.;In marcia / fermata / arresto;Passeggero;M;Illeso;0;;Utilizzato;Inesploso
4115576;15;30/11/2018 18:25:00;Strada Urbana;VIA PORTUENSE;da specificare;;;;FRONTE CIVICO 1487;Investimento di pedone;Rettilineo;Una carreggiata a doppio senso;Bagnato (umidità in atto);Asfaltata;Verticale ed orizzontale;Nuvoloso;Intenso;Sufficiente;Sufficiente;1;0;0;1;12.414;41.8469;-1;;;;Pedone;M;Rimandato;0;NON DECEDUTO;;
4115576;15;30/11/2018 18:25:00;Strada Urbana;VIA PORTUENSE;da specificare;;;;FRONTE CIVICO 1487;Investimento di pedone;Rettilineo;Una carreggiata a doppio senso;Bagnato (umidità in atto);Asfaltata;Verticale ed orizzontale;Nuvoloso;Intenso;Sufficiente;Sufficiente;1;0;0;1;12.414;41.8469;-1;1;Autovettura privata;In marcia / fermata / arresto;Conducente;F;Illeso;0;;Non accertato;Inesploso
4115584;15;30/11/2018 22:50:00;Strada Urbana;VIA DI BRAVETTA;in corrispondenza;;del civico n.;146;;Scontro frontale/laterale DX fra veicoli in marcia;Rettilineo;Una carreggiata a doppio senso;Bagnato (umidità in atto);Asfaltata;Orizzontale;Nuvoloso;Scarso;Sufficiente;Sufficiente;0;0;0;3;12.4239;41.8841;-1;1;Autovettura privata;In marcia / fermata / arresto;Conducente;M;Illeso;0;;Utilizzato;Inesploso
4115584;15;30/11/2018 22:50:00;Strada Urbana;VIA DI BRAVETTA;in corrispondenza;;del civico n.;146;;Scontro frontale/laterale DX fra veicoli in marcia;Rettilineo;Una carreggiata a doppio senso;Bagnato (umidità in atto);Asfaltata;Orizzontale;Nuvoloso;Scarso;Sufficiente;Sufficiente;0;0;0;3;12.4239;41.8841;-1;1;Autovettura privata;In marcia / fermata / arresto;Passeggero;F;Illeso;0;;Utilizzato;Inesploso
4115584;15;30/11/2018 22:50:00;Strada Urbana;VIA DI BRAVETTA;in corrispondenza;;del civico n.;146;;Scontro frontale/laterale DX fra veicoli in marcia;Rettilineo;Una carreggiata a doppio senso;Bagnato (umidità in atto);Asfaltata;Orizzontale;Nuvoloso;Scarso;Sufficiente;Sufficiente;0;0;0;3;12.4239;41.8841;-1;2;Motociclo a solo;In marcia / fermata / arresto;Conducente;M;Illeso;0;;Utilizzato;
4115600;1;30/11/2018 08:15:00;Strada Urbana;CORSO VITTORIO EMANUELE II;all'intersezione semaforizzata con;VIA DEI CIMATORI;VIA DEI CIMATORI;;;Scontro laterale fra veicoli in marcia;Intersezione semaforizzata;Una carreggiata a doppio senso;Asciutto;Asfaltata;Verticale ed orizzontale;Nuvoloso;Normale;Buona;Ore Diurne;1;0;0;1;12.4665;41.8995;-1;1;Motociclo a solo;In marcia / fermata / arresto;Conducente;M;Rifiuta cure immediate;0;NON DECEDUTO;Non accertato;
4115600;1;30/11/2018 08:15:00;Strada Urbana;CORSO VITTORIO EMANUELE II;all'intersezione semaforizzata con;VIA DEI CIMATORI;VIA DEI CIMATORI;;;Scontro laterale fra veicoli in marcia;Intersezione semaforizzata;Una carreggiata a doppio senso;Asciutto;Asfaltata;Verticale ed orizzontale;Nuvoloso;Normale;Buona;Ore Diurne;1;0;0;1;12.4665;41.8995;-1;2;Autocarro inferiore 35 q.;In marcia / fermata / arresto;Conducente;M;Illeso;0;;Non accertato;Inesploso
4115667;1;30/11/2018 12:15:00;Strada Urbana;VIA SEBASTIANO GRANDIS;all'intersezione con;VIA ELENIANA;VIA ELENIANA;;;Scontro frontale/laterale DX fra veicoli in marcia;Intersezione stradale segnalata;Una carreggiata a senso unico di marcia;Asciutto;Asfaltata;Verticale ed orizzontale;Sereno;Normale;Buona;Ore Diurne;1;0;0;2;12.5141;41.8891;-1;1;Autocarro superiore 35 q.;In marcia / fermata / arresto;Conducente;M;Illeso;0;;;
4115667;1;30/11/2018 12:15:00;Strada Urbana;VIA SEBASTIANO GRANDIS;all'intersezione con;VIA ELENIANA;VIA ELENIANA;;;Scontro frontale/laterale DX fra veicoli in marcia;Intersezione stradale segnalata;Una carreggiata a senso unico di marcia;Asciutto;Asfaltata;Verticale ed orizzontale;Sereno;Normale;Buona;Ore Diurne;1;0;0;2;12.5141;41.8891;-1;2;Motociclo con passeggero;In marcia / fermata / arresto;Conducente;F;Rimandato;0;NON DECEDUTO;;
4115667;1;30/11/2018 12:15:00;Strada Urbana;VIA SEBASTIANO GRANDIS;all'intersezione con;VIA ELENIANA;VIA ELENIANA;;;Scontro frontale/laterale DX fra veicoli in marcia;Intersezione stradale segnalata;Una carreggiata a senso unico di marcia;Asciutto;Asfaltata;Verticale ed orizzontale;Sereno;Normale;Buona;Ore Diurne;1;0;0;2;12.5141;41.8891;-1;2;Motociclo con passeggero;In marcia / fermata / arresto;Passeggero;F;Illeso;0;;;